t=0.250000 node=coord event=coord_start gen=1 boot=0 dead_after=5.0006
t=0.250000 node=coord event=coord_recovered jobs=0
t=0.256547 node=coord event=worker_registered worker=worker-3 epoch=1 boot=0 reg_seq=1
t=0.258860 node=coord event=worker_registered worker=worker-1 epoch=1 boot=0 reg_seq=1
t=0.262479 node=coord event=worker_registered worker=worker-2 epoch=1 boot=0 reg_seq=1
t=0.267976 node=coord event=worker_registered worker=worker-4 epoch=1 boot=0 reg_seq=1
t=1.864041 node=coord event=job_accepted job=A:a0 shards=3 records=64 units=1
t=1.864041 node=coord event=job_state job=A:a0 attempt=1 old=PENDING new=MAPPING reason=submitted
t=1.864041 node=coord event=attempt_start job=A:a0 attempt=1 max_attempts=3
t=1.864041 node=coord event=job_scheduled job=A:a0 attempt=1 shards=3 queued=3
t=1.950000 node=coord event=task_dispatch task=A:a0/a1/s0/g1.1 job=A:a0 attempt=1 shard=0 worker=worker-1 epoch=1 speculative=false batch=worker-1/e1/b1
t=1.950000 node=coord event=task_dispatch task=A:a0/a1/s1/g1.2 job=A:a0 attempt=1 shard=1 worker=worker-1 epoch=1 speculative=false batch=worker-1/e1/b1
t=1.950000 node=coord event=task_dispatch task=A:a0/a1/s2/g1.3 job=A:a0 attempt=1 shard=2 worker=worker-1 epoch=1 speculative=false batch=worker-1/e1/b1
t=1.987113 node=coord event=batch_assigned batch=worker-1/e1/b1 worker=worker-1 tasks=3 accepted=3 hb_seq=3
t=3.836184 node=coord event=shard_committed job=A:a0 attempt=1 shard=2 task=A:a0/a1/s2/g1.3 worker=worker-1 speculative=false committed=1 shards=3
t=4.073014 node=coord event=shard_committed job=A:a0 attempt=1 shard=1 task=A:a0/a1/s1/g1.2 worker=worker-1 speculative=false committed=2 shards=3
t=4.234991 node=coord event=job_accepted job=B:b0 shards=6 records=128 units=2
t=4.234991 node=coord event=job_state job=B:b0 attempt=1 old=PENDING new=MAPPING reason=submitted
t=4.234991 node=coord event=attempt_start job=B:b0 attempt=1 max_attempts=3
t=4.234991 node=coord event=job_scheduled job=B:b0 attempt=1 shards=6 queued=6
t=4.250000 node=coord event=task_dispatch task=B:b0/a1/s0/g1.4 job=B:b0 attempt=1 shard=0 worker=worker-2 epoch=1 speculative=false batch=worker-2/e1/b2
t=4.250000 node=coord event=task_dispatch task=B:b0/a1/s1/g1.5 job=B:b0 attempt=1 shard=1 worker=worker-2 epoch=1 speculative=false batch=worker-2/e1/b2
t=4.250000 node=coord event=task_dispatch task=B:b0/a1/s2/g1.6 job=B:b0 attempt=1 shard=2 worker=worker-2 epoch=1 speculative=false batch=worker-2/e1/b2
t=4.250000 node=coord event=task_dispatch task=B:b0/a1/s3/g1.7 job=B:b0 attempt=1 shard=3 worker=worker-3 epoch=1 speculative=false batch=worker-3/e1/b3
t=4.250000 node=coord event=task_dispatch task=B:b0/a1/s4/g1.8 job=B:b0 attempt=1 shard=4 worker=worker-3 epoch=1 speculative=false batch=worker-3/e1/b3
t=4.250000 node=coord event=task_dispatch task=B:b0/a1/s5/g1.9 job=B:b0 attempt=1 shard=5 worker=worker-3 epoch=1 speculative=false batch=worker-3/e1/b3
t=4.265775 node=coord event=batch_assigned batch=worker-2/e1/b2 worker=worker-2 tasks=3 accepted=3 hb_seq=7
t=4.268207 node=coord event=batch_assigned batch=worker-3/e1/b3 worker=worker-3 tasks=3 accepted=3 hb_seq=7
t=4.834439 node=coord event=job_accepted job=A:a1 shards=3 records=64 units=1
t=4.834439 node=coord event=job_state job=A:a1 attempt=1 old=PENDING new=MAPPING reason=submitted
t=4.834439 node=coord event=attempt_start job=A:a1 attempt=1 max_attempts=3
t=4.834439 node=coord event=job_scheduled job=A:a1 attempt=1 shards=3 queued=3
t=4.850000 node=coord event=task_dispatch task=A:a1/a1/s0/g1.10 job=A:a1 attempt=1 shard=0 worker=worker-4 epoch=1 speculative=false batch=worker-4/e1/b4
t=4.850000 node=coord event=task_dispatch task=A:a1/a1/s1/g1.11 job=A:a1 attempt=1 shard=1 worker=worker-4 epoch=1 speculative=false batch=worker-4/e1/b4
t=4.850000 node=coord event=task_dispatch task=A:a1/a1/s2/g1.12 job=A:a1 attempt=1 shard=2 worker=worker-4 epoch=1 speculative=false batch=worker-4/e1/b4
t=4.855047 node=coord event=batch_assigned batch=worker-4/e1/b4 worker=worker-4 tasks=3 accepted=3 hb_seq=8
t=5.500000 node=coord event=worker_dead worker=worker-4 epoch=2 reason=heartbeat_timeout silence=5.232024 dead_after=5.0006
t=5.500000 node=coord event=worker_tasks_revoked worker=worker-4 tasks=3 reason=worker_dead
t=5.500000 node=coord event=task_finished task=A:a1/a1/s0/g1.10 worker=worker-4 state=revoked outcome=worker_dead
t=5.500000 node=coord event=shard_requeued job=A:a1 attempt=1 shard=0 failures=0
t=5.500000 node=coord event=task_finished task=A:a1/a1/s1/g1.11 worker=worker-4 state=revoked outcome=worker_dead
t=5.500000 node=coord event=shard_requeued job=A:a1 attempt=1 shard=1 failures=0
t=5.500000 node=coord event=task_finished task=A:a1/a1/s2/g1.12 worker=worker-4 state=revoked outcome=worker_dead
t=5.500000 node=coord event=shard_requeued job=A:a1 attempt=1 shard=2 failures=0
t=5.624436 node=coord event=shard_committed job=A:a0 attempt=1 shard=0 task=A:a0/a1/s0/g1.1 worker=worker-1 speculative=false committed=3 shards=3
t=5.624436 node=coord event=job_state job=A:a0 attempt=1 old=MAPPING new=REDUCING reason=null
t=5.624436 node=coord event=task_finished task=A:a0/a1/s0/g1.1 worker=worker-1 state=revoked outcome=map_complete
t=5.624436 node=coord event=task_finished task=A:a0/a1/s1/g1.2 worker=worker-1 state=revoked outcome=map_complete
t=5.624436 node=coord event=task_finished task=A:a0/a1/s2/g1.3 worker=worker-1 state=revoked outcome=map_complete
t=5.624436 node=coord event=reduce_submit job=A:a0 attempt=1 op_id=reduce/A:a0/a1/r0 inputs=3
t=5.632330 node=coord event=gpu_submit_retry op_id=reduce/A:a0/a1/r0 code=CAPACITY attempt=1 backoff=0.25
t=5.650000 node=coord event=task_dispatch task=A:a1/a1/s0/g1.13 job=A:a1 attempt=1 shard=0 worker=worker-1 epoch=1 speculative=false batch=worker-1/e1/b5
t=5.650000 node=coord event=task_dispatch task=A:a1/a1/s1/g1.14 job=A:a1 attempt=1 shard=1 worker=worker-1 epoch=1 speculative=false batch=worker-1/e1/b5
t=5.650000 node=coord event=task_dispatch task=A:a1/a1/s2/g1.15 job=A:a1 attempt=1 shard=2 worker=worker-1 epoch=1 speculative=false batch=worker-1/e1/b5
t=5.655896 node=coord event=batch_assigned batch=worker-1/e1/b5 worker=worker-1 tasks=3 accepted=3 hb_seq=10
t=5.886004 node=coord event=gpu_submit_retry op_id=reduce/A:a0/a1/r0 code=CAPACITY attempt=2 backoff=0.5
t=5.886569 node=coord event=worker_registered worker=worker-4 epoch=3 boot=0 reg_seq=2
t=5.919104 node=coord event=batch_report batch=worker-1/e1/b1 worker=worker-1 tasks=3 failed=0
t=6.387374 node=coord event=gpu_submit op_id=reduce/A:a0/a1/r0 units=1 attempt=3 state=PENDING
t=7.166485 node=coord event=shard_committed job=B:b0 attempt=1 shard=3 task=B:b0/a1/s3/g1.7 worker=worker-3 speculative=false committed=1 shards=6
t=7.219384 node=coord event=shard_committed job=B:b0 attempt=1 shard=2 task=B:b0/a1/s2/g1.6 worker=worker-2 speculative=false committed=2 shards=6
t=7.982281 node=coord event=shard_committed job=B:b0 attempt=1 shard=4 task=B:b0/a1/s4/g1.8 worker=worker-3 speculative=false committed=3 shards=6
t=8.010927 node=coord event=shard_committed job=A:a1 attempt=1 shard=2 task=A:a1/a1/s2/g1.15 worker=worker-1 speculative=false committed=1 shards=3
t=8.050000 node=coord event=speculation_launch job=B:b0 attempt=1 shard=0 straggler=B:b0/a1/s0/g1.4 worker=worker-4 elapsed=3.8 straggler_after=3.5
t=8.050000 node=coord event=task_dispatch task=B:b0/a1/s0/g1.16 job=B:b0 attempt=1 shard=0 worker=worker-4 epoch=3 speculative=true batch=worker-4/e3/b6
t=8.050000 node=coord event=speculation_launch job=B:b0 attempt=1 shard=1 straggler=B:b0/a1/s1/g1.5 worker=worker-4 elapsed=3.8 straggler_after=3.5
t=8.050000 node=coord event=task_dispatch task=B:b0/a1/s1/g1.17 job=B:b0 attempt=1 shard=1 worker=worker-4 epoch=3 speculative=true batch=worker-4/e3/b7
t=8.050000 node=coord event=speculation_launch job=B:b0 attempt=1 shard=5 straggler=B:b0/a1/s5/g1.9 worker=worker-4 elapsed=3.8 straggler_after=3.5
t=8.050000 node=coord event=task_dispatch task=B:b0/a1/s5/g1.18 job=B:b0 attempt=1 shard=5 worker=worker-4 epoch=3 speculative=true batch=worker-4/e3/b8
t=8.055642 node=coord event=batch_assigned batch=worker-4/e3/b6 worker=worker-4 tasks=1 accepted=1 hb_seq=15
t=8.058436 node=coord event=batch_assigned batch=worker-4/e3/b7 worker=worker-4 tasks=1 accepted=1 hb_seq=15
t=8.202785 node=coord event=job_accepted job=A:a2 shards=3 records=64 units=1
t=8.202785 node=coord event=job_state job=A:a2 attempt=1 old=PENDING new=MAPPING reason=submitted
t=8.202785 node=coord event=attempt_start job=A:a2 attempt=1 max_attempts=3
t=8.202785 node=coord event=job_scheduled job=A:a2 attempt=1 shards=3 queued=3
t=8.399207 node=coord event=shard_committed job=B:b0 attempt=1 shard=0 task=B:b0/a1/s0/g1.4 worker=worker-2 speculative=false committed=4 shards=6
t=8.399207 node=coord event=task_abort_request job=B:b0 shard=0 worker=worker-4 tasks=1 reason=shard_committed
t=8.483796 node=coord event=shard_committed job=B:b0 attempt=1 shard=1 task=B:b0/a1/s1/g1.5 worker=worker-2 speculative=false committed=5 shards=6
t=8.483796 node=coord event=task_abort_request job=B:b0 shard=1 worker=worker-4 tasks=1 reason=shard_committed
t=8.550000 node=coord event=batch_assign_retry batch=worker-4/e3/b8 worker=worker-4 attempt=1
t=8.572308 node=coord event=batch_assigned batch=worker-4/e3/b8 worker=worker-4 tasks=1 accepted=1 hb_seq=16
t=8.741156 node=coord event=task_finished task=B:b0/a1/s0/g1.4 worker=worker-2 state=done outcome=committed
t=8.741156 node=coord event=task_finished task=B:b0/a1/s1/g1.5 worker=worker-2 state=done outcome=committed
t=8.741156 node=coord event=task_finished task=B:b0/a1/s2/g1.6 worker=worker-2 state=done outcome=committed
t=8.741156 node=coord event=batch_report batch=worker-2/e1/b2 worker=worker-2 tasks=3 failed=0
t=8.750000 node=coord event=task_dispatch task=A:a2/a1/s0/g1.19 job=A:a2 attempt=1 shard=0 worker=worker-2 epoch=1 speculative=false batch=worker-2/e1/b9
t=8.750000 node=coord event=task_dispatch task=A:a2/a1/s1/g1.20 job=A:a2 attempt=1 shard=1 worker=worker-2 epoch=1 speculative=false batch=worker-2/e1/b9
t=8.750000 node=coord event=task_dispatch task=A:a2/a1/s2/g1.21 job=A:a2 attempt=1 shard=2 worker=worker-2 epoch=1 speculative=false batch=worker-2/e1/b9
t=8.774319 node=coord event=batch_assigned batch=worker-2/e1/b9 worker=worker-2 tasks=3 accepted=3 hb_seq=16
t=9.270342 node=coord event=gpu_op_terminal op_id=reduce/A:a0/a1/r0 state=SUCCEEDED
t=9.270342 node=coord event=job_state job=A:a0 attempt=1 old=REDUCING new=SUCCEEDED reason=null
t=9.270342 node=coord event=job_succeeded job=A:a0 attempt=1 op_id=reduce/A:a0/a1/r0 count=192 checksum=6e216f6b252dbb7c
t=9.276129 node=coord event=gpu_release op_id=reduce/A:a0/a1/r0
t=9.526478 node=coord event=gpu_released op_id=reduce/A:a0/a1/r0 via=hint
t=10.448220 node=coord event=shard_committed job=B:b0 attempt=1 shard=5 task=B:b0/a1/s5/g1.18 worker=worker-4 speculative=true committed=6 shards=6
t=10.448220 node=coord event=task_abort_request job=B:b0 shard=5 worker=worker-3 tasks=1 reason=shard_committed
t=10.448220 node=coord event=job_state job=B:b0 attempt=1 old=MAPPING new=REDUCING reason=null
t=10.448220 node=coord event=task_finished task=B:b0/a1/s0/g1.16 worker=worker-4 state=revoked outcome=map_complete
t=10.448220 node=coord event=task_finished task=B:b0/a1/s1/g1.17 worker=worker-4 state=revoked outcome=map_complete
t=10.448220 node=coord event=task_finished task=B:b0/a1/s3/g1.7 worker=worker-3 state=revoked outcome=map_complete
t=10.448220 node=coord event=task_finished task=B:b0/a1/s4/g1.8 worker=worker-3 state=revoked outcome=map_complete
t=10.448220 node=coord event=task_finished task=B:b0/a1/s5/g1.18 worker=worker-4 state=revoked outcome=map_complete
t=10.448220 node=coord event=task_finished task=B:b0/a1/s5/g1.9 worker=worker-3 state=revoked outcome=map_complete
t=10.448220 node=coord event=reduce_submit job=B:b0 attempt=1 op_id=reduce/B:b0/a1/r0 inputs=6
t=10.455223 node=coord event=gpu_submit op_id=reduce/B:b0/a1/r0 units=1 attempt=1 state=PENDING
t=10.531850 node=coord event=batch_report batch=worker-4/e3/b8 worker=worker-4 tasks=1 failed=0
t=10.615745 node=coord event=batch_report batch=worker-3/e1/b3 worker=worker-3 tasks=3 failed=0
t=10.642439 node=coord event=shard_committed job=A:a2 attempt=1 shard=2 task=A:a2/a1/s2/g1.21 worker=worker-2 speculative=false committed=1 shards=3
t=10.796291 node=coord event=batch_report batch=worker-4/e3/b7 worker=worker-4 tasks=1 failed=0
t=10.878092 node=coord event=shard_committed job=A:a2 attempt=1 shard=0 task=A:a2/a1/s0/g1.19 worker=worker-2 speculative=false committed=2 shards=3
t=10.890005 node=coord event=batch_report batch=worker-4/e3/b6 worker=worker-4 tasks=1 failed=0
t=11.000000 node=coord event=worker_dead worker=worker-4 epoch=4 reason=heartbeat_timeout silence=5.113431 dead_after=5.0006
t=11.029017 node=coord event=job_accepted job=A:a3 shards=3 records=64 units=1
t=11.029017 node=coord event=job_state job=A:a3 attempt=1 old=PENDING new=MAPPING reason=submitted
t=11.029017 node=coord event=attempt_start job=A:a3 attempt=1 max_attempts=3
t=11.029017 node=coord event=job_scheduled job=A:a3 attempt=1 shards=3 queued=3
t=11.050000 node=coord event=task_dispatch task=A:a3/a1/s0/g1.22 job=A:a3 attempt=1 shard=0 worker=worker-3 epoch=1 speculative=false batch=worker-3/e1/b10
t=11.050000 node=coord event=task_dispatch task=A:a3/a1/s1/g1.23 job=A:a3 attempt=1 shard=1 worker=worker-3 epoch=1 speculative=false batch=worker-3/e1/b10
t=11.050000 node=coord event=task_dispatch task=A:a3/a1/s2/g1.24 job=A:a3 attempt=1 shard=2 worker=worker-3 epoch=1 speculative=false batch=worker-3/e1/b10
t=11.056892 node=coord event=batch_assigned batch=worker-3/e1/b10 worker=worker-3 tasks=3 accepted=3 hb_seq=21
t=11.483427 node=coord event=worker_registered worker=worker-4 epoch=5 boot=0 reg_seq=3
t=11.750000 node=coord event=speculation_launch job=A:a2 attempt=1 shard=1 straggler=A:a2/a1/s1/g1.20 worker=worker-4 elapsed=3.0 straggler_after=3.0
t=11.750000 node=coord event=task_dispatch task=A:a2/a1/s1/g1.25 job=A:a2 attempt=1 shard=1 worker=worker-4 epoch=5 speculative=true batch=worker-4/e5/b11
t=11.755041 node=coord event=batch_assigned batch=worker-4/e5/b11 worker=worker-4 tasks=1 accepted=1 hb_seq=22
t=11.959295 node=coord event=shard_committed job=A:a2 attempt=1 shard=1 task=A:a2/a1/s1/g1.20 worker=worker-2 speculative=false committed=3 shards=3
t=11.959295 node=coord event=task_abort_request job=A:a2 shard=1 worker=worker-4 tasks=1 reason=shard_committed
t=11.959295 node=coord event=job_state job=A:a2 attempt=1 old=MAPPING new=REDUCING reason=null
t=11.959295 node=coord event=task_finished task=A:a2/a1/s0/g1.19 worker=worker-2 state=revoked outcome=map_complete
t=11.959295 node=coord event=task_finished task=A:a2/a1/s1/g1.20 worker=worker-2 state=revoked outcome=map_complete
t=11.959295 node=coord event=task_finished task=A:a2/a1/s1/g1.25 worker=worker-4 state=revoked outcome=map_complete
t=11.959295 node=coord event=task_finished task=A:a2/a1/s2/g1.21 worker=worker-2 state=revoked outcome=map_complete
t=11.959295 node=coord event=reduce_submit job=A:a2 attempt=1 op_id=reduce/A:a2/a1/r0 inputs=3
t=11.968144 node=coord event=gpu_submit op_id=reduce/A:a2/a1/r0 units=1 attempt=1 state=PENDING
t=12.047074 node=coord event=job_accepted job=B:b1 shards=6 records=128 units=2
t=12.047074 node=coord event=job_state job=B:b1 attempt=1 old=PENDING new=MAPPING reason=submitted
t=12.047074 node=coord event=attempt_start job=B:b1 attempt=1 max_attempts=3
t=12.047074 node=coord event=job_scheduled job=B:b1 attempt=1 shards=6 queued=6
t=12.050000 node=coord event=task_dispatch task=B:b1/a1/s0/g1.26 job=B:b1 attempt=1 shard=0 worker=worker-2 epoch=1 speculative=false batch=worker-2/e1/b12
t=12.050000 node=coord event=task_dispatch task=B:b1/a1/s1/g1.27 job=B:b1 attempt=1 shard=1 worker=worker-2 epoch=1 speculative=false batch=worker-2/e1/b12
t=12.050000 node=coord event=task_dispatch task=B:b1/a1/s2/g1.28 job=B:b1 attempt=1 shard=2 worker=worker-2 epoch=1 speculative=false batch=worker-2/e1/b12
t=12.050000 node=coord event=task_dispatch task=B:b1/a1/s3/g1.29 job=B:b1 attempt=1 shard=3 worker=worker-4 epoch=5 speculative=false batch=worker-4/e5/b13
t=12.050000 node=coord event=task_dispatch task=B:b1/a1/s4/g1.30 job=B:b1 attempt=1 shard=4 worker=worker-4 epoch=5 speculative=false batch=worker-4/e5/b13
t=12.050000 node=coord event=task_dispatch task=B:b1/a1/s5/g1.31 job=B:b1 attempt=1 shard=5 worker=worker-4 epoch=5 speculative=false batch=worker-4/e5/b13
t=12.052000 node=coord event=batch_assigned batch=worker-2/e1/b12 worker=worker-2 tasks=3 accepted=3 hb_seq=23
t=12.055842 node=coord event=batch_assigned batch=worker-4/e5/b13 worker=worker-4 tasks=3 accepted=3 hb_seq=23
t=12.060398 node=coord event=worker_registered worker=worker-1 epoch=2 boot=1 reg_seq=1
t=12.078152 node=coord event=batch_report batch=worker-2/e1/b9 worker=worker-2 tasks=3 failed=0
t=12.159256 node=coord event=batch_report batch=worker-4/e5/b11 worker=worker-4 tasks=1 failed=0
t=12.538448 node=coord event=gpu_op_terminal op_id=reduce/B:b0/a1/r0 state=SUCCEEDED
t=12.538448 node=coord event=job_state job=B:b0 attempt=1 old=REDUCING new=SUCCEEDED reason=null
t=12.538448 node=coord event=job_succeeded job=B:b0 attempt=1 op_id=reduce/B:b0/a1/r0 count=768 checksum=0194d124590621be
t=12.548839 node=coord event=gpu_release op_id=reduce/B:b0/a1/r0
t=12.735158 node=coord event=gpu_released op_id=reduce/B:b0/a1/r0 via=hint
t=12.932902 node=coord event=shard_committed job=A:a3 attempt=1 shard=1 task=A:a3/a1/s1/g1.23 worker=worker-3 speculative=false committed=1 shards=3
t=13.188089 node=coord event=shard_committed job=A:a3 attempt=1 shard=0 task=A:a3/a1/s0/g1.22 worker=worker-3 speculative=false committed=2 shards=3
t=13.503832 node=coord event=gpu_op_terminal op_id=reduce/A:a2/a1/r0 state=SUCCEEDED
t=13.503832 node=coord event=job_state job=A:a2 attempt=1 old=REDUCING new=SUCCEEDED reason=null
t=13.503832 node=coord event=job_succeeded job=A:a2 attempt=1 op_id=reduce/A:a2/a1/r0 count=192 checksum=ee3564b967c5520e
t=13.505542 node=coord event=gpu_release op_id=reduce/A:a2/a1/r0
t=13.674506 node=coord event=gpu_released op_id=reduce/A:a2/a1/r0 via=hint
t=13.694474 node=coord event=job_accepted job=A:a4 shards=3 records=64 units=1
t=13.694474 node=coord event=job_state job=A:a4 attempt=1 old=PENDING new=MAPPING reason=submitted
t=13.694474 node=coord event=attempt_start job=A:a4 attempt=1 max_attempts=3
t=13.694474 node=coord event=job_scheduled job=A:a4 attempt=1 shards=3 queued=3
t=15.008245 node=coord event=shard_committed job=A:a3 attempt=1 shard=2 task=A:a3/a1/s2/g1.24 worker=worker-3 speculative=false committed=3 shards=3
t=15.008245 node=coord event=job_state job=A:a3 attempt=1 old=MAPPING new=REDUCING reason=null
t=15.008245 node=coord event=task_finished task=A:a3/a1/s0/g1.22 worker=worker-3 state=revoked outcome=map_complete
t=15.008245 node=coord event=task_finished task=A:a3/a1/s1/g1.23 worker=worker-3 state=revoked outcome=map_complete
t=15.008245 node=coord event=task_finished task=A:a3/a1/s2/g1.24 worker=worker-3 state=revoked outcome=map_complete
t=15.008245 node=coord event=reduce_submit job=A:a3 attempt=1 op_id=reduce/A:a3/a1/r0 inputs=3
t=15.013885 node=coord event=gpu_submit op_id=reduce/A:a3/a1/r0 units=1 attempt=1 state=PENDING
t=15.050000 node=coord event=task_dispatch task=A:a4/a1/s0/g1.32 job=A:a4 attempt=1 shard=0 worker=worker-3 epoch=1 speculative=false batch=worker-3/e1/b14
t=15.050000 node=coord event=task_dispatch task=A:a4/a1/s1/g1.33 job=A:a4 attempt=1 shard=1 worker=worker-3 epoch=1 speculative=false batch=worker-3/e1/b14
t=15.050000 node=coord event=task_dispatch task=A:a4/a1/s2/g1.34 job=A:a4 attempt=1 shard=2 worker=worker-3 epoch=1 speculative=false batch=worker-3/e1/b14
t=15.078580 node=coord event=batch_assigned batch=worker-3/e1/b14 worker=worker-3 tasks=3 accepted=3 hb_seq=28
t=15.283498 node=coord event=batch_report batch=worker-3/e1/b10 worker=worker-3 tasks=3 failed=0
t=15.400122 node=coord event=shard_committed job=B:b1 attempt=1 shard=3 task=B:b1/a1/s3/g1.29 worker=worker-4 speculative=false committed=1 shards=6
t=15.710204 node=coord event=shard_committed job=B:b1 attempt=1 shard=1 task=B:b1/a1/s1/g1.27 worker=worker-2 speculative=false committed=2 shards=6
t=15.991509 node=coord event=batch_report batch=worker-3/e1/b10 worker=worker-3 tasks=3 failed=0
t=16.284563 node=coord event=shard_committed job=B:b1 attempt=1 shard=0 task=B:b1/a1/s0/g1.26 worker=worker-2 speculative=false committed=3 shards=6
t=16.500000 node=coord event=worker_dead worker=worker-4 epoch=6 reason=heartbeat_timeout silence=5.016573 dead_after=5.0006
t=16.500000 node=coord event=worker_tasks_revoked worker=worker-4 tasks=3 reason=worker_dead
t=16.500000 node=coord event=task_finished task=B:b1/a1/s3/g1.29 worker=worker-4 state=revoked outcome=worker_dead
t=16.500000 node=coord event=task_finished task=B:b1/a1/s4/g1.30 worker=worker-4 state=revoked outcome=worker_dead
t=16.500000 node=coord event=shard_requeued job=B:b1 attempt=1 shard=4 failures=0
t=16.500000 node=coord event=task_finished task=B:b1/a1/s5/g1.31 worker=worker-4 state=revoked outcome=worker_dead
t=16.500000 node=coord event=shard_requeued job=B:b1 attempt=1 shard=5 failures=0
t=16.638650 node=coord event=job_accepted job=A:a5 shards=3 records=64 units=1
t=16.638650 node=coord event=job_state job=A:a5 attempt=1 old=PENDING new=MAPPING reason=submitted
t=16.638650 node=coord event=attempt_start job=A:a5 attempt=1 max_attempts=3
t=16.638650 node=coord event=job_scheduled job=A:a5 attempt=1 shards=3 queued=3
t=17.060599 node=coord event=shard_committed job=B:b1 attempt=1 shard=2 task=B:b1/a1/s2/g1.28 worker=worker-2 speculative=false committed=4 shards=6
t=17.175692 node=coord event=worker_registered worker=worker-4 epoch=7 boot=1 reg_seq=1
t=17.209556 node=coord event=task_finished task=B:b1/a1/s0/g1.26 worker=worker-2 state=done outcome=committed
t=17.209556 node=coord event=task_finished task=B:b1/a1/s1/g1.27 worker=worker-2 state=done outcome=committed
t=17.209556 node=coord event=task_finished task=B:b1/a1/s2/g1.28 worker=worker-2 state=done outcome=committed
t=17.209556 node=coord event=batch_report batch=worker-2/e1/b12 worker=worker-2 tasks=3 failed=0
t=17.250000 node=coord event=worker_dead worker=worker-1 epoch=3 reason=heartbeat_timeout silence=5.189602 dead_after=5.0006
t=17.250000 node=coord event=worker_tasks_revoked worker=worker-1 tasks=3 reason=worker_dead
t=17.250000 node=coord event=task_finished task=A:a1/a1/s0/g1.13 worker=worker-1 state=revoked outcome=worker_dead
t=17.250000 node=coord event=shard_requeued job=A:a1 attempt=1 shard=0 failures=0
t=17.250000 node=coord event=task_finished task=A:a1/a1/s1/g1.14 worker=worker-1 state=revoked outcome=worker_dead
t=17.250000 node=coord event=shard_requeued job=A:a1 attempt=1 shard=1 failures=0
t=17.250000 node=coord event=task_finished task=A:a1/a1/s2/g1.15 worker=worker-1 state=revoked outcome=worker_dead
t=17.250000 node=coord event=task_dispatch task=B:b1/a1/s4/g1.35 job=B:b1 attempt=1 shard=4 worker=worker-2 epoch=1 speculative=false batch=worker-2/e1/b15
t=17.250000 node=coord event=task_dispatch task=B:b1/a1/s5/g1.36 job=B:b1 attempt=1 shard=5 worker=worker-2 epoch=1 speculative=false batch=worker-2/e1/b15
t=17.250000 node=coord event=task_dispatch task=A:a5/a1/s0/g1.37 job=A:a5 attempt=1 shard=0 worker=worker-2 epoch=1 speculative=false batch=worker-2/e1/b15
t=17.250000 node=coord event=task_dispatch task=A:a5/a1/s1/g1.38 job=A:a5 attempt=1 shard=1 worker=worker-4 epoch=7 speculative=false batch=worker-4/e7/b16
t=17.250000 node=coord event=task_dispatch task=A:a5/a1/s2/g1.39 job=A:a5 attempt=1 shard=2 worker=worker-4 epoch=7 speculative=false batch=worker-4/e7/b16
t=17.250000 node=coord event=task_dispatch task=A:a1/a1/s0/g1.40 job=A:a1 attempt=1 shard=0 worker=worker-4 epoch=7 speculative=false batch=worker-4/e7/b16
t=17.251472 node=coord event=batch_assigned batch=worker-4/e7/b16 worker=worker-4 tasks=3 accepted=3 hb_seq=0
t=17.270127 node=coord event=batch_assigned batch=worker-2/e1/b15 worker=worker-2 tasks=3 accepted=3 hb_seq=33
t=17.643693 node=coord event=gpu_op_terminal op_id=reduce/A:a3/a1/r0 state=SUCCEEDED
t=17.643693 node=coord event=job_state job=A:a3 attempt=1 old=REDUCING new=SUCCEEDED reason=null
t=17.643693 node=coord event=job_succeeded job=A:a3 attempt=1 op_id=reduce/A:a3/a1/r0 count=192 checksum=45393b62bafb42bb
t=17.649684 node=coord event=shard_committed job=A:a4 attempt=1 shard=0 task=A:a4/a1/s0/g1.32 worker=worker-3 speculative=false committed=1 shards=3
t=17.651964 node=coord event=gpu_release op_id=reduce/A:a3/a1/r0
t=17.658014 node=coord event=worker_registered worker=worker-1 epoch=4 boot=1 reg_seq=2
t=17.750000 node=coord event=task_dispatch task=A:a1/a1/s1/g1.41 job=A:a1 attempt=1 shard=1 worker=worker-1 epoch=4 speculative=false batch=worker-1/e4/b17
t=17.752798 node=coord event=batch_assigned batch=worker-1/e4/b17 worker=worker-1 tasks=1 accepted=1 hb_seq=11
t=17.822685 node=coord event=gpu_released op_id=reduce/A:a3/a1/r0 via=hint
t=18.723257 node=coord event=shard_committed job=A:a4 attempt=1 shard=2 task=A:a4/a1/s2/g1.34 worker=worker-3 speculative=false committed=2 shards=3
t=18.750000 node=coord event=speculation_launch job=A:a4 attempt=1 shard=1 straggler=A:a4/a1/s1/g1.33 worker=worker-1 elapsed=3.7 straggler_after=3.0
t=18.750000 node=coord event=task_dispatch task=A:a4/a1/s1/g1.42 job=A:a4 attempt=1 shard=1 worker=worker-1 epoch=4 speculative=true batch=worker-1/e4/b18
t=18.757605 node=coord event=batch_assigned batch=worker-1/e4/b18 worker=worker-1 tasks=1 accepted=1 hb_seq=13
t=18.860081 node=coord event=job_accepted job=B:b2 shards=6 records=128 units=2
t=18.860081 node=coord event=job_state job=B:b2 attempt=1 old=PENDING new=MAPPING reason=submitted
t=18.860081 node=coord event=attempt_start job=B:b2 attempt=1 max_attempts=3
t=18.860081 node=coord event=job_scheduled job=B:b2 attempt=1 shards=6 queued=6
t=18.950000 node=coord event=task_dispatch task=B:b2/a1/s0/g1.43 job=B:b2 attempt=1 shard=0 worker=worker-1 epoch=4 speculative=false batch=worker-1/e4/b19
t=18.957175 node=coord event=batch_assigned batch=worker-1/e4/b19 worker=worker-1 tasks=1 accepted=1 hb_seq=13
t=19.077837 node=coord event=shard_committed job=A:a5 attempt=1 shard=2 task=A:a5/a1/s2/g1.39 worker=worker-4 speculative=false committed=1 shards=3
t=19.344193 node=coord event=job_accepted job=A:a6 shards=3 records=64 units=1
t=19.344193 node=coord event=job_state job=A:a6 attempt=1 old=PENDING new=MAPPING reason=submitted
t=19.344193 node=coord event=attempt_start job=A:a6 attempt=1 max_attempts=3
t=19.344193 node=coord event=job_scheduled job=A:a6 attempt=1 shards=3 queued=3
t=19.938952 node=coord event=shard_committed job=A:a4 attempt=1 shard=1 task=A:a4/a1/s1/g1.33 worker=worker-3 speculative=false committed=3 shards=3
t=19.938952 node=coord event=task_abort_request job=A:a4 shard=1 worker=worker-1 tasks=1 reason=shard_committed
t=19.938952 node=coord event=job_state job=A:a4 attempt=1 old=MAPPING new=REDUCING reason=null
t=19.938952 node=coord event=task_finished task=A:a4/a1/s0/g1.32 worker=worker-3 state=revoked outcome=map_complete
t=19.938952 node=coord event=task_finished task=A:a4/a1/s1/g1.33 worker=worker-3 state=revoked outcome=map_complete
t=19.938952 node=coord event=task_finished task=A:a4/a1/s1/g1.42 worker=worker-1 state=revoked outcome=map_complete
t=19.938952 node=coord event=task_finished task=A:a4/a1/s2/g1.34 worker=worker-3 state=revoked outcome=map_complete
t=19.938952 node=coord event=reduce_submit job=A:a4 attempt=1 op_id=reduce/A:a4/a1/r0 inputs=3
t=19.950000 node=coord event=task_dispatch task=B:b2/a1/s1/g1.44 job=B:b2 attempt=1 shard=1 worker=worker-3 epoch=1 speculative=false batch=worker-3/e1/b20
t=19.950000 node=coord event=task_dispatch task=B:b2/a1/s2/g1.45 job=B:b2 attempt=1 shard=2 worker=worker-3 epoch=1 speculative=false batch=worker-3/e1/b20
t=19.950000 node=coord event=task_dispatch task=B:b2/a1/s3/g1.46 job=B:b2 attempt=1 shard=3 worker=worker-3 epoch=1 speculative=false batch=worker-3/e1/b20
t=19.950000 node=coord event=task_dispatch task=B:b2/a1/s4/g1.47 job=B:b2 attempt=1 shard=4 worker=worker-1 epoch=4 speculative=false batch=worker-1/e4/b21
t=19.954017 node=coord event=batch_assigned batch=worker-1/e4/b21 worker=worker-1 tasks=1 accepted=1 hb_seq=15
t=19.956264 node=coord event=batch_assigned batch=worker-3/e1/b20 worker=worker-3 tasks=3 accepted=3 hb_seq=38
t=19.957672 node=coord event=gpu_submit_retry op_id=reduce/A:a4/a1/r0 code=CAPACITY attempt=1 backoff=0.25
t=20.083850 node=coord event=shard_committed job=A:a5 attempt=1 shard=1 task=A:a5/a1/s1/g1.38 worker=worker-4 speculative=false committed=2 shards=3
t=20.151280 node=coord event=shard_committed job=B:b1 attempt=1 shard=4 task=B:b1/a1/s4/g1.35 worker=worker-2 speculative=false committed=5 shards=6
t=20.201597 node=coord event=batch_report batch=worker-1/e4/b18 worker=worker-1 tasks=1 failed=0
t=20.220818 node=coord event=gpu_submit op_id=reduce/A:a4/a1/r0 units=1 attempt=2 state=PENDING
t=20.230068 node=coord event=shard_committed job=B:b1 attempt=1 shard=5 task=B:b1/a1/s5/g1.36 worker=worker-2 speculative=false committed=6 shards=6
t=20.230068 node=coord event=job_state job=B:b1 attempt=1 old=MAPPING new=REDUCING reason=null
t=20.230068 node=coord event=task_finished task=B:b1/a1/s4/g1.35 worker=worker-2 state=revoked outcome=map_complete
t=20.230068 node=coord event=task_finished task=B:b1/a1/s5/g1.36 worker=worker-2 state=revoked outcome=map_complete
t=20.230068 node=coord event=reduce_submit job=B:b1 attempt=1 op_id=reduce/B:b1/a1/r0 inputs=6
t=20.232755 node=coord event=batch_report batch=worker-3/e1/b14 worker=worker-3 tasks=3 failed=0
t=20.250000 node=coord event=task_dispatch task=B:b2/a1/s5/g1.48 job=B:b2 attempt=1 shard=5 worker=worker-2 epoch=1 speculative=false batch=worker-2/e1/b22
t=20.250000 node=coord event=task_dispatch task=A:a6/a1/s0/g1.49 job=A:a6 attempt=1 shard=0 worker=worker-2 epoch=1 speculative=false batch=worker-2/e1/b22
t=20.256199 node=coord event=gpu_submit op_id=reduce/B:b1/a1/r0 units=1 attempt=1 state=PENDING
t=20.272136 node=coord event=batch_assigned batch=worker-2/e1/b22 worker=worker-2 tasks=2 accepted=2 hb_seq=39
t=20.789195 node=coord event=shard_committed job=A:a5 attempt=1 shard=0 task=A:a5/a1/s0/g1.37 worker=worker-2 speculative=false committed=3 shards=3
t=20.789195 node=coord event=job_state job=A:a5 attempt=1 old=MAPPING new=REDUCING reason=null
t=20.789195 node=coord event=task_finished task=A:a5/a1/s0/g1.37 worker=worker-2 state=revoked outcome=map_complete
t=20.789195 node=coord event=task_finished task=A:a5/a1/s1/g1.38 worker=worker-4 state=revoked outcome=map_complete
t=20.789195 node=coord event=task_finished task=A:a5/a1/s2/g1.39 worker=worker-4 state=revoked outcome=map_complete
t=20.789195 node=coord event=reduce_submit job=A:a5 attempt=1 op_id=reduce/A:a5/a1/r0 inputs=3
t=20.802971 node=coord event=gpu_submit_retry op_id=reduce/A:a5/a1/r0 code=CAPACITY attempt=1 backoff=0.25
t=20.850000 node=coord event=task_dispatch task=A:a6/a1/s1/g1.50 job=A:a6 attempt=1 shard=1 worker=worker-4 epoch=7 speculative=false batch=worker-4/e7/b23
t=20.850000 node=coord event=task_dispatch task=A:a6/a1/s2/g1.51 job=A:a6 attempt=1 shard=2 worker=worker-4 epoch=7 speculative=false batch=worker-4/e7/b23
t=20.874772 node=coord event=batch_assigned batch=worker-4/e7/b23 worker=worker-4 tasks=2 accepted=2 hb_seq=7
t=20.910702 node=coord event=shard_committed job=A:a1 attempt=1 shard=0 task=A:a1/a1/s0/g1.40 worker=worker-4 speculative=false committed=2 shards=3
t=20.930109 node=coord event=batch_report batch=worker-2/e1/b15 worker=worker-2 tasks=3 failed=0
t=20.950000 node=coord event=speculation_launch job=A:a1 attempt=1 shard=1 straggler=A:a1/a1/s1/g1.41 worker=worker-2 elapsed=3.2 straggler_after=3.0
t=20.950000 node=coord event=task_dispatch task=A:a1/a1/s1/g1.52 job=A:a1 attempt=1 shard=1 worker=worker-2 epoch=1 speculative=true batch=worker-2/e1/b24
t=20.981797 node=coord event=batch_assigned batch=worker-2/e1/b24 worker=worker-2 tasks=1 accepted=1 hb_seq=40
t=21.056388 node=coord event=gpu_submit_retry op_id=reduce/A:a5/a1/r0 code=CAPACITY attempt=2 backoff=0.5
t=21.102811 node=coord event=task_finished task=A:a1/a1/s0/g1.40 worker=worker-4 state=done outcome=committed
t=21.102811 node=coord event=batch_report batch=worker-4/e7/b16 worker=worker-4 tasks=3 failed=0
t=21.545581 node=coord event=gpu_op_terminal op_id=reduce/B:b1/a1/r0 state=SUCCEEDED
t=21.545581 node=coord event=job_state job=B:b1 attempt=1 old=REDUCING new=SUCCEEDED reason=null
t=21.545581 node=coord event=job_succeeded job=B:b1 attempt=1 op_id=reduce/B:b1/a1/r0 count=768 checksum=6802cee67d1756fc
t=21.553835 node=coord event=gpu_release op_id=reduce/B:b1/a1/r0
t=21.577394 node=coord event=gpu_submit_retry op_id=reduce/A:a5/a1/r0 code=CAPACITY attempt=3 backoff=1.0
t=21.642861 node=coord event=gpu_released op_id=reduce/B:b1/a1/r0 via=hint
t=21.972788 node=coord event=shard_committed job=A:a1 attempt=1 shard=1 task=A:a1/a1/s1/g1.41 worker=worker-1 speculative=false committed=3 shards=3
t=21.972788 node=coord event=task_abort_request job=A:a1 shard=1 worker=worker-2 tasks=1 reason=shard_committed
t=21.972788 node=coord event=job_state job=A:a1 attempt=1 old=MAPPING new=REDUCING reason=null
t=21.972788 node=coord event=task_finished task=A:a1/a1/s1/g1.41 worker=worker-1 state=revoked outcome=map_complete
t=21.972788 node=coord event=task_finished task=A:a1/a1/s1/g1.52 worker=worker-2 state=revoked outcome=map_complete
t=21.972788 node=coord event=reduce_submit job=A:a1 attempt=1 op_id=reduce/A:a1/a1/r0 inputs=3
t=21.981988 node=coord event=gpu_submit op_id=reduce/A:a1/a1/r0 units=1 attempt=1 state=PENDING
t=22.151983 node=coord event=batch_report batch=worker-1/e4/b17 worker=worker-1 tasks=1 failed=0
t=22.250000 node=coord event=worker_dead worker=worker-4 epoch=8 reason=heartbeat_timeout silence=5.074308 dead_after=5.0006
t=22.250000 node=coord event=worker_tasks_revoked worker=worker-4 tasks=2 reason=worker_dead
t=22.250000 node=coord event=task_finished task=A:a6/a1/s1/g1.50 worker=worker-4 state=revoked outcome=worker_dead
t=22.250000 node=coord event=shard_requeued job=A:a6 attempt=1 shard=1 failures=0
t=22.250000 node=coord event=task_finished task=A:a6/a1/s2/g1.51 worker=worker-4 state=revoked outcome=worker_dead
t=22.250000 node=coord event=shard_requeued job=A:a6 attempt=1 shard=2 failures=0
t=22.300532 node=coord event=job_accepted job=A:a7 shards=3 records=64 units=1
t=22.300532 node=coord event=job_state job=A:a7 attempt=1 old=PENDING new=MAPPING reason=submitted
t=22.300532 node=coord event=attempt_start job=A:a7 attempt=1 max_attempts=3
t=22.300532 node=coord event=job_scheduled job=A:a7 attempt=1 shards=3 queued=3
t=22.350000 node=coord event=task_dispatch task=A:a6/a1/s1/g1.53 job=A:a6 attempt=1 shard=1 worker=worker-1 epoch=4 speculative=false batch=worker-1/e4/b25
t=22.350000 node=coord event=task_dispatch task=A:a6/a1/s2/g1.54 job=A:a6 attempt=1 shard=2 worker=worker-2 epoch=1 speculative=false batch=worker-2/e1/b26
t=22.350894 node=coord event=batch_report batch=worker-2/e1/b24 worker=worker-2 tasks=1 failed=0
t=22.353376 node=coord event=batch_assigned batch=worker-2/e1/b26 worker=worker-2 tasks=1 accepted=1 hb_seq=43
t=22.359678 node=coord event=batch_assigned batch=worker-1/e4/b25 worker=worker-1 tasks=1 accepted=1 hb_seq=20
t=22.577822 node=coord event=gpu_op_terminal op_id=reduce/A:a4/a1/r0 state=SUCCEEDED
t=22.577822 node=coord event=job_state job=A:a4 attempt=1 old=REDUCING new=SUCCEEDED reason=null
t=22.577822 node=coord event=job_succeeded job=A:a4 attempt=1 op_id=reduce/A:a4/a1/r0 count=192 checksum=67343b1889901363
t=22.597658 node=coord event=gpu_submit_retry op_id=reduce/A:a5/a1/r0 code=CAPACITY attempt=4 backoff=2.0
t=22.597658 node=coord event=gpu_release op_id=reduce/A:a4/a1/r0
t=22.675770 node=coord event=gpu_released op_id=reduce/A:a4/a1/r0 via=hint
t=22.780921 node=coord event=worker_registered worker=worker-4 epoch=9 boot=1 reg_seq=2
t=22.850000 node=coord event=task_dispatch task=A:a7/a1/s0/g1.55 job=A:a7 attempt=1 shard=0 worker=worker-4 epoch=9 speculative=false batch=worker-4/e9/b27
t=22.850000 node=coord event=task_dispatch task=A:a7/a1/s1/g1.56 job=A:a7 attempt=1 shard=1 worker=worker-4 epoch=9 speculative=false batch=worker-4/e9/b27
t=22.850000 node=coord event=task_dispatch task=A:a7/a1/s2/g1.57 job=A:a7 attempt=1 shard=2 worker=worker-4 epoch=9 speculative=false batch=worker-4/e9/b27
t=22.855609 node=coord event=batch_assigned batch=worker-4/e9/b27 worker=worker-4 tasks=3 accepted=3 hb_seq=11
t=22.855880 node=coord event=shard_committed job=B:b2 attempt=1 shard=0 task=B:b2/a1/s0/g1.43 worker=worker-1 speculative=false committed=1 shards=6
t=23.006512 node=coord event=task_finished task=B:b2/a1/s0/g1.43 worker=worker-1 state=done outcome=committed
t=23.006512 node=coord event=batch_report batch=worker-1/e4/b19 worker=worker-1 tasks=1 failed=0
t=23.536022 node=coord event=gpu_op_terminal op_id=reduce/A:a1/a1/r0 state=SUCCEEDED
t=23.536022 node=coord event=job_state job=A:a1 attempt=1 old=REDUCING new=SUCCEEDED reason=null
t=23.536022 node=coord event=job_succeeded job=A:a1 attempt=1 op_id=reduce/A:a1/a1/r0 count=192 checksum=0b472a395c17351d
t=23.546126 node=coord event=gpu_release op_id=reduce/A:a1/a1/r0
t=23.614652 node=coord event=shard_committed job=B:b2 attempt=1 shard=4 task=B:b2/a1/s4/g1.47 worker=worker-1 speculative=false committed=2 shards=6
t=23.678141 node=coord event=shard_committed job=B:b2 attempt=1 shard=5 task=B:b2/a1/s5/g1.48 worker=worker-2 speculative=false committed=3 shards=6
t=23.745372 node=coord event=gpu_released op_id=reduce/A:a1/a1/r0 via=hint
t=23.750000 node=coord event=speculation_launch job=B:b2 attempt=1 shard=1 straggler=B:b2/a1/s1/g1.44 worker=worker-1 elapsed=3.8 straggler_after=3.5
t=23.750000 node=coord event=task_dispatch task=B:b2/a1/s1/g1.58 job=B:b2 attempt=1 shard=1 worker=worker-1 epoch=4 speculative=true batch=worker-1/e4/b28
t=23.759216 node=coord event=batch_assigned batch=worker-1/e4/b28 worker=worker-1 tasks=1 accepted=1 hb_seq=22
t=23.915038 node=coord event=task_finished task=B:b2/a1/s4/g1.47 worker=worker-1 state=done outcome=committed
t=23.915038 node=coord event=batch_report batch=worker-1/e4/b21 worker=worker-1 tasks=1 failed=0
t=23.950000 node=coord event=speculation_launch job=B:b2 attempt=1 shard=2 straggler=B:b2/a1/s2/g1.45 worker=worker-1 elapsed=4.0 straggler_after=3.5
t=23.950000 node=coord event=task_dispatch task=B:b2/a1/s2/g1.59 job=B:b2 attempt=1 shard=2 worker=worker-1 epoch=4 speculative=true batch=worker-1/e4/b29
t=24.200868 node=coord event=shard_committed job=A:a6 attempt=1 shard=0 task=A:a6/a1/s0/g1.49 worker=worker-2 speculative=false committed=1 shards=3
t=24.286658 node=coord event=task_finished task=B:b2/a1/s5/g1.48 worker=worker-2 state=done outcome=committed
t=24.286658 node=coord event=task_finished task=A:a6/a1/s0/g1.49 worker=worker-2 state=done outcome=committed
t=24.286658 node=coord event=batch_report batch=worker-2/e1/b22 worker=worker-2 tasks=2 failed=0
t=24.350000 node=coord event=speculation_launch job=B:b2 attempt=1 shard=3 straggler=B:b2/a1/s3/g1.46 worker=worker-2 elapsed=4.4 straggler_after=3.5
t=24.350000 node=coord event=task_dispatch task=B:b2/a1/s3/g1.60 job=B:b2 attempt=1 shard=3 worker=worker-2 epoch=1 speculative=true batch=worker-2/e1/b30
t=24.355384 node=coord event=batch_assigned batch=worker-2/e1/b30 worker=worker-2 tasks=1 accepted=1 hb_seq=47
t=24.450000 node=coord event=batch_assign_retry batch=worker-1/e4/b29 worker=worker-1 attempt=1
t=24.469571 node=coord event=batch_assigned batch=worker-1/e4/b29 worker=worker-1 tasks=1 accepted=1 hb_seq=24
t=24.613522 node=coord event=gpu_submit_retry op_id=reduce/A:a5/a1/r0 code=CAPACITY attempt=5 backoff=2.0
t=25.117235 node=coord event=shard_committed job=A:a7 attempt=1 shard=0 task=A:a7/a1/s0/g1.55 worker=worker-4 speculative=false committed=1 shards=3
t=25.238348 node=coord event=shard_committed job=A:a6 attempt=1 shard=2 task=A:a6/a1/s2/g1.54 worker=worker-2 speculative=false committed=2 shards=3
t=25.357110 node=coord event=task_finished task=A:a6/a1/s2/g1.54 worker=worker-2 state=done outcome=committed
t=25.357110 node=coord event=batch_report batch=worker-2/e1/b26 worker=worker-2 tasks=1 failed=0
t=25.450000 node=coord event=speculation_launch job=A:a6 attempt=1 shard=1 straggler=A:a6/a1/s1/g1.53 worker=worker-2 elapsed=3.1 straggler_after=3.0
t=25.450000 node=coord event=task_dispatch task=A:a6/a1/s1/g1.61 job=A:a6 attempt=1 shard=1 worker=worker-2 epoch=1 speculative=true batch=worker-2/e1/b31
t=25.464431 node=coord event=batch_assigned batch=worker-2/e1/b31 worker=worker-2 tasks=1 accepted=1 hb_seq=49
t=25.489773 node=coord event=shard_committed job=A:a6 attempt=1 shard=1 task=A:a6/a1/s1/g1.53 worker=worker-1 speculative=false committed=3 shards=3
t=25.489773 node=coord event=task_abort_request job=A:a6 shard=1 worker=worker-2 tasks=1 reason=shard_committed
t=25.489773 node=coord event=job_state job=A:a6 attempt=1 old=MAPPING new=REDUCING reason=null
t=25.489773 node=coord event=task_finished task=A:a6/a1/s1/g1.53 worker=worker-1 state=revoked outcome=map_complete
t=25.489773 node=coord event=task_finished task=A:a6/a1/s1/g1.61 worker=worker-2 state=revoked outcome=map_complete
t=25.489773 node=coord event=reduce_submit job=A:a6 attempt=1 op_id=reduce/A:a6/a1/r0 inputs=3
t=25.491865 node=coord event=gpu_submit op_id=reduce/A:a6/a1/r0 units=1 attempt=1 state=PENDING
t=25.628059 node=coord event=job_accepted job=A:a8 shards=3 records=64 units=1
t=25.628059 node=coord event=job_state job=A:a8 attempt=1 old=PENDING new=MAPPING reason=submitted
t=25.628059 node=coord event=attempt_start job=A:a8 attempt=1 max_attempts=3
t=25.628059 node=coord event=job_scheduled job=A:a8 attempt=1 shards=3 queued=3
t=25.650000 node=coord event=task_dispatch task=A:a8/a1/s0/g1.62 job=A:a8 attempt=1 shard=0 worker=worker-2 epoch=1 speculative=false batch=worker-2/e1/b32
t=25.650000 node=coord event=task_dispatch task=A:a8/a1/s1/g1.63 job=A:a8 attempt=1 shard=1 worker=worker-2 epoch=1 speculative=false batch=worker-2/e1/b32
t=25.650000 node=coord event=task_dispatch task=A:a8/a1/s2/g1.64 job=A:a8 attempt=1 shard=2 worker=worker-1 epoch=4 speculative=false batch=worker-1/e4/b33
t=25.654261 node=coord event=batch_assigned batch=worker-2/e1/b32 worker=worker-2 tasks=2 accepted=2 hb_seq=49
t=25.654693 node=coord event=batch_assigned batch=worker-1/e4/b33 worker=worker-1 tasks=1 accepted=1 hb_seq=26
t=25.775281 node=coord event=batch_report batch=worker-1/e4/b25 worker=worker-1 tasks=1 failed=0
t=25.896894 node=coord event=batch_report batch=worker-2/e1/b31 worker=worker-2 tasks=1 failed=0
t=26.382490 node=coord event=shard_committed job=A:a7 attempt=1 shard=1 task=A:a7/a1/s1/g1.56 worker=worker-4 speculative=false committed=2 shards=3
t=26.410659 node=coord event=shard_committed job=B:b2 attempt=1 shard=2 task=B:b2/a1/s2/g1.45 worker=worker-3 speculative=false committed=4 shards=6
t=26.410659 node=coord event=task_abort_request job=B:b2 shard=2 worker=worker-1 tasks=1 reason=shard_committed
t=26.615170 node=coord event=gpu_submit op_id=reduce/A:a5/a1/r0 units=1 attempt=6 state=PENDING
t=26.923894 node=coord event=shard_committed job=B:b2 attempt=1 shard=1 task=B:b2/a1/s1/g1.44 worker=worker-3 speculative=false committed=5 shards=6
t=26.923894 node=coord event=task_abort_request job=B:b2 shard=1 worker=worker-1 tasks=1 reason=shard_committed
t=27.204912 node=coord event=task_finished task=B:b2/a1/s2/g1.59 worker=worker-1 state=done outcome=aborted
t=27.204912 node=coord event=batch_report batch=worker-1/e4/b29 worker=worker-1 tasks=1 failed=0
t=27.250000 node=coord event=speculation_launch job=A:a7 attempt=1 shard=2 straggler=A:a7/a1/s2/g1.57 worker=worker-1 elapsed=4.4 straggler_after=3.0
t=27.250000 node=coord event=task_dispatch task=A:a7/a1/s2/g1.65 job=A:a7 attempt=1 shard=2 worker=worker-1 epoch=4 speculative=true batch=worker-1/e4/b34
t=27.260318 node=coord event=batch_assigned batch=worker-1/e4/b34 worker=worker-1 tasks=1 accepted=1 hb_seq=29
t=27.502750 node=coord event=job_accepted job=B:b3 shards=6 records=128 units=2
t=27.502750 node=coord event=job_state job=B:b3 attempt=1 old=PENDING new=MAPPING reason=submitted
t=27.502750 node=coord event=attempt_start job=B:b3 attempt=1 max_attempts=3
t=27.502750 node=coord event=job_scheduled job=B:b3 attempt=1 shards=6 queued=6
t=27.616261 node=coord event=commit_lost task=B:b2/a1/s1/g1.58 worker=worker-1 winner=B:b2/a1/s1/g1.44
t=27.738464 node=coord event=task_finished task=B:b2/a1/s1/g1.58 worker=worker-1 state=done outcome=duplicate
t=27.738464 node=coord event=batch_report batch=worker-1/e4/b28 worker=worker-1 tasks=1 failed=0
t=27.750000 node=coord event=task_dispatch task=B:b3/a1/s0/g1.66 job=B:b3 attempt=1 shard=0 worker=worker-1 epoch=4 speculative=false batch=worker-1/e4/b35
t=27.751629 node=coord event=batch_assigned batch=worker-1/e4/b35 worker=worker-1 tasks=1 accepted=1 hb_seq=30
t=28.000000 node=coord event=worker_dead worker=worker-4 epoch=10 reason=heartbeat_timeout silence=5.219079 dead_after=5.0006
t=28.000000 node=coord event=worker_tasks_revoked worker=worker-4 tasks=3 reason=worker_dead
t=28.000000 node=coord event=task_finished task=A:a7/a1/s0/g1.55 worker=worker-4 state=revoked outcome=worker_dead
t=28.000000 node=coord event=task_finished task=A:a7/a1/s1/g1.56 worker=worker-4 state=revoked outcome=worker_dead
t=28.000000 node=coord event=task_finished task=A:a7/a1/s2/g1.57 worker=worker-4 state=revoked outcome=worker_dead
t=28.382873 node=coord event=shard_committed job=A:a8 attempt=1 shard=0 task=A:a8/a1/s0/g1.62 worker=worker-2 speculative=false committed=1 shards=3
t=28.393690 node=coord event=worker_registered worker=worker-4 epoch=11 boot=1 reg_seq=3
t=28.450000 node=coord event=task_dispatch task=B:b3/a1/s1/g1.67 job=B:b3 attempt=1 shard=1 worker=worker-4 epoch=11 speculative=false batch=worker-4/e11/b36
t=28.450000 node=coord event=task_dispatch task=B:b3/a1/s2/g1.68 job=B:b3 attempt=1 shard=2 worker=worker-4 epoch=11 speculative=false batch=worker-4/e11/b36
t=28.450000 node=coord event=task_dispatch task=B:b3/a1/s3/g1.69 job=B:b3 attempt=1 shard=3 worker=worker-4 epoch=11 speculative=false batch=worker-4/e11/b36
t=28.460771 node=coord event=batch_assigned batch=worker-4/e11/b36 worker=worker-4 tasks=3 accepted=3 hb_seq=21
t=28.603941 node=coord event=gpu_op_terminal op_id=reduce/A:a6/a1/r0 state=SUCCEEDED
t=28.603941 node=coord event=job_state job=A:a6 attempt=1 old=REDUCING new=SUCCEEDED reason=null
t=28.603941 node=coord event=job_succeeded job=A:a6 attempt=1 op_id=reduce/A:a6/a1/r0 count=192 checksum=142e9f748ebecabb
t=28.621932 node=coord event=gpu_release op_id=reduce/A:a6/a1/r0
t=28.733498 node=coord event=gpu_released op_id=reduce/A:a6/a1/r0 via=hint
t=28.865877 node=coord event=job_accepted job=A:a9 shards=3 records=64 units=1
t=28.865877 node=coord event=job_state job=A:a9 attempt=1 old=PENDING new=MAPPING reason=submitted
t=28.865877 node=coord event=attempt_start job=A:a9 attempt=1 max_attempts=3
t=28.865877 node=coord event=job_scheduled job=A:a9 attempt=1 shards=3 queued=3
t=28.974896 node=coord event=shard_committed job=B:b2 attempt=1 shard=3 task=B:b2/a1/s3/g1.46 worker=worker-3 speculative=false committed=6 shards=6
t=28.974896 node=coord event=task_abort_request job=B:b2 shard=3 worker=worker-2 tasks=1 reason=shard_committed
t=28.974896 node=coord event=job_state job=B:b2 attempt=1 old=MAPPING new=REDUCING reason=null
t=28.974896 node=coord event=task_finished task=B:b2/a1/s1/g1.44 worker=worker-3 state=revoked outcome=map_complete
t=28.974896 node=coord event=task_finished task=B:b2/a1/s2/g1.45 worker=worker-3 state=revoked outcome=map_complete
t=28.974896 node=coord event=task_finished task=B:b2/a1/s3/g1.46 worker=worker-3 state=revoked outcome=map_complete
t=28.974896 node=coord event=task_finished task=B:b2/a1/s3/g1.60 worker=worker-2 state=revoked outcome=map_complete
t=28.974896 node=coord event=reduce_submit job=B:b2 attempt=1 op_id=reduce/B:b2/a1/r0 inputs=6
t=28.990282 node=coord event=gpu_submit op_id=reduce/B:b2/a1/r0 units=1 attempt=1 state=PENDING
t=29.050000 node=coord event=task_dispatch task=B:b3/a1/s4/g1.70 job=B:b3 attempt=1 shard=4 worker=worker-3 epoch=1 speculative=false batch=worker-3/e1/b37
t=29.050000 node=coord event=task_dispatch task=B:b3/a1/s5/g1.71 job=B:b3 attempt=1 shard=5 worker=worker-3 epoch=1 speculative=false batch=worker-3/e1/b37
t=29.050000 node=coord event=task_dispatch task=A:a9/a1/s0/g1.72 job=A:a9 attempt=1 shard=0 worker=worker-3 epoch=1 speculative=false batch=worker-3/e1/b37
t=29.050000 node=coord event=task_dispatch task=A:a9/a1/s1/g1.73 job=A:a9 attempt=1 shard=1 worker=worker-2 epoch=1 speculative=false batch=worker-2/e1/b38
t=29.054787 node=coord event=batch_assigned batch=worker-3/e1/b37 worker=worker-3 tasks=3 accepted=3 hb_seq=56
t=29.063893 node=coord event=batch_assigned batch=worker-2/e1/b38 worker=worker-2 tasks=1 accepted=1 hb_seq=56
t=29.098036 node=coord event=shard_committed job=A:a7 attempt=1 shard=2 task=A:a7/a1/s2/g1.65 worker=worker-1 speculative=true committed=3 shards=3
t=29.098036 node=coord event=job_state job=A:a7 attempt=1 old=MAPPING new=REDUCING reason=null
t=29.098036 node=coord event=task_finished task=A:a7/a1/s2/g1.65 worker=worker-1 state=revoked outcome=map_complete
t=29.098036 node=coord event=reduce_submit job=A:a7 attempt=1 op_id=reduce/A:a7/a1/r0 inputs=3
t=29.103289 node=coord event=gpu_submit op_id=reduce/A:a7/a1/r0 units=1 attempt=1 state=PENDING
t=29.112446 node=coord event=batch_report batch=worker-3/e1/b20 worker=worker-3 tasks=3 failed=0
t=29.150000 node=coord event=task_dispatch task=A:a9/a1/s2/g1.74 job=A:a9 attempt=1 shard=2 worker=worker-1 epoch=4 speculative=false batch=worker-1/e4/b39
t=29.151921 node=coord event=batch_assigned batch=worker-1/e4/b39 worker=worker-1 tasks=1 accepted=1 hb_seq=32
t=29.159726 node=coord event=shard_committed job=A:a8 attempt=1 shard=1 task=A:a8/a1/s1/g1.63 worker=worker-2 speculative=false committed=2 shards=3
t=29.274503 node=coord event=shard_committed job=A:a8 attempt=1 shard=2 task=A:a8/a1/s2/g1.64 worker=worker-1 speculative=false committed=3 shards=3
t=29.274503 node=coord event=job_state job=A:a8 attempt=1 old=MAPPING new=REDUCING reason=null
t=29.274503 node=coord event=task_finished task=A:a8/a1/s0/g1.62 worker=worker-2 state=revoked outcome=map_complete
t=29.274503 node=coord event=task_finished task=A:a8/a1/s1/g1.63 worker=worker-2 state=revoked outcome=map_complete
t=29.274503 node=coord event=task_finished task=A:a8/a1/s2/g1.64 worker=worker-1 state=revoked outcome=map_complete
t=29.274503 node=coord event=reduce_submit job=A:a8 attempt=1 op_id=reduce/A:a8/a1/r0 inputs=3
t=29.284511 node=coord event=gpu_submit_retry op_id=reduce/A:a8/a1/r0 code=CAPACITY attempt=1 backoff=0.25
t=29.361193 node=coord event=batch_report batch=worker-1/e4/b34 worker=worker-1 tasks=1 failed=0
t=29.549243 node=coord event=gpu_submit op_id=reduce/A:a8/a1/r0 units=1 attempt=2 state=PENDING
t=29.579944 node=coord event=batch_report batch=worker-1/e4/b33 worker=worker-1 tasks=1 failed=0
t=29.792656 node=coord event=gpu_op_terminal op_id=reduce/A:a5/a1/r0 state=SUCCEEDED
t=29.792656 node=coord event=job_state job=A:a5 attempt=1 old=REDUCING new=SUCCEEDED reason=null
t=29.792656 node=coord event=job_succeeded job=A:a5 attempt=1 op_id=reduce/A:a5/a1/r0 count=192 checksum=c63b421556027ffe
t=29.807982 node=coord event=gpu_release op_id=reduce/A:a5/a1/r0
t=29.944666 node=coord event=gpu_released op_id=reduce/A:a5/a1/r0 via=hint
t=30.183989 node=coord event=batch_report batch=worker-2/e1/b32 worker=worker-2 tasks=2 failed=0
t=30.383438 node=coord event=batch_report batch=worker-2/e1/b30 worker=worker-2 tasks=1 failed=0
t=30.827800 node=coord event=shard_committed job=B:b3 attempt=1 shard=1 task=B:b3/a1/s1/g1.67 worker=worker-4 speculative=false committed=1 shards=6
t=31.410196 node=coord event=shard_committed job=A:a9 attempt=1 shard=0 task=A:a9/a1/s0/g1.72 worker=worker-3 speculative=false committed=1 shards=3
t=31.431108 node=coord event=shard_committed job=B:b3 attempt=1 shard=0 task=B:b3/a1/s0/g1.66 worker=worker-1 speculative=false committed=2 shards=6
t=31.602974 node=coord event=task_finished task=B:b3/a1/s0/g1.66 worker=worker-1 state=done outcome=committed
t=31.602974 node=coord event=batch_report batch=worker-1/e4/b35 worker=worker-1 tasks=1 failed=0
t=31.783941 node=coord event=shard_committed job=A:a9 attempt=1 shard=2 task=A:a9/a1/s2/g1.74 worker=worker-1 speculative=false committed=2 shards=3
t=31.935418 node=coord event=gpu_op_terminal op_id=reduce/A:a8/a1/r0 state=SUCCEEDED
t=31.935418 node=coord event=job_state job=A:a8 attempt=1 old=REDUCING new=SUCCEEDED reason=null
t=31.935418 node=coord event=job_succeeded job=A:a8 attempt=1 op_id=reduce/A:a8/a1/r0 count=192 checksum=a4edebcb89ccf5b5
t=31.970399 node=coord event=gpu_release op_id=reduce/A:a8/a1/r0
t=32.086725 node=coord event=task_finished task=A:a9/a1/s2/g1.74 worker=worker-1 state=done outcome=committed
t=32.086725 node=coord event=batch_report batch=worker-1/e4/b39 worker=worker-1 tasks=1 failed=0
t=32.124898 node=coord event=job_accepted job=A:a10 shards=3 records=64 units=1
t=32.124898 node=coord event=job_state job=A:a10 attempt=1 old=PENDING new=MAPPING reason=submitted
t=32.124898 node=coord event=attempt_start job=A:a10 attempt=1 max_attempts=3
t=32.124898 node=coord event=job_scheduled job=A:a10 attempt=1 shards=3 queued=3
t=32.134711 node=coord event=gpu_released op_id=reduce/A:a8/a1/r0 via=hint
t=32.150000 node=coord event=task_dispatch task=A:a10/a1/s0/g1.75 job=A:a10 attempt=1 shard=0 worker=worker-1 epoch=4 speculative=false batch=worker-1/e4/b40
t=32.150000 node=coord event=task_dispatch task=A:a10/a1/s1/g1.76 job=A:a10 attempt=1 shard=1 worker=worker-1 epoch=4 speculative=false batch=worker-1/e4/b40
t=32.150000 node=coord event=task_dispatch task=A:a10/a1/s2/g1.77 job=A:a10 attempt=1 shard=2 worker=worker-1 epoch=4 speculative=false batch=worker-1/e4/b40
t=32.157446 node=coord event=gpu_op_terminal op_id=reduce/B:b2/a1/r0 state=SUCCEEDED
t=32.157446 node=coord event=job_state job=B:b2 attempt=1 old=REDUCING new=SUCCEEDED reason=null
t=32.157446 node=coord event=job_succeeded job=B:b2 attempt=1 op_id=reduce/B:b2/a1/r0 count=768 checksum=77f68bbcf04af666
t=32.162486 node=coord event=gpu_release op_id=reduce/B:b2/a1/r0
t=32.162943 node=coord event=batch_assigned batch=worker-1/e4/b40 worker=worker-1 tasks=3 accepted=3 hb_seq=38
t=32.344621 node=coord event=gpu_released op_id=reduce/B:b2/a1/r0 via=hint
t=32.423813 node=coord event=shard_committed job=A:a9 attempt=1 shard=1 task=A:a9/a1/s1/g1.73 worker=worker-2 speculative=false committed=3 shards=3
t=32.423813 node=coord event=job_state job=A:a9 attempt=1 old=MAPPING new=REDUCING reason=null
t=32.423813 node=coord event=task_finished task=A:a9/a1/s0/g1.72 worker=worker-3 state=revoked outcome=map_complete
t=32.423813 node=coord event=task_finished task=A:a9/a1/s1/g1.73 worker=worker-2 state=revoked outcome=map_complete
t=32.423813 node=coord event=reduce_submit job=A:a9 attempt=1 op_id=reduce/A:a9/a1/r0 inputs=3
t=32.424958 node=coord event=gpu_submit op_id=reduce/A:a9/a1/r0 units=1 attempt=1 state=PENDING
t=32.479194 node=coord event=gpu_op_terminal op_id=reduce/A:a7/a1/r0 state=SUCCEEDED
t=32.479194 node=coord event=job_state job=A:a7 attempt=1 old=REDUCING new=SUCCEEDED reason=null
t=32.479194 node=coord event=job_succeeded job=A:a7 attempt=1 op_id=reduce/A:a7/a1/r0 count=192 checksum=c9250555d45ab69a
t=32.483096 node=coord event=gpu_release op_id=reduce/A:a7/a1/r0
t=32.640951 node=coord event=batch_report batch=worker-2/e1/b38 worker=worker-2 tasks=1 failed=0
t=32.758540 node=coord event=gpu_released op_id=reduce/A:a7/a1/r0 via=hint
t=33.406922 node=coord event=shard_committed job=B:b3 attempt=1 shard=2 task=B:b3/a1/s2/g1.68 worker=worker-4 speculative=false committed=3 shards=6
t=33.450000 node=coord event=speculation_launch job=B:b3 attempt=1 shard=3 straggler=B:b3/a1/s3/g1.69 worker=worker-2 elapsed=5.0 straggler_after=3.5
t=33.450000 node=coord event=task_dispatch task=B:b3/a1/s3/g1.78 job=B:b3 attempt=1 shard=3 worker=worker-2 epoch=1 speculative=true batch=worker-2/e1/b41
t=33.450000 node=coord event=speculation_launch job=B:b3 attempt=1 shard=4 straggler=B:b3/a1/s4/g1.70 worker=worker-2 elapsed=4.4 straggler_after=3.5
t=33.450000 node=coord event=task_dispatch task=B:b3/a1/s4/g1.79 job=B:b3 attempt=1 shard=4 worker=worker-2 epoch=1 speculative=true batch=worker-2/e1/b42
t=33.450000 node=coord event=speculation_launch job=B:b3 attempt=1 shard=5 straggler=B:b3/a1/s5/g1.71 worker=worker-2 elapsed=4.4 straggler_after=3.5
t=33.450000 node=coord event=task_dispatch task=B:b3/a1/s5/g1.80 job=B:b3 attempt=1 shard=5 worker=worker-2 epoch=1 speculative=true batch=worker-2/e1/b43
t=33.450807 node=coord event=batch_assigned batch=worker-2/e1/b41 worker=worker-2 tasks=1 accepted=1 hb_seq=64
t=33.475024 node=coord event=batch_assigned batch=worker-2/e1/b42 worker=worker-2 tasks=1 accepted=1 hb_seq=64
t=33.475024 node=coord event=batch_assigned batch=worker-2/e1/b43 worker=worker-2 tasks=1 accepted=1 hb_seq=64
t=33.500000 node=coord event=worker_dead worker=worker-4 epoch=12 reason=heartbeat_timeout silence=5.10631 dead_after=5.0006
t=33.500000 node=coord event=worker_tasks_revoked worker=worker-4 tasks=3 reason=worker_dead
t=33.500000 node=coord event=task_finished task=B:b3/a1/s1/g1.67 worker=worker-4 state=revoked outcome=worker_dead
t=33.500000 node=coord event=task_finished task=B:b3/a1/s2/g1.68 worker=worker-4 state=revoked outcome=worker_dead
t=33.500000 node=coord event=task_finished task=B:b3/a1/s3/g1.69 worker=worker-4 state=revoked outcome=worker_dead
t=33.543203 node=coord event=worker_registered worker=worker-4 epoch=13 boot=1 reg_seq=4
t=33.786972 node=coord event=shard_committed job=A:a10 attempt=1 shard=0 task=A:a10/a1/s0/g1.75 worker=worker-1 speculative=false committed=1 shards=3
t=34.051070 node=coord event=gpu_op_terminal op_id=reduce/A:a9/a1/r0 state=SUCCEEDED
t=34.051070 node=coord event=job_state job=A:a9 attempt=1 old=REDUCING new=SUCCEEDED reason=null
t=34.051070 node=coord event=job_succeeded job=A:a9 attempt=1 op_id=reduce/A:a9/a1/r0 count=192 checksum=d854f3f3174ee637
t=34.070141 node=coord event=gpu_release op_id=reduce/A:a9/a1/r0
t=34.309739 node=coord event=shard_committed job=A:a10 attempt=1 shard=1 task=A:a10/a1/s1/g1.76 worker=worker-1 speculative=false committed=2 shards=3
t=34.324474 node=coord event=gpu_released op_id=reduce/A:a9/a1/r0 via=hint
t=35.150000 node=coord event=speculation_launch job=A:a10 attempt=1 shard=2 straggler=A:a10/a1/s2/g1.77 worker=worker-4 elapsed=3.0 straggler_after=3.0
t=35.150000 node=coord event=task_dispatch task=A:a10/a1/s2/g1.81 job=A:a10 attempt=1 shard=2 worker=worker-4 epoch=13 speculative=true batch=worker-4/e13/b44
t=35.153388 node=coord event=batch_assigned batch=worker-4/e13/b44 worker=worker-4 tasks=1 accepted=1 hb_seq=34
t=35.155990 node=coord event=job_accepted job=A:a11 shards=3 records=64 units=1
t=35.155990 node=coord event=job_state job=A:a11 attempt=1 old=PENDING new=MAPPING reason=submitted
t=35.155990 node=coord event=attempt_start job=A:a11 attempt=1 max_attempts=3
t=35.155990 node=coord event=job_scheduled job=A:a11 attempt=1 shards=3 queued=3
t=35.250000 node=coord event=task_dispatch task=A:a11/a1/s0/g1.82 job=A:a11 attempt=1 shard=0 worker=worker-4 epoch=13 speculative=false batch=worker-4/e13/b45
t=35.250000 node=coord event=task_dispatch task=A:a11/a1/s1/g1.83 job=A:a11 attempt=1 shard=1 worker=worker-4 epoch=13 speculative=false batch=worker-4/e13/b45
t=35.250000 node=coord event=task_dispatch task=A:a11/a1/s2/g1.84 job=A:a11 attempt=1 shard=2 worker=worker-3 epoch=1 speculative=false batch=worker-3/e1/b46
t=35.255933 node=coord event=batch_assigned batch=worker-4/e13/b45 worker=worker-4 tasks=2 accepted=2 hb_seq=34
t=35.262886 node=coord event=batch_assigned batch=worker-3/e1/b46 worker=worker-3 tasks=1 accepted=1 hb_seq=68
t=35.615431 node=coord event=shard_committed job=A:a10 attempt=1 shard=2 task=A:a10/a1/s2/g1.77 worker=worker-1 speculative=false committed=3 shards=3
t=35.615431 node=coord event=task_abort_request job=A:a10 shard=2 worker=worker-4 tasks=1 reason=shard_committed
t=35.615431 node=coord event=job_state job=A:a10 attempt=1 old=MAPPING new=REDUCING reason=null
t=35.615431 node=coord event=task_finished task=A:a10/a1/s0/g1.75 worker=worker-1 state=revoked outcome=map_complete
t=35.615431 node=coord event=task_finished task=A:a10/a1/s1/g1.76 worker=worker-1 state=revoked outcome=map_complete
t=35.615431 node=coord event=task_finished task=A:a10/a1/s2/g1.77 worker=worker-1 state=revoked outcome=map_complete
t=35.615431 node=coord event=task_finished task=A:a10/a1/s2/g1.81 worker=worker-4 state=revoked outcome=map_complete
t=35.615431 node=coord event=reduce_submit job=A:a10 attempt=1 op_id=reduce/A:a10/a1/r0 inputs=3
t=35.637799 node=coord event=gpu_submit_retry op_id=reduce/A:a10/a1/r0 code=CAPACITY attempt=1 backoff=0.25
t=35.703695 node=coord event=job_accepted job=B:b4 shards=6 records=128 units=2
t=35.703695 node=coord event=job_state job=B:b4 attempt=1 old=PENDING new=MAPPING reason=submitted
t=35.703695 node=coord event=attempt_start job=B:b4 attempt=1 max_attempts=3
t=35.703695 node=coord event=job_scheduled job=B:b4 attempt=1 shards=6 queued=6
t=35.750000 node=coord event=task_dispatch task=B:b4/a1/s0/g1.85 job=B:b4 attempt=1 shard=0 worker=worker-1 epoch=4 speculative=false batch=worker-1/e4/b47
t=35.750000 node=coord event=task_dispatch task=B:b4/a1/s1/g1.86 job=B:b4 attempt=1 shard=1 worker=worker-1 epoch=4 speculative=false batch=worker-1/e4/b47
t=35.750000 node=coord event=task_dispatch task=B:b4/a1/s2/g1.87 job=B:b4 attempt=1 shard=2 worker=worker-1 epoch=4 speculative=false batch=worker-1/e4/b47
t=35.750000 node=coord event=task_dispatch task=B:b4/a1/s3/g1.88 job=B:b4 attempt=1 shard=3 worker=worker-4 epoch=13 speculative=false batch=worker-4/e13/b48
t=35.752256 node=coord event=batch_assigned batch=worker-1/e4/b47 worker=worker-1 tasks=3 accepted=3 hb_seq=45
t=35.771870 node=coord event=batch_assigned batch=worker-4/e13/b48 worker=worker-4 tasks=1 accepted=1 hb_seq=35
t=35.890804 node=coord event=gpu_submit op_id=reduce/A:a10/a1/r0 units=1 attempt=2 state=PENDING
t=35.913655 node=coord event=batch_report batch=worker-4/e13/b44 worker=worker-4 tasks=1 failed=0
t=36.179554 node=coord event=shard_committed job=B:b3 attempt=1 shard=4 task=B:b3/a1/s4/g1.70 worker=worker-3 speculative=false committed=4 shards=6
t=36.179554 node=coord event=task_abort_request job=B:b3 shard=4 worker=worker-2 tasks=1 reason=shard_committed
t=36.651497 node=coord event=batch_report batch=worker-1/e4/b40 worker=worker-1 tasks=3 failed=0
t=36.835154 node=coord event=task_finished task=B:b3/a1/s4/g1.79 worker=worker-2 state=done outcome=aborted
t=36.835154 node=coord event=batch_report batch=worker-2/e1/b42 worker=worker-2 tasks=1 failed=0
t=36.850000 node=coord event=task_dispatch task=B:b4/a1/s4/g1.89 job=B:b4 attempt=1 shard=4 worker=worker-2 epoch=1 speculative=false batch=worker-2/e1/b49
t=36.863589 node=coord event=batch_assigned batch=worker-2/e1/b49 worker=worker-2 tasks=1 accepted=1 hb_seq=70
t=37.295327 node=coord event=task_finished task=B:b3/a1/s4/g1.70 worker=worker-3 state=done outcome=committed
t=37.295327 node=coord event=task_finished task=B:b3/a1/s5/g1.71 worker=worker-3 state=done outcome=failed
t=37.295327 node=coord event=batch_report batch=worker-3/e1/b37 worker=worker-3 tasks=3 failed=1
t=37.350000 node=coord event=task_dispatch task=B:b4/a1/s5/g1.90 job=B:b4 attempt=1 shard=5 worker=worker-3 epoch=1 speculative=false batch=worker-3/e1/b50
t=37.371153 node=coord event=batch_assigned batch=worker-3/e1/b50 worker=worker-3 tasks=1 accepted=1 hb_seq=72
t=37.392690 node=coord event=job_accepted job=A:a12 shards=3 records=64 units=1
t=37.392690 node=coord event=job_state job=A:a12 attempt=1 old=PENDING new=MAPPING reason=submitted
t=37.392690 node=coord event=attempt_start job=A:a12 attempt=1 max_attempts=3
t=37.392690 node=coord event=job_scheduled job=A:a12 attempt=1 shards=3 queued=3
t=37.418439 node=coord event=gpu_op_terminal op_id=reduce/A:a10/a1/r0 state=SUCCEEDED
t=37.418439 node=coord event=job_state job=A:a10 attempt=1 old=REDUCING new=SUCCEEDED reason=null
t=37.418439 node=coord event=job_succeeded job=A:a10 attempt=1 op_id=reduce/A:a10/a1/r0 count=192 checksum=d2cac5e114631ee3
t=37.433104 node=coord event=gpu_release op_id=reduce/A:a10/a1/r0
t=37.450000 node=coord event=task_dispatch task=A:a12/a1/s0/g1.91 job=A:a12 attempt=1 shard=0 worker=worker-3 epoch=1 speculative=false batch=worker-3/e1/b51
t=37.458695 node=coord event=batch_assigned batch=worker-3/e1/b51 worker=worker-3 tasks=1 accepted=1 hb_seq=72
t=37.639820 node=coord event=shard_committed job=B:b3 attempt=1 shard=3 task=B:b3/a1/s3/g1.78 worker=worker-2 speculative=true committed=5 shards=6
t=37.648574 node=coord event=gpu_released op_id=reduce/A:a10/a1/r0 via=hint
t=37.951783 node=coord event=task_finished task=B:b3/a1/s3/g1.78 worker=worker-2 state=done outcome=committed
t=37.951783 node=coord event=batch_report batch=worker-2/e1/b41 worker=worker-2 tasks=1 failed=0
t=38.050000 node=coord event=task_dispatch task=A:a12/a1/s1/g1.92 job=A:a12 attempt=1 shard=1 worker=worker-2 epoch=1 speculative=false batch=worker-2/e1/b52
t=38.074325 node=coord event=batch_assigned batch=worker-2/e1/b52 worker=worker-2 tasks=1 accepted=1 hb_seq=73
t=38.324178 node=coord event=shard_committed job=A:a11 attempt=1 shard=2 task=A:a11/a1/s2/g1.84 worker=worker-3 speculative=false committed=1 shards=3
t=38.557003 node=coord event=task_finished task=A:a11/a1/s2/g1.84 worker=worker-3 state=done outcome=committed
t=38.557003 node=coord event=batch_report batch=worker-3/e1/b46 worker=worker-3 tasks=1 failed=0
t=38.650000 node=coord event=task_dispatch task=A:a12/a1/s2/g1.93 job=A:a12 attempt=1 shard=2 worker=worker-3 epoch=1 speculative=false batch=worker-3/e1/b53
t=38.658729 node=coord event=batch_assigned batch=worker-3/e1/b53 worker=worker-3 tasks=1 accepted=1 hb_seq=75
t=38.660144 node=coord event=shard_committed job=A:a11 attempt=1 shard=0 task=A:a11/a1/s0/g1.82 worker=worker-4 speculative=false committed=2 shards=3
t=38.750000 node=coord event=worker_dead worker=worker-4 epoch=14 reason=heartbeat_timeout silence=5.206797 dead_after=5.0006
t=38.750000 node=coord event=worker_tasks_revoked worker=worker-4 tasks=3 reason=worker_dead
t=38.750000 node=coord event=task_finished task=A:a11/a1/s0/g1.82 worker=worker-4 state=revoked outcome=worker_dead
t=38.750000 node=coord event=task_finished task=A:a11/a1/s1/g1.83 worker=worker-4 state=revoked outcome=worker_dead
t=38.750000 node=coord event=shard_requeued job=A:a11 attempt=1 shard=1 failures=0
t=38.750000 node=coord event=task_finished task=B:b4/a1/s3/g1.88 worker=worker-4 state=revoked outcome=worker_dead
t=38.750000 node=coord event=shard_requeued job=B:b4 attempt=1 shard=3 failures=0
t=39.157451 node=coord event=worker_registered worker=worker-4 epoch=15 boot=1 reg_seq=5
t=39.250000 node=coord event=task_dispatch task=A:a11/a1/s1/g1.94 job=A:a11 attempt=1 shard=1 worker=worker-4 epoch=15 speculative=false batch=worker-4/e15/b54
t=39.250000 node=coord event=task_dispatch task=B:b4/a1/s3/g1.95 job=B:b4 attempt=1 shard=3 worker=worker-4 epoch=15 speculative=false batch=worker-4/e15/b54
t=39.267557 node=coord event=batch_assigned batch=worker-4/e15/b54 worker=worker-4 tasks=2 accepted=2 hb_seq=42
t=39.310997 node=coord event=shard_committed job=A:a12 attempt=1 shard=0 task=A:a12/a1/s0/g1.91 worker=worker-3 speculative=false committed=1 shards=3
t=39.541445 node=coord event=task_finished task=A:a12/a1/s0/g1.91 worker=worker-3 state=done outcome=committed
t=39.541445 node=coord event=batch_report batch=worker-3/e1/b51 worker=worker-3 tasks=1 failed=0
t=39.781913 node=coord event=shard_committed job=B:b4 attempt=1 shard=4 task=B:b4/a1/s4/g1.89 worker=worker-2 speculative=false committed=1 shards=6
t=39.879469 node=coord event=task_finished task=B:b4/a1/s4/g1.89 worker=worker-2 state=done outcome=committed
t=39.879469 node=coord event=batch_report batch=worker-2/e1/b49 worker=worker-2 tasks=1 failed=0
t=40.202348 node=coord event=shard_committed job=B:b4 attempt=1 shard=0 task=B:b4/a1/s0/g1.85 worker=worker-1 speculative=false committed=2 shards=6
t=40.964864 node=coord event=job_accepted job=A:a13 shards=3 records=64 units=1
t=40.964864 node=coord event=job_state job=A:a13 attempt=1 old=PENDING new=MAPPING reason=submitted
t=40.964864 node=coord event=attempt_start job=A:a13 attempt=1 max_attempts=3
t=40.964864 node=coord event=job_scheduled job=A:a13 attempt=1 shards=3 queued=3
t=41.050000 node=coord event=task_dispatch task=A:a13/a1/s0/g1.96 job=A:a13 attempt=1 shard=0 worker=worker-2 epoch=1 speculative=false batch=worker-2/e1/b55
t=41.050000 node=coord event=task_dispatch task=A:a13/a1/s1/g1.97 job=A:a13 attempt=1 shard=1 worker=worker-3 epoch=1 speculative=false batch=worker-3/e1/b56
t=41.050000 node=coord event=task_dispatch task=A:a13/a1/s2/g1.98 job=A:a13 attempt=1 shard=2 worker=worker-4 epoch=15 speculative=false batch=worker-4/e15/b57
t=41.053577 node=coord event=batch_assigned batch=worker-4/e15/b57 worker=worker-4 tasks=1 accepted=1 hb_seq=45
t=41.056631 node=coord event=batch_assigned batch=worker-3/e1/b56 worker=worker-3 tasks=1 accepted=1 hb_seq=79
t=41.062717 node=coord event=batch_assigned batch=worker-2/e1/b55 worker=worker-2 tasks=1 accepted=1 hb_seq=79
t=41.232511 node=coord event=shard_committed job=A:a12 attempt=1 shard=1 task=A:a12/a1/s1/g1.92 worker=worker-2 speculative=false committed=2 shards=3
t=41.355695 node=coord event=task_finished task=A:a12/a1/s1/g1.92 worker=worker-2 state=done outcome=committed
t=41.355695 node=coord event=batch_report batch=worker-2/e1/b52 worker=worker-2 tasks=1 failed=0
t=41.510979 node=coord event=shard_committed job=B:b4 attempt=1 shard=5 task=B:b4/a1/s5/g1.90 worker=worker-3 speculative=false committed=3 shards=6
t=41.550000 node=coord event=speculation_launch job=B:b4 attempt=1 shard=1 straggler=B:b4/a1/s1/g1.86 worker=worker-2 elapsed=5.8 straggler_after=3.5
t=41.550000 node=coord event=task_dispatch task=B:b4/a1/s1/g1.99 job=B:b4 attempt=1 shard=1 worker=worker-2 epoch=1 speculative=true batch=worker-2/e1/b58
t=41.578259 node=coord event=batch_assigned batch=worker-2/e1/b58 worker=worker-2 tasks=1 accepted=1 hb_seq=80
t=41.596319 node=coord event=task_finished task=B:b4/a1/s5/g1.90 worker=worker-3 state=done outcome=committed
t=41.596319 node=coord event=batch_report batch=worker-3/e1/b50 worker=worker-3 tasks=1 failed=0
t=42.068908 node=coord event=shard_committed job=A:a12 attempt=1 shard=2 task=A:a12/a1/s2/g1.93 worker=worker-3 speculative=false committed=3 shards=3
t=42.068908 node=coord event=job_state job=A:a12 attempt=1 old=MAPPING new=REDUCING reason=null
t=42.068908 node=coord event=task_finished task=A:a12/a1/s2/g1.93 worker=worker-3 state=revoked outcome=map_complete
t=42.068908 node=coord event=reduce_submit job=A:a12 attempt=1 op_id=reduce/A:a12/a1/r0 inputs=3
t=42.079979 node=coord event=gpu_submit op_id=reduce/A:a12/a1/r0 units=1 attempt=1 state=PENDING
t=42.150000 node=coord event=speculation_launch job=B:b4 attempt=1 shard=2 straggler=B:b4/a1/s2/g1.87 worker=worker-3 elapsed=6.4 straggler_after=3.5
t=42.150000 node=coord event=task_dispatch task=B:b4/a1/s2/g1.100 job=B:b4 attempt=1 shard=2 worker=worker-3 epoch=1 speculative=true batch=worker-3/e1/b59
t=42.170154 node=coord event=batch_assigned batch=worker-3/e1/b59 worker=worker-3 tasks=1 accepted=1 hb_seq=82
t=42.250000 node=coord event=speculation_launch job=A:a11 attempt=1 shard=1 straggler=A:a11/a1/s1/g1.94 worker=worker-3 elapsed=3.0 straggler_after=3.0
t=42.250000 node=coord event=task_dispatch task=A:a11/a1/s1/g1.101 job=A:a11 attempt=1 shard=1 worker=worker-3 epoch=1 speculative=true batch=worker-3/e1/b60
t=42.269889 node=coord event=batch_assigned batch=worker-3/e1/b60 worker=worker-3 tasks=1 accepted=1 hb_seq=82
t=42.269889 node=coord event=batch_report batch=worker-3/e1/b53 worker=worker-3 tasks=1 failed=0
t=42.698178 node=coord event=shard_committed job=A:a11 attempt=1 shard=1 task=A:a11/a1/s1/g1.94 worker=worker-4 speculative=false committed=3 shards=3
t=42.698178 node=coord event=task_abort_request job=A:a11 shard=1 worker=worker-3 tasks=1 reason=shard_committed
t=42.698178 node=coord event=job_state job=A:a11 attempt=1 old=MAPPING new=REDUCING reason=null
t=42.698178 node=coord event=task_finished task=A:a11/a1/s1/g1.101 worker=worker-3 state=revoked outcome=map_complete
t=42.698178 node=coord event=task_finished task=A:a11/a1/s1/g1.94 worker=worker-4 state=revoked outcome=map_complete
t=42.698178 node=coord event=reduce_submit job=A:a11 attempt=1 op_id=reduce/A:a11/a1/r0 inputs=3
t=42.704594 node=coord event=gpu_submit_retry op_id=reduce/A:a11/a1/r0 code=CAPACITY attempt=1 backoff=0.25
t=42.750000 node=coord event=speculation_launch job=B:b4 attempt=1 shard=3 straggler=B:b4/a1/s3/g1.95 worker=worker-3 elapsed=3.5 straggler_after=3.5
t=42.750000 node=coord event=task_dispatch task=B:b4/a1/s3/g1.102 job=B:b4 attempt=1 shard=3 worker=worker-3 epoch=1 speculative=true batch=worker-3/e1/b61
t=42.759591 node=coord event=batch_assigned batch=worker-3/e1/b61 worker=worker-3 tasks=1 accepted=1 hb_seq=83
t=42.908421 node=coord event=batch_report batch=worker-3/e1/b60 worker=worker-3 tasks=1 failed=0
t=42.966389 node=coord event=gpu_submit_retry op_id=reduce/A:a11/a1/r0 code=CAPACITY attempt=2 backoff=0.5
t=43.187773 node=coord event=shard_committed job=B:b3 attempt=1 shard=5 task=B:b3/a1/s5/g1.80 worker=worker-2 speculative=true committed=6 shards=6
t=43.187773 node=coord event=job_state job=B:b3 attempt=1 old=MAPPING new=REDUCING reason=null
t=43.187773 node=coord event=task_finished task=B:b3/a1/s5/g1.80 worker=worker-2 state=revoked outcome=map_complete
t=43.187773 node=coord event=reduce_submit job=B:b3 attempt=1 op_id=reduce/B:b3/a1/r0 inputs=6
t=43.200180 node=coord event=gpu_submit_retry op_id=reduce/B:b3/a1/r0 code=CAPACITY attempt=1 backoff=0.25
t=43.388966 node=coord event=batch_report batch=worker-2/e1/b43 worker=worker-2 tasks=1 failed=0
t=43.457401 node=coord event=gpu_submit op_id=reduce/B:b3/a1/r0 units=1 attempt=2 state=PENDING
t=43.469125 node=coord event=gpu_submit op_id=reduce/A:a11/a1/r0 units=1 attempt=3 state=PENDING
t=43.656139 node=coord event=shard_committed job=A:a13 attempt=1 shard=1 task=A:a13/a1/s1/g1.97 worker=worker-3 speculative=false committed=1 shards=3
t=43.741149 node=coord event=task_finished task=A:a13/a1/s1/g1.97 worker=worker-3 state=done outcome=committed
t=43.741149 node=coord event=batch_report batch=worker-3/e1/b56 worker=worker-3 tasks=1 failed=0
t=43.806215 node=coord event=job_accepted job=B:b5 shards=6 records=128 units=2
t=43.806215 node=coord event=job_state job=B:b5 attempt=1 old=PENDING new=MAPPING reason=submitted
t=43.806215 node=coord event=attempt_start job=B:b5 attempt=1 max_attempts=3
t=43.806215 node=coord event=job_scheduled job=B:b5 attempt=1 shards=6 queued=6
t=43.850000 node=coord event=task_dispatch task=B:b5/a1/s0/g1.103 job=B:b5 attempt=1 shard=0 worker=worker-2 epoch=1 speculative=false batch=worker-2/e1/b62
t=43.850000 node=coord event=task_dispatch task=B:b5/a1/s1/g1.104 job=B:b5 attempt=1 shard=1 worker=worker-3 epoch=1 speculative=false batch=worker-3/e1/b63
t=43.850000 node=coord event=task_dispatch task=B:b5/a1/s2/g1.105 job=B:b5 attempt=1 shard=2 worker=worker-4 epoch=15 speculative=false batch=worker-4/e15/b64
t=43.862808 node=coord event=batch_assigned batch=worker-4/e15/b64 worker=worker-4 tasks=1 accepted=1 hb_seq=51
t=43.866284 node=coord event=batch_assigned batch=worker-3/e1/b63 worker=worker-3 tasks=1 accepted=1 hb_seq=85
t=43.875711 node=coord event=batch_assigned batch=worker-2/e1/b62 worker=worker-2 tasks=1 accepted=1 hb_seq=84
t=44.236023 node=coord event=job_accepted job=A:a14 shards=3 records=64 units=1
t=44.236023 node=coord event=job_state job=A:a14 attempt=1 old=PENDING new=MAPPING reason=submitted
t=44.236023 node=coord event=attempt_start job=A:a14 attempt=1 max_attempts=3
t=44.236023 node=coord event=job_scheduled job=A:a14 attempt=1 shards=3 queued=3
t=44.250000 node=coord event=worker_dead worker=worker-4 epoch=16 reason=heartbeat_timeout silence=5.092549 dead_after=5.0006
t=44.250000 node=coord event=worker_tasks_revoked worker=worker-4 tasks=3 reason=worker_dead
t=44.250000 node=coord event=task_finished task=A:a13/a1/s2/g1.98 worker=worker-4 state=revoked outcome=worker_dead
t=44.250000 node=coord event=shard_requeued job=A:a13 attempt=1 shard=2 failures=0
t=44.250000 node=coord event=task_finished task=B:b4/a1/s3/g1.95 worker=worker-4 state=revoked outcome=worker_dead
t=44.250000 node=coord event=task_finished task=B:b5/a1/s2/g1.105 worker=worker-4 state=revoked outcome=worker_dead
t=44.250000 node=coord event=shard_requeued job=B:b5 attempt=1 shard=2 failures=0
t=44.254039 node=coord event=commit_rejected task=B:b4/a1/s3/g1.95 worker=worker-4 reason=fenced epoch=15
t=44.693619 node=coord event=commit_rejected task=A:a13/a1/s2/g1.98 worker=worker-4 reason=fenced epoch=15
t=44.769700 node=coord event=worker_registered worker=worker-4 epoch=17 boot=1 reg_seq=6
t=44.850000 node=coord event=task_dispatch task=B:b5/a1/s3/g1.106 job=B:b5 attempt=1 shard=3 worker=worker-4 epoch=17 speculative=false batch=worker-4/e17/b65
t=44.850000 node=coord event=task_dispatch task=B:b5/a1/s4/g1.107 job=B:b5 attempt=1 shard=4 worker=worker-4 epoch=17 speculative=false batch=worker-4/e17/b65
t=44.850000 node=coord event=task_dispatch task=B:b5/a1/s5/g1.108 job=B:b5 attempt=1 shard=5 worker=worker-4 epoch=17 speculative=false batch=worker-4/e17/b65
t=44.856041 node=coord event=batch_assigned batch=worker-4/e17/b65 worker=worker-4 tasks=3 accepted=3 hb_seq=53
t=44.973807 node=coord event=shard_committed job=A:a13 attempt=1 shard=0 task=A:a13/a1/s0/g1.96 worker=worker-2 speculative=false committed=2 shards=3
t=45.101320 node=coord event=task_finished task=A:a13/a1/s0/g1.96 worker=worker-2 state=done outcome=committed
t=45.101320 node=coord event=batch_report batch=worker-2/e1/b55 worker=worker-2 tasks=1 failed=0
t=45.150000 node=coord event=task_dispatch task=A:a14/a1/s0/g1.109 job=A:a14 attempt=1 shard=0 worker=worker-2 epoch=1 speculative=false batch=worker-2/e1/b66
t=45.158686 node=coord event=batch_assigned batch=worker-2/e1/b66 worker=worker-2 tasks=1 accepted=1 hb_seq=87
t=45.570663 node=coord event=gpu_op_terminal op_id=reduce/A:a11/a1/r0 state=SUCCEEDED
t=45.570663 node=coord event=job_state job=A:a11 attempt=1 old=REDUCING new=SUCCEEDED reason=null
t=45.570663 node=coord event=job_succeeded job=A:a11 attempt=1 op_id=reduce/A:a11/a1/r0 count=192 checksum=114ea2f5b91450ba
t=45.578590 node=coord event=gpu_release op_id=reduce/A:a11/a1/r0
t=45.702835 node=coord event=gpu_op_terminal op_id=reduce/A:a12/a1/r0 state=SUCCEEDED
t=45.702835 node=coord event=job_state job=A:a12 attempt=1 old=REDUCING new=SUCCEEDED reason=null
t=45.702835 node=coord event=job_succeeded job=A:a12 attempt=1 op_id=reduce/A:a12/a1/r0 count=192 checksum=f96a357a59b6b020
t=45.710165 node=coord event=gpu_release op_id=reduce/A:a12/a1/r0
t=45.756313 node=coord event=shard_committed job=B:b4 attempt=1 shard=1 task=B:b4/a1/s1/g1.99 worker=worker-2 speculative=true committed=4 shards=6
t=45.756313 node=coord event=task_abort_request job=B:b4 shard=1 worker=worker-1 tasks=1 reason=shard_committed
t=45.855129 node=coord event=gpu_released op_id=reduce/A:a11/a1/r0 via=hint
t=45.878796 node=coord event=gpu_released op_id=reduce/A:a12/a1/r0 via=hint
t=45.919185 node=coord event=task_finished task=B:b4/a1/s1/g1.99 worker=worker-2 state=done outcome=committed
t=45.919185 node=coord event=batch_report batch=worker-2/e1/b58 worker=worker-2 tasks=1 failed=0
t=45.950000 node=coord event=task_dispatch task=A:a14/a1/s1/g1.110 job=A:a14 attempt=1 shard=1 worker=worker-2 epoch=1 speculative=false batch=worker-2/e1/b67
t=45.952697 node=coord event=batch_assigned batch=worker-2/e1/b67 worker=worker-2 tasks=1 accepted=1 hb_seq=88
t=46.830540 node=coord event=gpu_op_terminal op_id=reduce/B:b3/a1/r0 state=SUCCEEDED
t=46.830540 node=coord event=job_state job=B:b3 attempt=1 old=REDUCING new=SUCCEEDED reason=null
t=46.830540 node=coord event=job_succeeded job=B:b3 attempt=1 op_id=reduce/B:b3/a1/r0 count=768 checksum=b62da95402141c7a
t=46.840906 node=coord event=gpu_release op_id=reduce/B:b3/a1/r0
t=46.845522 node=coord event=job_accepted job=A:a15 shards=3 records=64 units=1
t=46.845522 node=coord event=job_state job=A:a15 attempt=1 old=PENDING new=MAPPING reason=submitted
t=46.845522 node=coord event=attempt_start job=A:a15 attempt=1 max_attempts=3
t=46.845522 node=coord event=job_scheduled job=A:a15 attempt=1 shards=3 queued=3
t=47.084484 node=coord event=gpu_released op_id=reduce/B:b3/a1/r0 via=hint
t=47.105780 node=coord event=shard_committed job=B:b4 attempt=1 shard=3 task=B:b4/a1/s3/g1.102 worker=worker-3 speculative=true committed=5 shards=6
t=47.153447 node=coord event=shard_committed job=B:b4 attempt=1 shard=2 task=B:b4/a1/s2/g1.100 worker=worker-3 speculative=true committed=6 shards=6
t=47.153447 node=coord event=task_abort_request job=B:b4 shard=2 worker=worker-1 tasks=1 reason=shard_committed
t=47.153447 node=coord event=job_state job=B:b4 attempt=1 old=MAPPING new=REDUCING reason=null
t=47.153447 node=coord event=task_finished task=B:b4/a1/s0/g1.85 worker=worker-1 state=revoked outcome=map_complete
t=47.153447 node=coord event=task_finished task=B:b4/a1/s1/g1.86 worker=worker-1 state=revoked outcome=map_complete
t=47.153447 node=coord event=task_finished task=B:b4/a1/s2/g1.100 worker=worker-3 state=revoked outcome=map_complete
t=47.153447 node=coord event=task_finished task=B:b4/a1/s2/g1.87 worker=worker-1 state=revoked outcome=map_complete
t=47.153447 node=coord event=task_finished task=B:b4/a1/s3/g1.102 worker=worker-3 state=revoked outcome=map_complete
t=47.153447 node=coord event=reduce_submit job=B:b4 attempt=1 op_id=reduce/B:b4/a1/r0 inputs=6
t=47.154752 node=coord event=gpu_submit op_id=reduce/B:b4/a1/r0 units=1 attempt=1 state=PENDING
t=47.176373 node=coord event=batch_report batch=worker-3/e1/b61 worker=worker-3 tasks=1 failed=0
t=47.190311 node=coord event=batch_report batch=worker-3/e1/b61 worker=worker-3 tasks=1 failed=0
t=47.250000 node=coord event=task_dispatch task=A:a14/a1/s2/g1.111 job=A:a14 attempt=1 shard=2 worker=worker-1 epoch=4 speculative=false batch=worker-1/e4/b68
t=47.250000 node=coord event=task_dispatch task=A:a13/a1/s2/g1.112 job=A:a13 attempt=1 shard=2 worker=worker-1 epoch=4 speculative=false batch=worker-1/e4/b68
t=47.250000 node=coord event=task_dispatch task=B:b5/a1/s2/g1.113 job=B:b5 attempt=1 shard=2 worker=worker-1 epoch=4 speculative=false batch=worker-1/e4/b68
t=47.250000 node=coord event=task_dispatch task=A:a15/a1/s0/g1.114 job=A:a15 attempt=1 shard=0 worker=worker-3 epoch=1 speculative=false batch=worker-3/e1/b69
t=47.250000 node=coord event=task_dispatch task=A:a15/a1/s1/g1.115 job=A:a15 attempt=1 shard=1 worker=worker-3 epoch=1 speculative=false batch=worker-3/e1/b69
t=47.253705 node=coord event=batch_assigned batch=worker-3/e1/b69 worker=worker-3 tasks=2 accepted=2 hb_seq=92
t=47.257834 node=coord event=batch_assigned batch=worker-1/e4/b68 worker=worker-1 tasks=3 accepted=3 hb_seq=67
t=47.310067 node=coord event=shard_committed job=A:a14 attempt=1 shard=0 task=A:a14/a1/s0/g1.109 worker=worker-2 speculative=false committed=1 shards=3
t=47.349165 node=coord event=batch_report batch=worker-1/e4/b47 worker=worker-1 tasks=3 failed=0
t=47.376931 node=coord event=batch_report batch=worker-3/e1/b59 worker=worker-3 tasks=1 failed=0
t=47.589327 node=coord event=task_finished task=A:a14/a1/s0/g1.109 worker=worker-2 state=done outcome=committed
t=47.589327 node=coord event=batch_report batch=worker-2/e1/b66 worker=worker-2 tasks=1 failed=0
t=47.650000 node=coord event=task_dispatch task=A:a15/a1/s2/g1.116 job=A:a15 attempt=1 shard=2 worker=worker-2 epoch=1 speculative=false batch=worker-2/e1/b70
t=47.660256 node=coord event=batch_assigned batch=worker-2/e1/b70 worker=worker-2 tasks=1 accepted=1 hb_seq=91
t=48.243833 node=coord event=shard_committed job=B:b5 attempt=1 shard=3 task=B:b5/a1/s3/g1.106 worker=worker-4 speculative=false committed=1 shards=6
t=49.119019 node=coord event=shard_committed job=A:a15 attempt=1 shard=1 task=A:a15/a1/s1/g1.115 worker=worker-3 speculative=false committed=1 shards=3
t=49.149255 node=coord event=shard_committed job=A:a14 attempt=1 shard=1 task=A:a14/a1/s1/g1.110 worker=worker-2 speculative=false committed=2 shards=3
t=49.467200 node=coord event=task_finished task=A:a14/a1/s1/g1.110 worker=worker-2 state=done outcome=committed
t=49.467200 node=coord event=batch_report batch=worker-2/e1/b67 worker=worker-2 tasks=1 failed=0
t=49.476010 node=coord event=job_accepted job=A:a16 shards=3 records=64 units=1
t=49.476010 node=coord event=job_state job=A:a16 attempt=1 old=PENDING new=MAPPING reason=submitted
t=49.476010 node=coord event=attempt_start job=A:a16 attempt=1 max_attempts=3
t=49.476010 node=coord event=job_scheduled job=A:a16 attempt=1 shards=3 queued=3
t=49.550000 node=coord event=task_dispatch task=A:a16/a1/s0/g1.117 job=A:a16 attempt=1 shard=0 worker=worker-2 epoch=1 speculative=false batch=worker-2/e1/b71
t=49.556304 node=coord event=batch_assigned batch=worker-2/e1/b71 worker=worker-2 tasks=1 accepted=1 hb_seq=95
t=49.616245 node=coord event=shard_committed job=A:a15 attempt=1 shard=0 task=A:a15/a1/s0/g1.114 worker=worker-3 speculative=false committed=2 shards=3
t=49.742081 node=coord event=shard_committed job=B:b5 attempt=1 shard=1 task=B:b5/a1/s1/g1.104 worker=worker-3 speculative=false committed=2 shards=6
t=49.798126 node=coord event=gpu_op_terminal op_id=reduce/B:b4/a1/r0 state=SUCCEEDED
t=49.798126 node=coord event=job_state job=B:b4 attempt=1 old=REDUCING new=SUCCEEDED reason=null
t=49.798126 node=coord event=job_succeeded job=B:b4 attempt=1 op_id=reduce/B:b4/a1/r0 count=768 checksum=002a530e08934875
t=49.802490 node=coord event=task_finished task=A:a15/a1/s0/g1.114 worker=worker-3 state=done outcome=committed
t=49.802490 node=coord event=task_finished task=A:a15/a1/s1/g1.115 worker=worker-3 state=done outcome=committed
t=49.802490 node=coord event=batch_report batch=worker-3/e1/b69 worker=worker-3 tasks=2 failed=0
t=49.813293 node=coord event=gpu_release op_id=reduce/B:b4/a1/r0
t=49.850000 node=coord event=task_dispatch task=A:a16/a1/s1/g1.118 job=A:a16 attempt=1 shard=1 worker=worker-3 epoch=1 speculative=false batch=worker-3/e1/b72
t=49.850000 node=coord event=task_dispatch task=A:a16/a1/s2/g1.119 job=A:a16 attempt=1 shard=2 worker=worker-3 epoch=1 speculative=false batch=worker-3/e1/b72
t=49.856482 node=coord event=batch_assigned batch=worker-3/e1/b72 worker=worker-3 tasks=2 accepted=2 hb_seq=97
t=49.935061 node=coord event=task_finished task=B:b5/a1/s1/g1.104 worker=worker-3 state=done outcome=committed
t=49.935061 node=coord event=batch_report batch=worker-3/e1/b63 worker=worker-3 tasks=1 failed=0
t=50.000000 node=coord event=worker_dead worker=worker-4 epoch=18 reason=heartbeat_timeout silence=5.2303 dead_after=5.0006
t=50.000000 node=coord event=worker_tasks_revoked worker=worker-4 tasks=3 reason=worker_dead
t=50.000000 node=coord event=task_finished task=B:b5/a1/s3/g1.106 worker=worker-4 state=revoked outcome=worker_dead
t=50.000000 node=coord event=task_finished task=B:b5/a1/s4/g1.107 worker=worker-4 state=revoked outcome=worker_dead
t=50.000000 node=coord event=shard_requeued job=B:b5 attempt=1 shard=4 failures=0
t=50.000000 node=coord event=task_finished task=B:b5/a1/s5/g1.108 worker=worker-4 state=revoked outcome=worker_dead
t=50.000000 node=coord event=shard_requeued job=B:b5 attempt=1 shard=5 failures=0
t=50.050000 node=coord event=task_dispatch task=B:b5/a1/s4/g1.120 job=B:b5 attempt=1 shard=4 worker=worker-3 epoch=1 speculative=false batch=worker-3/e1/b73
t=50.072122 node=coord event=batch_assigned batch=worker-3/e1/b73 worker=worker-3 tasks=1 accepted=1 hb_seq=97
t=50.083595 node=coord event=gpu_released op_id=reduce/B:b4/a1/r0 via=hint
t=50.158715 node=coord event=shard_committed job=B:b5 attempt=1 shard=2 task=B:b5/a1/s2/g1.113 worker=worker-1 speculative=false committed=3 shards=6
t=50.382417 node=coord event=worker_registered worker=worker-4 epoch=19 boot=1 reg_seq=7
t=50.450000 node=coord event=task_dispatch task=B:b5/a1/s5/g1.121 job=B:b5 attempt=1 shard=5 worker=worker-4 epoch=19 speculative=false batch=worker-4/e19/b74
t=50.450000 node=coord event=speculation_launch job=A:a13 attempt=1 shard=2 straggler=A:a13/a1/s2/g1.112 worker=worker-4 elapsed=3.2 straggler_after=3.0
t=50.450000 node=coord event=task_dispatch task=A:a13/a1/s2/g1.122 job=A:a13 attempt=1 shard=2 worker=worker-4 epoch=19 speculative=true batch=worker-4/e19/b75
t=50.450000 node=coord event=speculation_launch job=A:a14 attempt=1 shard=2 straggler=A:a14/a1/s2/g1.111 worker=worker-4 elapsed=3.2 straggler_after=3.0
t=50.450000 node=coord event=task_dispatch task=A:a14/a1/s2/g1.123 job=A:a14 attempt=1 shard=2 worker=worker-4 epoch=19 speculative=true batch=worker-4/e19/b76
t=50.469178 node=coord event=batch_assigned batch=worker-4/e19/b74 worker=worker-4 tasks=1 accepted=1 hb_seq=64
t=50.469178 node=coord event=batch_assigned batch=worker-4/e19/b75 worker=worker-4 tasks=1 accepted=1 hb_seq=64
t=50.469178 node=coord event=batch_assigned batch=worker-4/e19/b76 worker=worker-4 tasks=1 accepted=1 hb_seq=64
t=50.645245 node=coord event=shard_committed job=A:a14 attempt=1 shard=2 task=A:a14/a1/s2/g1.111 worker=worker-1 speculative=false committed=3 shards=3
t=50.645245 node=coord event=task_abort_request job=A:a14 shard=2 worker=worker-4 tasks=1 reason=shard_committed
t=50.645245 node=coord event=job_state job=A:a14 attempt=1 old=MAPPING new=REDUCING reason=null
t=50.645245 node=coord event=task_finished task=A:a14/a1/s2/g1.111 worker=worker-1 state=revoked outcome=map_complete
t=50.645245 node=coord event=task_finished task=A:a14/a1/s2/g1.123 worker=worker-4 state=revoked outcome=map_complete
t=50.645245 node=coord event=reduce_submit job=A:a14 attempt=1 op_id=reduce/A:a14/a1/r0 inputs=3
t=50.648274 node=coord event=gpu_submit op_id=reduce/A:a14/a1/r0 units=1 attempt=1 state=PENDING
t=50.650000 node=coord event=speculation_launch job=A:a15 attempt=1 shard=2 straggler=A:a15/a1/s2/g1.116 worker=worker-1 elapsed=3.0 straggler_after=3.0
t=50.650000 node=coord event=task_dispatch task=A:a15/a1/s2/g1.124 job=A:a15 attempt=1 shard=2 worker=worker-1 epoch=4 speculative=true batch=worker-1/e4/b77
t=50.650000 node=coord event=speculation_launch job=B:b5 attempt=1 shard=0 straggler=B:b5/a1/s0/g1.103 worker=worker-4 elapsed=6.8 straggler_after=3.5
t=50.650000 node=coord event=task_dispatch task=B:b5/a1/s0/g1.125 job=B:b5 attempt=1 shard=0 worker=worker-4 epoch=19 speculative=true batch=worker-4/e19/b78
t=50.661796 node=coord event=batch_assigned batch=worker-4/e19/b78 worker=worker-4 tasks=1 accepted=1 hb_seq=64
t=50.671546 node=coord event=batch_assigned batch=worker-1/e4/b77 worker=worker-1 tasks=1 accepted=1 hb_seq=74
t=50.724463 node=coord event=batch_report batch=worker-4/e19/b76 worker=worker-4 tasks=1 failed=0
t=51.475910 node=coord event=shard_committed job=A:a13 attempt=1 shard=2 task=A:a13/a1/s2/g1.112 worker=worker-1 speculative=false committed=3 shards=3
t=51.475910 node=coord event=task_abort_request job=A:a13 shard=2 worker=worker-4 tasks=1 reason=shard_committed
t=51.475910 node=coord event=job_state job=A:a13 attempt=1 old=MAPPING new=REDUCING reason=null
t=51.475910 node=coord event=task_finished task=A:a13/a1/s2/g1.112 worker=worker-1 state=revoked outcome=map_complete
t=51.475910 node=coord event=task_finished task=A:a13/a1/s2/g1.122 worker=worker-4 state=revoked outcome=map_complete
t=51.475910 node=coord event=reduce_submit job=A:a13 attempt=1 op_id=reduce/A:a13/a1/r0 inputs=3
t=51.481883 node=coord event=gpu_submit_retry op_id=reduce/A:a13/a1/r0 code=CAPACITY attempt=1 backoff=0.25
t=51.496467 node=coord event=job_accepted job=B:b6 shards=6 records=128 units=2
t=51.496467 node=coord event=job_state job=B:b6 attempt=1 old=PENDING new=MAPPING reason=submitted
t=51.496467 node=coord event=attempt_start job=B:b6 attempt=1 max_attempts=3
t=51.496467 node=coord event=job_scheduled job=B:b6 attempt=1 shards=6 queued=6
t=51.550000 node=coord event=task_dispatch task=B:b6/a1/s0/g1.126 job=B:b6 attempt=1 shard=0 worker=worker-1 epoch=4 speculative=false batch=worker-1/e4/b79
t=51.550000 node=coord event=task_dispatch task=B:b6/a1/s1/g1.127 job=B:b6 attempt=1 shard=1 worker=worker-4 epoch=19 speculative=false batch=worker-4/e19/b80
t=51.560522 node=coord event=batch_assigned batch=worker-1/e4/b79 worker=worker-1 tasks=1 accepted=1 hb_seq=76
t=51.564501 node=coord event=batch_assigned batch=worker-4/e19/b80 worker=worker-4 tasks=1 accepted=1 hb_seq=66
t=51.636298 node=coord event=task_finished task=B:b5/a1/s2/g1.113 worker=worker-1 state=done outcome=committed
t=51.636298 node=coord event=batch_report batch=worker-1/e4/b68 worker=worker-1 tasks=3 failed=0
t=51.647238 node=coord event=batch_report batch=worker-4/e19/b75 worker=worker-4 tasks=1 failed=0
t=51.650000 node=coord event=task_dispatch task=B:b6/a1/s2/g1.128 job=B:b6 attempt=1 shard=2 worker=worker-1 epoch=4 speculative=false batch=worker-1/e4/b81
t=51.657590 node=coord event=batch_assigned batch=worker-1/e4/b81 worker=worker-1 tasks=1 accepted=1 hb_seq=76
t=51.738341 node=coord event=gpu_submit_retry op_id=reduce/A:a13/a1/r0 code=CAPACITY attempt=2 backoff=0.5
t=52.061531 node=coord event=shard_committed job=A:a15 attempt=1 shard=2 task=A:a15/a1/s2/g1.116 worker=worker-2 speculative=false committed=3 shards=3
t=52.061531 node=coord event=task_abort_request job=A:a15 shard=2 worker=worker-1 tasks=1 reason=shard_committed
t=52.061531 node=coord event=job_state job=A:a15 attempt=1 old=MAPPING new=REDUCING reason=null
t=52.061531 node=coord event=task_finished task=A:a15/a1/s2/g1.116 worker=worker-2 state=revoked outcome=map_complete
t=52.061531 node=coord event=task_finished task=A:a15/a1/s2/g1.124 worker=worker-1 state=revoked outcome=map_complete
t=52.061531 node=coord event=reduce_submit job=A:a15 attempt=1 op_id=reduce/A:a15/a1/r0 inputs=3
t=52.069933 node=coord event=gpu_submit_retry op_id=reduce/A:a15/a1/r0 code=CAPACITY attempt=1 backoff=0.25
t=52.150000 node=coord event=task_dispatch task=B:b6/a1/s3/g1.129 job=B:b6 attempt=1 shard=3 worker=worker-1 epoch=4 speculative=false batch=worker-1/e4/b82
t=52.150000 node=coord event=task_dispatch task=B:b6/a1/s4/g1.130 job=B:b6 attempt=1 shard=4 worker=worker-2 epoch=1 speculative=false batch=worker-2/e1/b83
t=52.155190 node=coord event=batch_assigned batch=worker-2/e1/b83 worker=worker-2 tasks=1 accepted=1 hb_seq=100
t=52.157760 node=coord event=batch_assigned batch=worker-1/e4/b82 worker=worker-1 tasks=1 accepted=1 hb_seq=77
t=52.255069 node=coord event=gpu_submit_retry op_id=reduce/A:a13/a1/r0 code=CAPACITY attempt=3 backoff=1.0
t=52.322899 node=coord event=gpu_submit_retry op_id=reduce/A:a15/a1/r0 code=CAPACITY attempt=2 backoff=0.5
t=52.353269 node=coord event=batch_report batch=worker-2/e1/b70 worker=worker-2 tasks=1 failed=0
t=52.474658 node=coord event=batch_report batch=worker-1/e4/b77 worker=worker-1 tasks=1 failed=0
t=52.650546 node=coord event=job_accepted job=A:a17 shards=3 records=64 units=1
t=52.650546 node=coord event=job_state job=A:a17 attempt=1 old=PENDING new=MAPPING reason=submitted
t=52.650546 node=coord event=attempt_start job=A:a17 attempt=1 max_attempts=3
t=52.650546 node=coord event=job_scheduled job=A:a17 attempt=1 shards=3 queued=3
t=52.844413 node=coord event=gpu_submit op_id=reduce/A:a15/a1/r0 units=1 attempt=3 state=PENDING
t=52.869654 node=coord event=shard_committed job=B:b5 attempt=1 shard=5 task=B:b5/a1/s5/g1.121 worker=worker-4 speculative=false committed=4 shards=6
t=52.962705 node=coord event=task_finished task=B:b5/a1/s5/g1.121 worker=worker-4 state=done outcome=committed
t=52.962705 node=coord event=batch_report batch=worker-4/e19/b74 worker=worker-4 tasks=1 failed=0
t=53.050000 node=coord event=task_dispatch task=B:b6/a1/s5/g1.131 job=B:b6 attempt=1 shard=5 worker=worker-4 epoch=19 speculative=false batch=worker-4/e19/b84
t=53.067109 node=coord event=batch_assigned batch=worker-4/e19/b84 worker=worker-4 tasks=1 accepted=1 hb_seq=69
t=53.198594 node=coord event=shard_committed job=A:a16 attempt=1 shard=0 task=A:a16/a1/s0/g1.117 worker=worker-2 speculative=false committed=1 shards=3
t=53.275002 node=coord event=gpu_submit op_id=reduce/A:a13/a1/r0 units=1 attempt=4 state=PENDING
t=53.380104 node=coord event=task_finished task=A:a16/a1/s0/g1.117 worker=worker-2 state=done outcome=committed
t=53.380104 node=coord event=batch_report batch=worker-2/e1/b71 worker=worker-2 tasks=1 failed=0
t=53.450000 node=coord event=task_dispatch task=A:a17/a1/s0/g1.132 job=A:a17 attempt=1 shard=0 worker=worker-2 epoch=1 speculative=false batch=worker-2/e1/b85
t=53.460717 node=coord event=batch_assigned batch=worker-2/e1/b85 worker=worker-2 tasks=1 accepted=1 hb_seq=102
t=53.474995 node=coord event=shard_committed job=A:a16 attempt=1 shard=1 task=A:a16/a1/s1/g1.118 worker=worker-3 speculative=false committed=2 shards=3
t=54.026404 node=coord event=shard_committed job=B:b6 attempt=1 shard=2 task=B:b6/a1/s2/g1.128 worker=worker-1 speculative=false committed=1 shards=6
t=54.076183 node=coord event=shard_committed job=A:a16 attempt=1 shard=2 task=A:a16/a1/s2/g1.119 worker=worker-3 speculative=false committed=3 shards=3
t=54.076183 node=coord event=job_state job=A:a16 attempt=1 old=MAPPING new=REDUCING reason=null
t=54.076183 node=coord event=task_finished task=A:a16/a1/s1/g1.118 worker=worker-3 state=revoked outcome=map_complete
t=54.076183 node=coord event=task_finished task=A:a16/a1/s2/g1.119 worker=worker-3 state=revoked outcome=map_complete
t=54.076183 node=coord event=reduce_submit job=A:a16 attempt=1 op_id=reduce/A:a16/a1/r0 inputs=3
t=54.084426 node=coord event=gpu_submit op_id=reduce/A:a16/a1/r0 units=1 attempt=1 state=PENDING
t=54.150000 node=coord event=task_dispatch task=A:a17/a1/s1/g1.133 job=A:a17 attempt=1 shard=1 worker=worker-3 epoch=1 speculative=false batch=worker-3/e1/b86
t=54.150000 node=coord event=task_dispatch task=A:a17/a1/s2/g1.134 job=A:a17 attempt=1 shard=2 worker=worker-3 epoch=1 speculative=false batch=worker-3/e1/b86
t=54.151755 node=coord event=batch_assigned batch=worker-3/e1/b86 worker=worker-3 tasks=2 accepted=2 hb_seq=105
t=54.235828 node=coord event=batch_report batch=worker-3/e1/b72 worker=worker-3 tasks=2 failed=0
t=54.239938 node=coord event=shard_committed job=B:b5 attempt=1 shard=4 task=B:b5/a1/s4/g1.120 worker=worker-3 speculative=false committed=5 shards=6
t=54.307545 node=coord event=task_finished task=B:b6/a1/s2/g1.128 worker=worker-1 state=done outcome=committed
t=54.307545 node=coord event=batch_report batch=worker-1/e4/b81 worker=worker-1 tasks=1 failed=0
t=54.308852 node=coord event=gpu_op_terminal op_id=reduce/A:a14/a1/r0 state=SUCCEEDED
t=54.308852 node=coord event=job_state job=A:a14 attempt=1 old=REDUCING new=SUCCEEDED reason=null
t=54.308852 node=coord event=job_succeeded job=A:a14 attempt=1 op_id=reduce/A:a14/a1/r0 count=192 checksum=90dce10a810ac5e0
t=54.314339 node=coord event=gpu_release op_id=reduce/A:a14/a1/r0
t=54.536159 node=coord event=task_finished task=B:b5/a1/s4/g1.120 worker=worker-3 state=done outcome=committed
t=54.536159 node=coord event=batch_report batch=worker-3/e1/b73 worker=worker-3 tasks=1 failed=0
t=54.601540 node=coord event=gpu_released op_id=reduce/A:a14/a1/r0 via=hint
t=55.376648 node=coord event=gpu_op_terminal op_id=reduce/A:a13/a1/r0 state=SUCCEEDED
t=55.376648 node=coord event=job_state job=A:a13 attempt=1 old=REDUCING new=SUCCEEDED reason=null
t=55.376648 node=coord event=job_succeeded job=A:a13 attempt=1 op_id=reduce/A:a13/a1/r0 count=192 checksum=d5b513efe5160b03
t=55.380424 node=coord event=gpu_release op_id=reduce/A:a13/a1/r0
t=55.488812 node=coord event=gpu_op_terminal op_id=reduce/A:a15/a1/r0 state=SUCCEEDED
t=55.488812 node=coord event=job_state job=A:a15 attempt=1 old=REDUCING new=SUCCEEDED reason=null
t=55.488812 node=coord event=job_succeeded job=A:a15 attempt=1 op_id=reduce/A:a15/a1/r0 count=192 checksum=7051cbacd8273be2
t=55.494819 node=coord event=gpu_release op_id=reduce/A:a15/a1/r0
t=55.500000 node=coord event=worker_dead worker=worker-4 epoch=20 reason=heartbeat_timeout silence=5.117583 dead_after=5.0006
t=55.500000 node=coord event=worker_tasks_revoked worker=worker-4 tasks=3 reason=worker_dead
t=55.500000 node=coord event=task_finished task=B:b5/a1/s0/g1.125 worker=worker-4 state=revoked outcome=worker_dead
t=55.500000 node=coord event=task_finished task=B:b6/a1/s1/g1.127 worker=worker-4 state=revoked outcome=worker_dead
t=55.500000 node=coord event=shard_requeued job=B:b6 attempt=1 shard=1 failures=0
t=55.500000 node=coord event=task_finished task=B:b6/a1/s5/g1.131 worker=worker-4 state=revoked outcome=worker_dead
t=55.500000 node=coord event=shard_requeued job=B:b6 attempt=1 shard=5 failures=0
t=55.550000 node=coord event=task_dispatch task=B:b6/a1/s1/g1.135 job=B:b6 attempt=1 shard=1 worker=worker-1 epoch=4 speculative=false batch=worker-1/e4/b87
t=55.550000 node=coord event=task_dispatch task=B:b6/a1/s5/g1.136 job=B:b6 attempt=1 shard=5 worker=worker-3 epoch=1 speculative=false batch=worker-3/e1/b88
t=55.555775 node=coord event=batch_assigned batch=worker-3/e1/b88 worker=worker-3 tasks=1 accepted=1 hb_seq=108
t=55.563259 node=coord event=batch_assigned batch=worker-1/e4/b87 worker=worker-1 tasks=1 accepted=1 hb_seq=84
t=55.600083 node=coord event=gpu_released op_id=reduce/A:a13/a1/r0 via=hint
t=55.707728 node=coord event=worker_registered worker=worker-4 epoch=21 boot=1 reg_seq=8
t=55.712861 node=coord event=gpu_released op_id=reduce/A:a15/a1/r0 via=hint
t=55.916134 node=coord event=job_accepted job=A:a18 shards=3 records=64 units=1
t=55.916134 node=coord event=job_state job=A:a18 attempt=1 old=PENDING new=MAPPING reason=submitted
t=55.916134 node=coord event=attempt_start job=A:a18 attempt=1 max_attempts=3
t=55.916134 node=coord event=job_scheduled job=A:a18 attempt=1 shards=3 queued=3
t=55.950000 node=coord event=task_dispatch task=A:a18/a1/s0/g1.137 job=A:a18 attempt=1 shard=0 worker=worker-4 epoch=21 speculative=false batch=worker-4/e21/b89
t=55.950000 node=coord event=task_dispatch task=A:a18/a1/s1/g1.138 job=A:a18 attempt=1 shard=1 worker=worker-4 epoch=21 speculative=false batch=worker-4/e21/b89
t=55.950000 node=coord event=task_dispatch task=A:a18/a1/s2/g1.139 job=A:a18 attempt=1 shard=2 worker=worker-4 epoch=21 speculative=false batch=worker-4/e21/b89
t=55.954043 node=coord event=batch_assigned batch=worker-4/e21/b89 worker=worker-4 tasks=3 accepted=3 hb_seq=74
t=56.354990 node=coord event=shard_committed job=A:a17 attempt=1 shard=0 task=A:a17/a1/s0/g1.132 worker=worker-2 speculative=false committed=1 shards=3
t=56.472240 node=coord event=task_finished task=A:a17/a1/s0/g1.132 worker=worker-2 state=done outcome=committed
t=56.472240 node=coord event=batch_report batch=worker-2/e1/b85 worker=worker-2 tasks=1 failed=0
t=57.207106 node=coord event=gpu_op_terminal op_id=reduce/A:a16/a1/r0 state=SUCCEEDED
t=57.207106 node=coord event=job_state job=A:a16 attempt=1 old=REDUCING new=SUCCEEDED reason=null
t=57.207106 node=coord event=job_succeeded job=A:a16 attempt=1 op_id=reduce/A:a16/a1/r0 count=192 checksum=77fe39df43f4d0a0
t=57.212250 node=coord event=gpu_release op_id=reduce/A:a16/a1/r0
t=57.313062 node=coord event=gpu_released op_id=reduce/A:a16/a1/r0 via=hint
t=57.758138 node=coord event=shard_committed job=A:a17 attempt=1 shard=1 task=A:a17/a1/s1/g1.133 worker=worker-3 speculative=false committed=2 shards=3
t=57.798281 node=coord event=shard_committed job=A:a17 attempt=1 shard=2 task=A:a17/a1/s2/g1.134 worker=worker-3 speculative=false committed=3 shards=3
t=57.798281 node=coord event=job_state job=A:a17 attempt=1 old=MAPPING new=REDUCING reason=null
t=57.798281 node=coord event=task_finished task=A:a17/a1/s1/g1.133 worker=worker-3 state=revoked outcome=map_complete
t=57.798281 node=coord event=task_finished task=A:a17/a1/s2/g1.134 worker=worker-3 state=revoked outcome=map_complete
t=57.798281 node=coord event=reduce_submit job=A:a17 attempt=1 op_id=reduce/A:a17/a1/r0 inputs=3
t=57.809390 node=coord event=gpu_submit_retry op_id=reduce/A:a17/a1/r0 code=CAPACITY attempt=1 backoff=0.25
t=57.990553 node=coord event=batch_report batch=worker-3/e1/b86 worker=worker-3 tasks=2 failed=0
t=58.065707 node=coord event=gpu_submit op_id=reduce/A:a17/a1/r0 units=1 attempt=2 state=PENDING
t=58.465497 node=coord event=shard_committed job=B:b6 attempt=1 shard=5 task=B:b6/a1/s5/g1.136 worker=worker-3 speculative=false committed=2 shards=6
t=58.531869 node=coord event=job_accepted job=A:a19 shards=3 records=64 units=1
t=58.531869 node=coord event=job_state job=A:a19 attempt=1 old=PENDING new=MAPPING reason=submitted
t=58.531869 node=coord event=attempt_start job=A:a19 attempt=1 max_attempts=3
t=58.531869 node=coord event=job_scheduled job=A:a19 attempt=1 shards=3 queued=3
t=58.550000 node=coord event=task_dispatch task=A:a19/a1/s0/g1.140 job=A:a19 attempt=1 shard=0 worker=worker-3 epoch=1 speculative=false batch=worker-3/e1/b90
t=58.550000 node=coord event=task_dispatch task=A:a19/a1/s1/g1.141 job=A:a19 attempt=1 shard=1 worker=worker-3 epoch=1 speculative=false batch=worker-3/e1/b90
t=58.550000 node=coord event=task_dispatch task=A:a19/a1/s2/g1.142 job=A:a19 attempt=1 shard=2 worker=worker-2 epoch=1 speculative=false batch=worker-2/e1/b91
t=58.561950 node=coord event=batch_assigned batch=worker-2/e1/b91 worker=worker-2 tasks=1 accepted=1 hb_seq=112
t=58.563007 node=coord event=batch_assigned batch=worker-3/e1/b90 worker=worker-3 tasks=2 accepted=2 hb_seq=114
t=58.793124 node=coord event=task_finished task=B:b6/a1/s5/g1.136 worker=worker-3 state=done outcome=committed
t=58.793124 node=coord event=batch_report batch=worker-3/e1/b88 worker=worker-3 tasks=1 failed=0
t=59.358036 node=coord event=shard_committed job=B:b6 attempt=1 shard=4 task=B:b6/a1/s4/g1.130 worker=worker-2 speculative=false committed=3 shards=6
t=59.442272 node=coord event=shard_committed job=B:b6 attempt=1 shard=1 task=B:b6/a1/s1/g1.135 worker=worker-1 speculative=false committed=4 shards=6
t=59.450000 node=coord event=speculation_launch job=B:b6 attempt=1 shard=0 straggler=B:b6/a1/s0/g1.126 worker=worker-3 elapsed=7.9 straggler_after=3.5
t=59.450000 node=coord event=task_dispatch task=B:b6/a1/s0/g1.143 job=B:b6 attempt=1 shard=0 worker=worker-3 epoch=1 speculative=true batch=worker-3/e1/b92
t=59.453351 node=coord event=batch_assigned batch=worker-3/e1/b92 worker=worker-3 tasks=1 accepted=1 hb_seq=115
t=59.584425 node=coord event=task_finished task=B:b6/a1/s4/g1.130 worker=worker-2 state=done outcome=committed
t=59.584425 node=coord event=batch_report batch=worker-2/e1/b83 worker=worker-2 tasks=1 failed=0
t=59.650000 node=coord event=speculation_launch job=B:b6 attempt=1 shard=3 straggler=B:b6/a1/s3/g1.129 worker=worker-2 elapsed=7.5 straggler_after=3.5
t=59.650000 node=coord event=task_dispatch task=B:b6/a1/s3/g1.144 job=B:b6 attempt=1 shard=3 worker=worker-2 epoch=1 speculative=true batch=worker-2/e1/b93
t=59.656362 node=coord event=batch_assigned batch=worker-2/e1/b93 worker=worker-2 tasks=1 accepted=1 hb_seq=114
t=59.733451 node=coord event=job_accepted job=B:b7 shards=6 records=128 units=2
t=59.733451 node=coord event=job_state job=B:b7 attempt=1 old=PENDING new=MAPPING reason=submitted
t=59.733451 node=coord event=attempt_start job=B:b7 attempt=1 max_attempts=3
t=59.733451 node=coord event=job_scheduled job=B:b7 attempt=1 shards=6 queued=6
t=59.745785 node=coord event=task_finished task=B:b6/a1/s1/g1.135 worker=worker-1 state=done outcome=committed
t=59.745785 node=coord event=batch_report batch=worker-1/e4/b87 worker=worker-1 tasks=1 failed=0
t=59.750000 node=coord event=task_dispatch task=B:b7/a1/s0/g1.145 job=B:b7 attempt=1 shard=0 worker=worker-1 epoch=4 speculative=false batch=worker-1/e4/b94
t=59.759823 node=coord event=batch_assigned batch=worker-1/e4/b94 worker=worker-1 tasks=1 accepted=1 hb_seq=92
t=59.807178 node=coord event=shard_committed job=B:b6 attempt=1 shard=0 task=B:b6/a1/s0/g1.126 worker=worker-1 speculative=false committed=5 shards=6
t=59.807178 node=coord event=task_abort_request job=B:b6 shard=0 worker=worker-3 tasks=1 reason=shard_committed
t=59.874554 node=coord event=gpu_op_terminal op_id=reduce/A:a17/a1/r0 state=SUCCEEDED
t=59.874554 node=coord event=job_state job=A:a17 attempt=1 old=REDUCING new=SUCCEEDED reason=null
t=59.874554 node=coord event=job_succeeded job=A:a17 attempt=1 op_id=reduce/A:a17/a1/r0 count=192 checksum=9f998eb73373f096
t=59.876464 node=coord event=gpu_release op_id=reduce/A:a17/a1/r0
t=60.069954 node=coord event=gpu_released op_id=reduce/A:a17/a1/r0 via=hint
t=60.086227 node=coord event=task_finished task=B:b6/a1/s0/g1.126 worker=worker-1 state=done outcome=committed
t=60.086227 node=coord event=batch_report batch=worker-1/e4/b79 worker=worker-1 tasks=1 failed=0
t=60.150000 node=coord event=task_dispatch task=B:b7/a1/s1/g1.146 job=B:b7 attempt=1 shard=1 worker=worker-1 epoch=4 speculative=false batch=worker-1/e4/b95
t=60.156219 node=coord event=batch_assigned batch=worker-1/e4/b95 worker=worker-1 tasks=1 accepted=1 hb_seq=93
t=60.165914 node=coord event=shard_committed job=A:a18 attempt=1 shard=0 task=A:a18/a1/s0/g1.137 worker=worker-4 speculative=false committed=1 shards=3
t=60.233155 node=coord event=task_finished task=B:b6/a1/s0/g1.143 worker=worker-3 state=done outcome=aborted
t=60.233155 node=coord event=batch_report batch=worker-3/e1/b92 worker=worker-3 tasks=1 failed=0
t=60.250000 node=coord event=task_dispatch task=B:b7/a1/s2/g1.147 job=B:b7 attempt=1 shard=2 worker=worker-3 epoch=1 speculative=false batch=worker-3/e1/b96
t=60.254912 node=coord event=batch_assigned batch=worker-3/e1/b96 worker=worker-3 tasks=1 accepted=1 hb_seq=117
t=60.750000 node=coord event=worker_dead worker=worker-4 epoch=22 reason=heartbeat_timeout silence=5.042272 dead_after=5.0006
t=60.750000 node=coord event=worker_tasks_revoked worker=worker-4 tasks=3 reason=worker_dead
t=60.750000 node=coord event=task_finished task=A:a18/a1/s0/g1.137 worker=worker-4 state=revoked outcome=worker_dead
t=60.750000 node=coord event=task_finished task=A:a18/a1/s1/g1.138 worker=worker-4 state=revoked outcome=worker_dead
t=60.750000 node=coord event=shard_requeued job=A:a18 attempt=1 shard=1 failures=0
t=60.750000 node=coord event=task_finished task=A:a18/a1/s2/g1.139 worker=worker-4 state=revoked outcome=worker_dead
t=60.750000 node=coord event=shard_requeued job=A:a18 attempt=1 shard=2 failures=0
t=60.780506 node=coord event=worker_registered worker=worker-4 epoch=23 boot=1 reg_seq=9
t=60.850000 node=coord event=task_dispatch task=B:b7/a1/s3/g1.148 job=B:b7 attempt=1 shard=3 worker=worker-4 epoch=23 speculative=false batch=worker-4/e23/b97
t=60.850000 node=coord event=task_dispatch task=B:b7/a1/s4/g1.149 job=B:b7 attempt=1 shard=4 worker=worker-4 epoch=23 speculative=false batch=worker-4/e23/b97
t=60.850000 node=coord event=task_dispatch task=B:b7/a1/s5/g1.150 job=B:b7 attempt=1 shard=5 worker=worker-4 epoch=23 speculative=false batch=worker-4/e23/b97
t=60.881280 node=coord event=batch_assigned batch=worker-4/e23/b97 worker=worker-4 tasks=3 accepted=3 hb_seq=84
t=61.153162 node=coord event=shard_committed job=A:a19 attempt=1 shard=0 task=A:a19/a1/s0/g1.140 worker=worker-3 speculative=false committed=1 shards=3
t=61.471675 node=coord event=shard_committed job=A:a19 attempt=1 shard=2 task=A:a19/a1/s2/g1.142 worker=worker-2 speculative=false committed=2 shards=3
t=61.658821 node=coord event=shard_committed job=A:a19 attempt=1 shard=1 task=A:a19/a1/s1/g1.141 worker=worker-3 speculative=false committed=3 shards=3
t=61.658821 node=coord event=job_state job=A:a19 attempt=1 old=MAPPING new=REDUCING reason=null
t=61.658821 node=coord event=task_finished task=A:a19/a1/s0/g1.140 worker=worker-3 state=revoked outcome=map_complete
t=61.658821 node=coord event=task_finished task=A:a19/a1/s1/g1.141 worker=worker-3 state=revoked outcome=map_complete
t=61.658821 node=coord event=task_finished task=A:a19/a1/s2/g1.142 worker=worker-2 state=revoked outcome=map_complete
t=61.658821 node=coord event=reduce_submit job=A:a19 attempt=1 op_id=reduce/A:a19/a1/r0 inputs=3
t=61.663233 node=coord event=gpu_submit_retry op_id=reduce/A:a19/a1/r0 code=CAPACITY attempt=1 backoff=0.25
t=61.748286 node=coord event=batch_report batch=worker-3/e1/b90 worker=worker-3 tasks=2 failed=0
t=61.750000 node=coord event=task_dispatch task=A:a18/a1/s1/g1.151 job=A:a18 attempt=1 shard=1 worker=worker-3 epoch=1 speculative=false batch=worker-3/e1/b98
t=61.750000 node=coord event=task_dispatch task=A:a18/a1/s2/g1.152 job=A:a18 attempt=1 shard=2 worker=worker-3 epoch=1 speculative=false batch=worker-3/e1/b98
t=61.753433 node=coord event=batch_report batch=worker-2/e1/b91 worker=worker-2 tasks=1 failed=0
t=61.795316 node=coord event=batch_assigned batch=worker-3/e1/b98 worker=worker-3 tasks=2 accepted=2 hb_seq=120
t=61.926145 node=coord event=gpu_submit_retry op_id=reduce/A:a19/a1/r0 code=CAPACITY attempt=2 backoff=0.5
t=62.245933 node=coord event=shard_committed job=B:b6 attempt=1 shard=3 task=B:b6/a1/s3/g1.144 worker=worker-2 speculative=true committed=6 shards=6
t=62.245933 node=coord event=task_abort_request job=B:b6 shard=3 worker=worker-1 tasks=1 reason=shard_committed
t=62.245933 node=coord event=job_state job=B:b6 attempt=1 old=MAPPING new=REDUCING reason=null
t=62.245933 node=coord event=task_finished task=B:b6/a1/s3/g1.129 worker=worker-1 state=revoked outcome=map_complete
t=62.245933 node=coord event=task_finished task=B:b6/a1/s3/g1.144 worker=worker-2 state=revoked outcome=map_complete
t=62.245933 node=coord event=reduce_submit job=B:b6 attempt=1 op_id=reduce/B:b6/a1/r0 inputs=6
t=62.277711 node=coord event=gpu_submit_retry op_id=reduce/B:b6/a1/r0 code=CAPACITY attempt=1 backoff=0.25
t=62.419975 node=coord event=batch_report batch=worker-2/e1/b93 worker=worker-2 tasks=1 failed=0
t=62.433621 node=coord event=gpu_submit op_id=reduce/A:a19/a1/r0 units=1 attempt=3 state=PENDING
t=62.531739 node=coord event=gpu_submit op_id=reduce/B:b6/a1/r0 units=1 attempt=2 state=PENDING
t=62.777708 node=coord event=shard_committed job=B:b7 attempt=1 shard=1 task=B:b7/a1/s1/g1.146 worker=worker-1 speculative=false committed=1 shards=6
t=62.987189 node=coord event=task_finished task=B:b7/a1/s1/g1.146 worker=worker-1 state=done outcome=committed
t=62.987189 node=coord event=batch_report batch=worker-1/e4/b95 worker=worker-1 tasks=1 failed=0
t=63.900377 node=coord event=shard_committed job=B:b7 attempt=1 shard=2 task=B:b7/a1/s2/g1.147 worker=worker-3 speculative=false committed=2 shards=6
t=64.020467 node=coord event=task_finished task=B:b7/a1/s2/g1.147 worker=worker-3 state=done outcome=committed
t=64.020467 node=coord event=batch_report batch=worker-3/e1/b96 worker=worker-3 tasks=1 failed=0
t=64.279695 node=coord event=worker_registered worker=worker-1 epoch=5 boot=2 reg_seq=1
t=64.474628 node=coord event=shard_committed job=B:b7 attempt=1 shard=3 task=B:b7/a1/s3/g1.148 worker=worker-4 speculative=false committed=3 shards=6
t=64.521847 node=coord event=gpu_op_terminal op_id=reduce/A:a19/a1/r0 state=SUCCEEDED
t=64.521847 node=coord event=job_state job=A:a19 attempt=1 old=REDUCING new=SUCCEEDED reason=null
t=64.521847 node=coord event=job_succeeded job=A:a19 attempt=1 op_id=reduce/A:a19/a1/r0 count=192 checksum=5848332a8e03bcb0
t=64.533430 node=coord event=gpu_release op_id=reduce/A:a19/a1/r0
t=64.550000 node=coord event=speculation_launch job=B:b7 attempt=1 shard=0 straggler=B:b7/a1/s0/g1.145 worker=worker-2 elapsed=4.8 straggler_after=3.5
t=64.550000 node=coord event=task_dispatch task=B:b7/a1/s0/g1.153 job=B:b7 attempt=1 shard=0 worker=worker-2 epoch=1 speculative=true batch=worker-2/e1/b99
t=64.550000 node=coord event=speculation_launch job=B:b7 attempt=1 shard=4 straggler=B:b7/a1/s4/g1.149 worker=worker-1 elapsed=3.7 straggler_after=3.5
t=64.550000 node=coord event=task_dispatch task=B:b7/a1/s4/g1.154 job=B:b7 attempt=1 shard=4 worker=worker-1 epoch=5 speculative=true batch=worker-1/e5/b100
t=64.550000 node=coord event=speculation_launch job=B:b7 attempt=1 shard=5 straggler=B:b7/a1/s5/g1.150 worker=worker-1 elapsed=3.7 straggler_after=3.5
t=64.550000 node=coord event=task_dispatch task=B:b7/a1/s5/g1.155 job=B:b7 attempt=1 shard=5 worker=worker-1 epoch=5 speculative=true batch=worker-1/e5/b101
t=64.556300 node=coord event=batch_assigned batch=worker-1/e5/b100 worker=worker-1 tasks=1 accepted=1 hb_seq=0
t=64.662627 node=coord event=gpu_released op_id=reduce/A:a19/a1/r0 via=hint
t=64.883267 node=coord event=gpu_op_terminal op_id=reduce/B:b6/a1/r0 state=SUCCEEDED
t=64.883267 node=coord event=job_state job=B:b6 attempt=1 old=REDUCING new=SUCCEEDED reason=null
t=64.883267 node=coord event=job_succeeded job=B:b6 attempt=1 op_id=reduce/B:b6/a1/r0 count=768 checksum=f612f5507132e9eb
t=64.896515 node=coord event=gpu_release op_id=reduce/B:b6/a1/r0
t=65.050000 node=coord event=batch_assign_retry batch=worker-2/e1/b99 worker=worker-2 attempt=1
t=65.050000 node=coord event=batch_assign_retry batch=worker-1/e5/b101 worker=worker-1 attempt=1
t=65.059173 node=coord event=batch_assigned batch=worker-1/e5/b101 worker=worker-1 tasks=1 accepted=1 hb_seq=1
t=65.144136 node=coord event=gpu_released op_id=reduce/B:b6/a1/r0 via=hint
t=65.230962 node=coord event=worker_registered worker=worker-2 epoch=2 boot=1 reg_seq=1
t=65.550000 node=coord event=batch_assign_retry batch=worker-2/e1/b99 worker=worker-2 attempt=2
t=65.560523 node=coord event=batch_assign_rejected batch=worker-2/e1/b99 worker=worker-2 code=STALE_EPOCH
t=65.560523 node=coord event=task_finished task=B:b7/a1/s0/g1.153 worker=worker-2 state=revoked outcome=assign_rejected
t=65.690864 node=coord event=shard_committed job=A:a18 attempt=1 shard=1 task=A:a18/a1/s1/g1.151 worker=worker-3 speculative=false committed=2 shards=3
t=65.715575 node=coord event=shard_committed job=A:a18 attempt=1 shard=2 task=A:a18/a1/s2/g1.152 worker=worker-3 speculative=false committed=3 shards=3
t=65.715575 node=coord event=job_state job=A:a18 attempt=1 old=MAPPING new=REDUCING reason=null
t=65.715575 node=coord event=task_finished task=A:a18/a1/s1/g1.151 worker=worker-3 state=revoked outcome=map_complete
t=65.715575 node=coord event=task_finished task=A:a18/a1/s2/g1.152 worker=worker-3 state=revoked outcome=map_complete
t=65.715575 node=coord event=reduce_submit job=A:a18 attempt=1 op_id=reduce/A:a18/a1/r0 inputs=3
t=65.722197 node=coord event=gpu_submit op_id=reduce/A:a18/a1/r0 units=1 attempt=1 state=PENDING
t=65.830334 node=coord event=batch_report batch=worker-3/e1/b98 worker=worker-3 tasks=2 failed=0
t=66.000000 node=coord event=worker_dead worker=worker-4 epoch=24 reason=heartbeat_timeout silence=5.219494 dead_after=5.0006
t=66.000000 node=coord event=worker_tasks_revoked worker=worker-4 tasks=3 reason=worker_dead
t=66.000000 node=coord event=task_finished task=B:b7/a1/s3/g1.148 worker=worker-4 state=revoked outcome=worker_dead
t=66.000000 node=coord event=task_finished task=B:b7/a1/s4/g1.149 worker=worker-4 state=revoked outcome=worker_dead
t=66.000000 node=coord event=task_finished task=B:b7/a1/s5/g1.150 worker=worker-4 state=revoked outcome=worker_dead
t=66.447383 node=coord event=worker_registered worker=worker-4 epoch=25 boot=1 reg_seq=10
t=66.957676 node=coord event=shard_committed job=B:b7 attempt=1 shard=4 task=B:b7/a1/s4/g1.154 worker=worker-1 speculative=true committed=4 shards=6
t=67.159016 node=coord event=task_finished task=B:b7/a1/s4/g1.154 worker=worker-1 state=done outcome=committed
t=67.159016 node=coord event=batch_report batch=worker-1/e5/b100 worker=worker-1 tasks=1 failed=0
t=67.964668 node=coord event=shard_committed job=B:b7 attempt=1 shard=5 task=B:b7/a1/s5/g1.155 worker=worker-1 speculative=true committed=5 shards=6
t=68.238603 node=coord event=task_finished task=B:b7/a1/s5/g1.155 worker=worker-1 state=done outcome=committed
t=68.238603 node=coord event=batch_report batch=worker-1/e5/b101 worker=worker-1 tasks=1 failed=0
t=68.641883 node=coord event=gpu_op_terminal op_id=reduce/A:a18/a1/r0 state=SUCCEEDED
t=68.641883 node=coord event=job_state job=A:a18 attempt=1 old=REDUCING new=SUCCEEDED reason=null
t=68.641883 node=coord event=job_succeeded job=A:a18 attempt=1 op_id=reduce/A:a18/a1/r0 count=192 checksum=0ebccb639244e921
t=68.653510 node=coord event=gpu_release op_id=reduce/A:a18/a1/r0
t=68.894383 node=coord event=gpu_released op_id=reduce/A:a18/a1/r0 via=hint
t=69.500000 node=coord event=worker_dead worker=worker-1 epoch=6 reason=heartbeat_timeout silence=5.220305 dead_after=5.0006
t=69.500000 node=coord event=worker_tasks_revoked worker=worker-1 tasks=1 reason=worker_dead
t=69.500000 node=coord event=task_finished task=B:b7/a1/s0/g1.145 worker=worker-1 state=revoked outcome=worker_dead
t=69.500000 node=coord event=shard_requeued job=B:b7 attempt=1 shard=0 failures=0
t=69.550000 node=coord event=task_dispatch task=B:b7/a1/s0/g1.156 job=B:b7 attempt=1 shard=0 worker=worker-3 epoch=1 speculative=false batch=worker-3/e1/b102
t=69.552800 node=coord event=batch_assigned batch=worker-3/e1/b102 worker=worker-3 tasks=1 accepted=1 hb_seq=135
t=69.909910 node=coord event=worker_registered worker=worker-1 epoch=7 boot=2 reg_seq=2
t=70.250000 node=coord event=worker_dead worker=worker-2 epoch=3 reason=heartbeat_timeout silence=5.019038 dead_after=5.0006
t=70.250000 node=coord event=worker_tasks_revoked worker=worker-2 tasks=1 reason=worker_dead
t=70.250000 node=coord event=task_finished task=B:b5/a1/s0/g1.103 worker=worker-2 state=revoked outcome=worker_dead
t=70.250000 node=coord event=shard_requeued job=B:b5 attempt=1 shard=0 failures=0
t=70.250000 node=coord event=task_dispatch task=B:b5/a1/s0/g1.157 job=B:b5 attempt=1 shard=0 worker=worker-1 epoch=7 speculative=false batch=worker-1/e7/b103
t=70.251472 node=coord event=batch_assigned batch=worker-1/e7/b103 worker=worker-1 tasks=1 accepted=1 hb_seq=11
t=70.334673 node=coord event=worker_registered worker=worker-2 epoch=4 boot=1 reg_seq=2
t=71.500000 node=coord event=worker_dead worker=worker-4 epoch=26 reason=heartbeat_timeout silence=5.052617 dead_after=5.0006
t=71.556151 node=coord event=worker_registered worker=worker-4 epoch=27 boot=1 reg_seq=11
t=73.876516 node=coord event=shard_committed job=B:b5 attempt=1 shard=0 task=B:b5/a1/s0/g1.157 worker=worker-1 speculative=false committed=6 shards=6
t=73.876516 node=coord event=job_state job=B:b5 attempt=1 old=MAPPING new=REDUCING reason=null
t=73.876516 node=coord event=task_finished task=B:b5/a1/s0/g1.157 worker=worker-1 state=revoked outcome=map_complete
t=73.876516 node=coord event=reduce_submit job=B:b5 attempt=1 op_id=reduce/B:b5/a1/r0 inputs=6
t=73.886956 node=coord event=gpu_submit op_id=reduce/B:b5/a1/r0 units=1 attempt=1 state=PENDING
t=73.982574 node=coord event=batch_report batch=worker-1/e7/b103 worker=worker-1 tasks=1 failed=0
t=73.999286 node=coord event=shard_committed job=B:b7 attempt=1 shard=0 task=B:b7/a1/s0/g1.156 worker=worker-3 speculative=false committed=6 shards=6
t=73.999286 node=coord event=job_state job=B:b7 attempt=1 old=MAPPING new=REDUCING reason=null
t=73.999286 node=coord event=task_finished task=B:b7/a1/s0/g1.156 worker=worker-3 state=revoked outcome=map_complete
t=73.999286 node=coord event=reduce_submit job=B:b7 attempt=1 op_id=reduce/B:b7/a1/r0 inputs=6
t=74.007852 node=coord event=gpu_submit op_id=reduce/B:b7/a1/r0 units=1 attempt=1 state=PENDING
t=74.867050 node=coord event=batch_report batch=worker-3/e1/b102 worker=worker-3 tasks=1 failed=0
t=75.000000 node=coord event=worker_dead worker=worker-1 epoch=8 reason=heartbeat_timeout silence=5.09009 dead_after=5.0006
t=75.074385 node=coord event=gpu_op_terminal op_id=reduce/B:b7/a1/r0 state=SUCCEEDED
t=75.074385 node=coord event=job_state job=B:b7 attempt=1 old=REDUCING new=SUCCEEDED reason=null
t=75.074385 node=coord event=job_succeeded job=B:b7 attempt=1 op_id=reduce/B:b7/a1/r0 count=768 checksum=a801037769daaae0
t=75.085576 node=coord event=gpu_release op_id=reduce/B:b7/a1/r0
t=75.286499 node=coord event=gpu_released op_id=reduce/B:b7/a1/r0 via=hint
t=75.500000 node=coord event=worker_dead worker=worker-2 epoch=5 reason=heartbeat_timeout silence=5.165327 dead_after=5.0006
t=75.956532 node=coord event=worker_registered worker=worker-2 epoch=6 boot=1 reg_seq=3
t=76.750000 node=coord event=worker_dead worker=worker-4 epoch=28 reason=heartbeat_timeout silence=5.193849 dead_after=5.0006
t=77.122639 node=coord event=worker_registered worker=worker-4 epoch=29 boot=1 reg_seq=12
t=77.298387 node=coord event=gpu_op_terminal op_id=reduce/B:b5/a1/r0 state=SUCCEEDED
t=77.298387 node=coord event=job_state job=B:b5 attempt=1 old=REDUCING new=SUCCEEDED reason=null
t=77.298387 node=coord event=job_succeeded job=B:b5 attempt=1 op_id=reduce/B:b5/a1/r0 count=768 checksum=d06def8907cdc818
t=77.309350 node=coord event=gpu_release op_id=reduce/B:b5/a1/r0
t=77.432013 node=coord event=gpu_released op_id=reduce/B:b5/a1/r0 via=hint
t=77.643661 node=coord event=worker_registered worker=worker-1 epoch=9 boot=3 reg_seq=1
t=81.000000 node=coord event=worker_dead worker=worker-2 epoch=7 reason=heartbeat_timeout silence=5.043468 dead_after=5.0006
t=81.048226 node=coord event=worker_registered worker=worker-2 epoch=8 boot=1 reg_seq=4
t=82.250000 node=coord event=worker_dead worker=worker-4 epoch=30 reason=heartbeat_timeout silence=5.127361 dead_after=5.0006
t=82.701208 node=coord event=worker_registered worker=worker-4 epoch=31 boot=1 reg_seq=13
t=82.750000 node=coord event=worker_dead worker=worker-1 epoch=10 reason=heartbeat_timeout silence=5.106339 dead_after=5.0006
t=83.249129 node=coord event=worker_registered worker=worker-1 epoch=11 boot=3 reg_seq=2
t=86.250000 node=coord event=worker_dead worker=worker-2 epoch=9 reason=heartbeat_timeout silence=5.201774 dead_after=5.0006
t=86.652045 node=coord event=worker_registered worker=worker-2 epoch=10 boot=1 reg_seq=5
t=87.750000 node=coord event=worker_dead worker=worker-4 epoch=32 reason=heartbeat_timeout silence=5.048792 dead_after=5.0006
t=87.801875 node=coord event=worker_registered worker=worker-4 epoch=33 boot=1 reg_seq=14
t=88.250000 node=coord event=worker_dead worker=worker-1 epoch=12 reason=heartbeat_timeout silence=5.000871 dead_after=5.0006
t=88.357053 node=coord event=worker_registered worker=worker-1 epoch=13 boot=3 reg_seq=3
t=91.750000 node=coord event=worker_dead worker=worker-2 epoch=11 reason=heartbeat_timeout silence=5.097955 dead_after=5.0006
t=91.773210 node=coord event=worker_registered worker=worker-2 epoch=12 boot=1 reg_seq=6
t=93.000000 node=coord event=worker_dead worker=worker-4 epoch=34 reason=heartbeat_timeout silence=5.198125 dead_after=5.0006
t=93.397102 node=coord event=worker_registered worker=worker-4 epoch=35 boot=1 reg_seq=15
t=93.500000 node=coord event=worker_dead worker=worker-1 epoch=14 reason=heartbeat_timeout silence=5.142947 dead_after=5.0006
t=93.966578 node=coord event=worker_registered worker=worker-1 epoch=15 boot=3 reg_seq=4
t=97.000000 node=coord event=worker_dead worker=worker-2 epoch=13 reason=heartbeat_timeout silence=5.22679 dead_after=5.0006
t=97.350738 node=coord event=worker_registered worker=worker-2 epoch=14 boot=1 reg_seq=7
t=98.500000 node=coord event=worker_dead worker=worker-4 epoch=36 reason=heartbeat_timeout silence=5.102898 dead_after=5.0006
t=98.566023 node=coord event=worker_registered worker=worker-4 epoch=37 boot=1 reg_seq=16
t=99.000000 node=coord event=worker_dead worker=worker-1 epoch=16 reason=heartbeat_timeout silence=5.033422 dead_after=5.0006
t=99.073191 node=coord event=worker_registered worker=worker-1 epoch=17 boot=3 reg_seq=5
t=102.500000 node=coord event=worker_dead worker=worker-2 epoch=15 reason=heartbeat_timeout silence=5.149262 dead_after=5.0006
t=102.991110 node=coord event=worker_registered worker=worker-2 epoch=16 boot=1 reg_seq=8
t=103.750000 node=coord event=worker_dead worker=worker-4 epoch=38 reason=heartbeat_timeout silence=5.183977 dead_after=5.0006
t=104.229675 node=coord event=worker_registered worker=worker-4 epoch=39 boot=1 reg_seq=17
t=104.250000 node=coord event=worker_dead worker=worker-1 epoch=18 reason=heartbeat_timeout silence=5.176809 dead_after=5.0006
t=104.685052 node=coord event=worker_registered worker=worker-1 epoch=19 boot=3 reg_seq=6
t=108.000000 node=coord event=worker_dead worker=worker-2 epoch=17 reason=heartbeat_timeout silence=5.00889 dead_after=5.0006
t=108.160668 node=coord event=worker_registered worker=worker-2 epoch=18 boot=1 reg_seq=9
t=109.250000 node=coord event=worker_dead worker=worker-4 epoch=40 reason=heartbeat_timeout silence=5.020325 dead_after=5.0006
t=109.329016 node=coord event=worker_registered worker=worker-4 epoch=41 boot=1 reg_seq=18
t=109.750000 node=coord event=worker_dead worker=worker-1 epoch=20 reason=heartbeat_timeout silence=5.064948 dead_after=5.0006
t=109.840094 node=coord event=worker_registered worker=worker-1 epoch=21 boot=3 reg_seq=7
t=113.250000 node=coord event=worker_dead worker=worker-2 epoch=19 reason=heartbeat_timeout silence=5.089332 dead_after=5.0006
t=113.311968 node=coord event=worker_registered worker=worker-2 epoch=20 boot=1 reg_seq=10
t=114.500000 node=coord event=worker_dead worker=worker-4 epoch=42 reason=heartbeat_timeout silence=5.170984 dead_after=5.0006
t=114.920702 node=coord event=worker_registered worker=worker-4 epoch=43 boot=1 reg_seq=19
t=115.000000 node=coord event=worker_dead worker=worker-1 epoch=22 reason=heartbeat_timeout silence=5.159906 dead_after=5.0006
t=115.438479 node=coord event=worker_registered worker=worker-1 epoch=23 boot=3 reg_seq=8
t=118.500000 node=coord event=worker_dead worker=worker-2 epoch=21 reason=heartbeat_timeout silence=5.188032 dead_after=5.0006
t=118.927654 node=coord event=worker_registered worker=worker-2 epoch=22 boot=1 reg_seq=11
t=120.000000 node=coord event=worker_dead worker=worker-4 epoch=44 reason=heartbeat_timeout silence=5.079298 dead_after=5.0006
