t=1.783841 node=gpu event=gpu_accepted op_id=map/A:agg-0/a1/s6/g1.7 tenant=A units=1 state=PENDING committed=1
t=1.784974 node=gpu event=gpu_accepted op_id=map/A:agg-0/a1/s3/g1.4 tenant=A units=1 state=PENDING committed=2
t=1.788602 node=gpu event=gpu_accepted op_id=map/A:agg-0/a1/s0/g1.1 tenant=A units=1 state=PENDING committed=3
t=1.788602 node=gpu event=gpu_accepted op_id=map/A:agg-0/a1/s1/g1.2 tenant=A units=1 state=PENDING committed=4
t=1.788602 node=gpu event=gpu_accepted op_id=map/A:agg-0/a1/s2/g1.3 tenant=A units=1 state=PENDING committed=5
t=1.826822 node=gpu event=gpu_accepted op_id=map/A:agg-0/a1/s4/g1.5 tenant=A units=1 state=PENDING committed=6
t=1.826822 node=gpu event=gpu_accepted op_id=map/A:agg-0/a1/s5/g1.6 tenant=A units=1 state=PENDING committed=7
t=1.834220 node=gpu event=gpu_accepted op_id=map/A:agg-0/a1/s7/g1.8 tenant=A units=1 state=PENDING committed=8
t=1.999408 node=gpu event=gpu_started op_id=map/A:agg-0/a1/s0/g1.1 tenant=A units=1 state=RUNNING committed=8
t=2.207879 node=gpu event=gpu_started op_id=map/A:agg-0/a1/s3/g1.4 tenant=A units=1 state=RUNNING committed=8
t=2.499408 node=gpu event=gpu_finished op_id=map/A:agg-0/a1/s0/g1.1 tenant=A units=1 state=SUCCEEDED committed=8
t=2.542205 node=gpu event=gpu_started op_id=map/A:agg-0/a1/s5/g1.6 tenant=A units=1 state=RUNNING committed=8
t=2.558783 node=gpu event=gpu_started op_id=map/A:agg-0/a1/s4/g1.5 tenant=A units=1 state=RUNNING committed=8
t=2.707879 node=gpu event=gpu_finished op_id=map/A:agg-0/a1/s3/g1.4 tenant=A units=1 state=SUCCEEDED committed=8
t=2.820538 node=gpu event=gpu_release_requested op_id=map/A:agg-0/a1/s0/g1.1 tenant=A units=1 state=SUCCEEDED committed=8
t=2.835103 node=gpu event=gpu_release_requested op_id=map/A:agg-0/a1/s3/g1.4 tenant=A units=1 state=SUCCEEDED committed=8
t=3.042205 node=gpu event=gpu_finished op_id=map/A:agg-0/a1/s5/g1.6 tenant=A units=1 state=SUCCEEDED committed=8
t=3.058783 node=gpu event=gpu_finished op_id=map/A:agg-0/a1/s4/g1.5 tenant=A units=1 state=SUCCEEDED committed=8
t=3.081857 node=gpu event=gpu_release_complete op_id=map/A:agg-0/a1/s0/g1.1 tenant=A units=1 state=SUCCEEDED committed=7
t=3.129837 node=gpu event=gpu_release_complete op_id=map/A:agg-0/a1/s3/g1.4 tenant=A units=1 state=SUCCEEDED committed=6
t=3.243358 node=gpu event=gpu_release_requested op_id=map/A:agg-0/a1/s5/g1.6 tenant=A units=1 state=SUCCEEDED committed=6
t=3.417724 node=gpu event=gpu_accepted op_id=map/B:roll-0/a1/s0/g1.9 tenant=B units=1 state=PENDING committed=7
t=3.437956 node=gpu event=gpu_accepted op_id=map/B:roll-0/a1/s1/g1.10 tenant=B units=1 state=PENDING committed=8
t=3.437956 node=gpu event=gpu_accepted op_id=map/B:roll-0/a1/s2/g1.11 tenant=B units=1 state=PENDING committed=9
t=3.452535 node=gpu event=gpu_accepted op_id=map/B:roll-0/a1/s3/g1.12 tenant=B units=1 state=PENDING committed=10
t=3.512856 node=gpu event=gpu_release_complete op_id=map/A:agg-0/a1/s5/g1.6 tenant=A units=1 state=SUCCEEDED committed=9
t=3.516415 node=gpu event=gpu_release_requested op_id=map/A:agg-0/a1/s4/g1.5 tenant=A units=1 state=SUCCEEDED committed=9
t=3.614052 node=gpu event=gpu_started op_id=map/A:agg-0/a1/s7/g1.8 tenant=A units=1 state=RUNNING committed=9
t=3.743062 node=gpu event=gpu_release_complete op_id=map/A:agg-0/a1/s4/g1.5 tenant=A units=1 state=SUCCEEDED committed=8
t=3.808314 node=gpu event=gpu_started op_id=map/B:roll-0/a1/s3/g1.12 tenant=B units=1 state=RUNNING committed=8
t=3.884191 node=gpu event=gpu_started op_id=map/B:roll-0/a1/s1/g1.10 tenant=B units=1 state=RUNNING committed=8
t=3.991808 node=gpu event=gpu_accepted op_id=map/B:roll-0/a1/s4/g1.13 tenant=B units=1 state=PENDING committed=9
t=4.025637 node=gpu event=gpu_accepted op_id=map/B:roll-0/a1/s5/g1.14 tenant=B units=1 state=PENDING committed=10
t=4.114052 node=gpu event=gpu_finished op_id=map/A:agg-0/a1/s7/g1.8 tenant=A units=1 state=SUCCEEDED committed=10
t=4.129797 node=gpu event=gpu_started op_id=map/B:roll-0/a1/s5/g1.14 tenant=B units=1 state=RUNNING committed=10
t=4.207694 node=gpu event=gpu_accepted op_id=map/A:agg-0/a1/s1/g1.15 tenant=A units=1 state=PENDING committed=11
t=4.275722 node=gpu event=gpu_release_requested op_id=map/A:agg-0/a1/s7/g1.8 tenant=A units=1 state=SUCCEEDED committed=11
t=4.308314 node=gpu event=gpu_finished op_id=map/B:roll-0/a1/s3/g1.12 tenant=B units=1 state=SUCCEEDED committed=11
t=4.384191 node=gpu event=gpu_finished op_id=map/B:roll-0/a1/s1/g1.10 tenant=B units=1 state=SUCCEEDED committed=11
t=4.436654 node=gpu event=gpu_release_requested op_id=map/B:roll-0/a1/s1/g1.10 tenant=B units=1 state=SUCCEEDED committed=11
t=4.437701 node=gpu event=gpu_started op_id=map/A:agg-0/a1/s1/g1.2 tenant=A units=1 state=RUNNING committed=11
t=4.458838 node=gpu event=gpu_started op_id=map/A:agg-0/a1/s2/g1.3 tenant=A units=1 state=RUNNING committed=11
t=4.548078 node=gpu event=gpu_release_complete op_id=map/A:agg-0/a1/s7/g1.8 tenant=A units=1 state=SUCCEEDED committed=10
t=4.557550 node=gpu event=gpu_started op_id=map/A:agg-0/a1/s6/g1.7 tenant=A units=1 state=RUNNING committed=10
t=4.629797 node=gpu event=gpu_finished op_id=map/B:roll-0/a1/s5/g1.14 tenant=B units=1 state=SUCCEEDED committed=10
t=4.636553 node=gpu event=gpu_started op_id=map/A:agg-0/a1/s1/g1.15 tenant=A units=1 state=RUNNING committed=10
t=4.655923 node=gpu event=gpu_release_complete op_id=map/B:roll-0/a1/s1/g1.10 tenant=B units=1 state=SUCCEEDED committed=9
t=4.687935 node=gpu event=gpu_release_requested op_id=map/B:roll-0/a1/s3/g1.12 tenant=B units=1 state=SUCCEEDED committed=9
t=4.798377 node=gpu event=gpu_release_requested op_id=map/B:roll-0/a1/s5/g1.14 tenant=B units=1 state=SUCCEEDED committed=9
t=4.873359 node=gpu event=gpu_release_complete op_id=map/B:roll-0/a1/s3/g1.12 tenant=B units=1 state=SUCCEEDED committed=8
t=4.937701 node=gpu event=gpu_finished op_id=map/A:agg-0/a1/s1/g1.2 tenant=A units=1 state=SUCCEEDED committed=8
t=4.958838 node=gpu event=gpu_finished op_id=map/A:agg-0/a1/s2/g1.3 tenant=A units=1 state=SUCCEEDED committed=8
t=5.051665 node=gpu event=gpu_release_complete op_id=map/B:roll-0/a1/s5/g1.14 tenant=B units=1 state=SUCCEEDED committed=7
t=5.057550 node=gpu event=gpu_finished op_id=map/A:agg-0/a1/s6/g1.7 tenant=A units=1 state=SUCCEEDED committed=7
t=5.113413 node=gpu event=gpu_release_requested op_id=map/A:agg-0/a1/s6/g1.7 tenant=A units=1 state=SUCCEEDED committed=7
t=5.136553 node=gpu event=gpu_finished op_id=map/A:agg-0/a1/s1/g1.15 tenant=A units=1 state=SUCCEEDED committed=7
t=5.173512 node=gpu event=gpu_started op_id=map/B:roll-0/a1/s4/g1.13 tenant=B units=1 state=RUNNING committed=7
t=5.198160 node=gpu event=gpu_release_requested op_id=map/A:agg-0/a1/s1/g1.2 tenant=A units=1 state=SUCCEEDED committed=7
t=5.199921 node=gpu event=gpu_accepted op_id=reduce/A:agg-0/a1/r0 tenant=A units=1 state=PENDING committed=8
t=5.227106 node=gpu event=gpu_release_requested op_id=map/A:agg-0/a1/s2/g1.3 tenant=A units=1 state=SUCCEEDED committed=8
t=5.305011 node=gpu event=gpu_started op_id=map/B:roll-0/a1/s2/g1.11 tenant=B units=1 state=RUNNING committed=8
t=5.333575 node=gpu event=gpu_release_requested op_id=map/A:agg-0/a1/s1/g1.15 tenant=A units=1 state=SUCCEEDED committed=8
t=5.373738 node=gpu event=gpu_release_complete op_id=map/A:agg-0/a1/s6/g1.7 tenant=A units=1 state=SUCCEEDED committed=7
t=5.400356 node=gpu event=gpu_release_complete op_id=map/A:agg-0/a1/s1/g1.15 tenant=A units=1 state=SUCCEEDED committed=6
t=5.431392 node=gpu event=gpu_release_complete op_id=map/A:agg-0/a1/s1/g1.2 tenant=A units=1 state=SUCCEEDED committed=5
t=5.481670 node=gpu event=gpu_release_complete op_id=map/A:agg-0/a1/s2/g1.3 tenant=A units=1 state=SUCCEEDED committed=4
t=5.673512 node=gpu event=gpu_finished op_id=map/B:roll-0/a1/s4/g1.13 tenant=B units=1 state=SUCCEEDED committed=4
t=5.805011 node=gpu event=gpu_finished op_id=map/B:roll-0/a1/s2/g1.11 tenant=B units=1 state=SUCCEEDED committed=4
t=5.937164 node=gpu event=gpu_release_requested op_id=map/B:roll-0/a1/s4/g1.13 tenant=B units=1 state=SUCCEEDED committed=4
t=6.039243 node=gpu event=gpu_accepted op_id=map/B:roll-0/a1/s0/g1.17 tenant=B units=1 state=PENDING committed=5
t=6.041607 node=gpu event=gpu_release_complete op_id=map/B:roll-0/a1/s4/g1.13 tenant=B units=1 state=SUCCEEDED committed=4
t=6.077573 node=gpu event=gpu_accepted op_id=map/B:roll-0/a1/s2/g1.18 tenant=B units=1 state=PENDING committed=5
t=6.159643 node=gpu event=gpu_release_requested op_id=map/B:roll-0/a1/s2/g1.11 tenant=B units=1 state=SUCCEEDED committed=5
t=6.360235 node=gpu event=gpu_started op_id=map/B:roll-0/a1/s0/g1.17 tenant=B units=1 state=RUNNING committed=5
t=6.405319 node=gpu event=gpu_release_complete op_id=map/B:roll-0/a1/s2/g1.11 tenant=B units=1 state=SUCCEEDED committed=4
t=6.613686 node=gpu event=gpu_accepted op_id=map/A:agg-1/a1/s0/g1.19 tenant=A units=1 state=PENDING committed=5
t=6.622068 node=gpu event=gpu_accepted op_id=map/A:agg-1/a1/s1/g1.20 tenant=A units=1 state=PENDING committed=6
t=6.622068 node=gpu event=gpu_accepted op_id=map/A:agg-1/a1/s2/g1.21 tenant=A units=1 state=PENDING committed=7
t=6.632336 node=gpu event=gpu_accepted op_id=map/A:agg-1/a1/s3/g1.22 tenant=A units=1 state=PENDING committed=8
t=6.634626 node=gpu event=gpu_accepted op_id=map/A:agg-1/a1/s4/g1.23 tenant=A units=1 state=PENDING committed=9
t=6.646361 node=gpu event=gpu_accepted op_id=map/A:agg-1/a1/s5/g1.24 tenant=A units=1 state=PENDING committed=10
t=6.646633 node=gpu event=gpu_accepted op_id=map/A:agg-1/a1/s6/g1.25 tenant=A units=1 state=PENDING committed=11
t=6.680382 node=gpu event=gpu_cancelled op_id=map/B:roll-0/a1/s2/g1.18 tenant=B units=1 state=CANCELLED committed=11
t=6.751836 node=gpu event=gpu_release_requested op_id=map/B:roll-0/a1/s2/g1.18 tenant=B units=1 state=CANCELLED committed=11
t=6.800661 node=gpu event=gpu_started op_id=map/A:agg-1/a1/s2/g1.21 tenant=A units=1 state=RUNNING committed=11
t=6.835975 node=gpu event=gpu_started op_id=reduce/A:agg-0/a1/r0 tenant=A units=1 state=RUNNING committed=11
t=6.855717 node=gpu event=gpu_release_complete op_id=map/B:roll-0/a1/s2/g1.18 tenant=B units=1 state=CANCELLED committed=10
t=6.860235 node=gpu event=gpu_finished op_id=map/B:roll-0/a1/s0/g1.17 tenant=B units=1 state=SUCCEEDED committed=10
t=6.977007 node=gpu event=gpu_accepted op_id=map/A:agg-1/a1/s7/g1.26 tenant=A units=1 state=PENDING committed=11
t=6.996201 node=gpu event=gpu_started op_id=map/A:agg-1/a1/s1/g1.20 tenant=A units=1 state=RUNNING committed=11
t=7.029083 node=gpu event=gpu_started op_id=map/A:agg-1/a1/s5/g1.24 tenant=A units=1 state=RUNNING committed=11
t=7.069536 node=gpu event=gpu_accepted op_id=reduce/B:roll-0/a1/r0 tenant=B units=1 state=PENDING committed=12
t=7.091383 node=gpu event=gpu_release_requested op_id=map/B:roll-0/a1/s0/g1.17 tenant=B units=1 state=SUCCEEDED committed=12
t=7.264864 node=gpu event=gpu_cancelled op_id=map/B:roll-0/a1/s0/g1.9 tenant=B units=1 state=CANCELLED committed=12
t=7.277758 node=gpu event=gpu_release_complete op_id=map/B:roll-0/a1/s0/g1.17 tenant=B units=1 state=SUCCEEDED committed=11
t=7.300661 node=gpu event=gpu_finished op_id=map/A:agg-1/a1/s2/g1.21 tenant=A units=1 state=SUCCEEDED committed=11
t=7.335975 node=gpu event=gpu_finished op_id=reduce/A:agg-0/a1/r0 tenant=A units=1 state=SUCCEEDED committed=11
t=7.361403 node=gpu event=gpu_release_requested op_id=map/B:roll-0/a1/s0/g1.9 tenant=B units=1 state=CANCELLED committed=11
t=7.474540 node=gpu event=gpu_started op_id=map/A:agg-1/a1/s4/g1.23 tenant=A units=1 state=RUNNING committed=11
t=7.480762 node=gpu event=gpu_release_requested op_id=reduce/A:agg-0/a1/r0 tenant=A units=1 state=SUCCEEDED committed=11
t=7.482215 node=gpu event=gpu_release_complete op_id=map/B:roll-0/a1/s0/g1.9 tenant=B units=1 state=CANCELLED committed=10
t=7.496201 node=gpu event=gpu_finished op_id=map/A:agg-1/a1/s1/g1.20 tenant=A units=1 state=SUCCEEDED committed=10
t=7.529083 node=gpu event=gpu_finished op_id=map/A:agg-1/a1/s5/g1.24 tenant=A units=1 state=SUCCEEDED committed=10
t=7.541193 node=gpu event=gpu_started op_id=map/A:agg-1/a1/s0/g1.19 tenant=A units=1 state=RUNNING committed=10
t=7.568165 node=gpu event=gpu_release_complete op_id=reduce/A:agg-0/a1/r0 tenant=A units=1 state=SUCCEEDED committed=9
t=7.654538 node=gpu event=gpu_release_requested op_id=map/A:agg-1/a1/s1/g1.20 tenant=A units=1 state=SUCCEEDED committed=9
t=7.696213 node=gpu event=gpu_release_requested op_id=map/A:agg-1/a1/s5/g1.24 tenant=A units=1 state=SUCCEEDED committed=9
t=7.723005 node=gpu event=gpu_release_requested op_id=map/A:agg-1/a1/s2/g1.21 tenant=A units=1 state=SUCCEEDED committed=9
t=7.777611 node=gpu event=gpu_release_complete op_id=map/A:agg-1/a1/s1/g1.20 tenant=A units=1 state=SUCCEEDED committed=8
t=7.875265 node=gpu event=gpu_release_complete op_id=map/A:agg-1/a1/s5/g1.24 tenant=A units=1 state=SUCCEEDED committed=7
t=7.945627 node=gpu event=gpu_release_complete op_id=map/A:agg-1/a1/s2/g1.21 tenant=A units=1 state=SUCCEEDED committed=6
t=7.974540 node=gpu event=gpu_finished op_id=map/A:agg-1/a1/s4/g1.23 tenant=A units=1 state=SUCCEEDED committed=6
t=8.041193 node=gpu event=gpu_finished op_id=map/A:agg-1/a1/s0/g1.19 tenant=A units=1 state=SUCCEEDED committed=6
t=8.209646 node=gpu event=gpu_release_requested op_id=map/A:agg-1/a1/s4/g1.23 tenant=A units=1 state=SUCCEEDED committed=6
t=8.288175 node=gpu event=gpu_started op_id=reduce/B:roll-0/a1/r0 tenant=B units=1 state=RUNNING committed=6
t=8.451194 node=gpu event=gpu_release_requested op_id=map/A:agg-1/a1/s0/g1.19 tenant=A units=1 state=SUCCEEDED committed=6
t=8.463265 node=gpu event=gpu_release_complete op_id=map/A:agg-1/a1/s4/g1.23 tenant=A units=1 state=SUCCEEDED committed=5
t=8.514909 node=gpu event=gpu_accepted op_id=map/B:roll-1/a1/s3/g1.30 tenant=B units=1 state=PENDING committed=6
t=8.527583 node=gpu event=gpu_accepted op_id=map/B:roll-1/a1/s0/g1.27 tenant=B units=1 state=PENDING committed=7
t=8.527583 node=gpu event=gpu_accepted op_id=map/B:roll-1/a1/s1/g1.28 tenant=B units=1 state=PENDING committed=8
t=8.527583 node=gpu event=gpu_accepted op_id=map/B:roll-1/a1/s2/g1.29 tenant=B units=1 state=PENDING committed=9
t=8.591936 node=gpu event=gpu_started op_id=map/A:agg-1/a1/s7/g1.26 tenant=A units=1 state=RUNNING committed=9
t=8.612904 node=gpu event=gpu_release_complete op_id=map/A:agg-1/a1/s0/g1.19 tenant=A units=1 state=SUCCEEDED committed=8
t=8.788175 node=gpu event=gpu_finished op_id=reduce/B:roll-0/a1/r0 tenant=B units=1 state=SUCCEEDED committed=8
t=8.936648 node=gpu event=gpu_release_requested op_id=reduce/B:roll-0/a1/r0 tenant=B units=1 state=SUCCEEDED committed=8
t=8.971216 node=gpu event=gpu_accepted op_id=map/B:roll-1/a1/s4/g1.31 tenant=B units=1 state=PENDING committed=9
t=8.971216 node=gpu event=gpu_accepted op_id=map/B:roll-1/a1/s5/g1.32 tenant=B units=1 state=PENDING committed=10
t=9.044056 node=gpu event=gpu_started op_id=map/B:roll-1/a1/s0/g1.27 tenant=B units=1 state=RUNNING committed=10
t=9.091936 node=gpu event=gpu_finished op_id=map/A:agg-1/a1/s7/g1.26 tenant=A units=1 state=SUCCEEDED committed=10
t=9.115526 node=gpu event=gpu_started op_id=map/B:roll-1/a1/s2/g1.29 tenant=B units=1 state=RUNNING committed=10
t=9.168018 node=gpu event=gpu_release_requested op_id=map/A:agg-1/a1/s7/g1.26 tenant=A units=1 state=SUCCEEDED committed=10
t=9.197570 node=gpu event=gpu_release_complete op_id=reduce/B:roll-0/a1/r0 tenant=B units=1 state=SUCCEEDED committed=9
t=9.247780 node=gpu event=gpu_accepted op_id=map/A:agg-1/a1/s3/g1.33 tenant=A units=1 state=PENDING committed=10
t=9.261914 node=gpu event=gpu_release_complete op_id=map/A:agg-1/a1/s7/g1.26 tenant=A units=1 state=SUCCEEDED committed=9
t=9.544056 node=gpu event=gpu_finished op_id=map/B:roll-1/a1/s0/g1.27 tenant=B units=1 state=SUCCEEDED committed=9
t=9.615526 node=gpu event=gpu_finished op_id=map/B:roll-1/a1/s2/g1.29 tenant=B units=1 state=SUCCEEDED committed=9
t=9.703380 node=gpu event=gpu_release_requested op_id=map/B:roll-1/a1/s0/g1.27 tenant=B units=1 state=SUCCEEDED committed=9
t=9.841388 node=gpu event=gpu_release_complete op_id=map/B:roll-1/a1/s0/g1.27 tenant=B units=1 state=SUCCEEDED committed=8
t=9.864264 node=gpu event=gpu_started op_id=map/A:agg-1/a1/s6/g1.25 tenant=A units=1 state=RUNNING committed=8
t=9.918895 node=gpu event=gpu_started op_id=map/B:roll-1/a1/s1/g1.28 tenant=B units=1 state=RUNNING committed=8
t=10.044248 node=gpu event=gpu_started op_id=map/B:roll-1/a1/s5/g1.32 tenant=B units=1 state=RUNNING committed=8
t=10.047775 node=gpu event=gpu_release_requested op_id=map/B:roll-1/a1/s2/g1.29 tenant=B units=1 state=SUCCEEDED committed=8
t=10.323968 node=gpu event=gpu_release_complete op_id=map/B:roll-1/a1/s2/g1.29 tenant=B units=1 state=SUCCEEDED committed=7
t=10.364264 node=gpu event=gpu_finished op_id=map/A:agg-1/a1/s6/g1.25 tenant=A units=1 state=SUCCEEDED committed=7
t=10.375968 node=gpu event=gpu_started op_id=map/A:agg-1/a1/s3/g1.33 tenant=A units=1 state=RUNNING committed=7
t=10.418895 node=gpu event=gpu_finished op_id=map/B:roll-1/a1/s1/g1.28 tenant=B units=1 state=SUCCEEDED committed=7
t=10.494715 node=gpu event=gpu_started op_id=map/A:agg-1/a1/s3/g1.22 tenant=A units=1 state=RUNNING committed=7
t=10.544248 node=gpu event=gpu_finished op_id=map/B:roll-1/a1/s5/g1.32 tenant=B units=1 state=SUCCEEDED committed=7
t=10.592921 node=gpu event=gpu_release_requested op_id=map/A:agg-1/a1/s6/g1.25 tenant=A units=1 state=SUCCEEDED committed=7
t=10.735617 node=gpu event=gpu_release_complete op_id=map/A:agg-1/a1/s6/g1.25 tenant=A units=1 state=SUCCEEDED committed=6
t=10.751928 node=gpu event=gpu_release_requested op_id=map/B:roll-1/a1/s1/g1.28 tenant=B units=1 state=SUCCEEDED committed=6
t=10.815569 node=gpu event=gpu_release_requested op_id=map/B:roll-1/a1/s5/g1.32 tenant=B units=1 state=SUCCEEDED committed=6
t=10.875968 node=gpu event=gpu_finished op_id=map/A:agg-1/a1/s3/g1.33 tenant=A units=1 state=SUCCEEDED committed=6
t=10.982188 node=gpu event=gpu_release_complete op_id=map/B:roll-1/a1/s5/g1.32 tenant=B units=1 state=SUCCEEDED committed=5
t=10.994715 node=gpu event=gpu_finished op_id=map/A:agg-1/a1/s3/g1.22 tenant=A units=1 state=SUCCEEDED committed=5
t=11.042306 node=gpu event=gpu_release_complete op_id=map/B:roll-1/a1/s1/g1.28 tenant=B units=1 state=SUCCEEDED committed=4
t=11.110944 node=gpu event=gpu_accepted op_id=map/B:roll-1/a1/s3/g1.34 tenant=B units=1 state=PENDING committed=5
t=11.155002 node=gpu event=gpu_accepted op_id=reduce/A:agg-1/a1/r0 tenant=A units=1 state=PENDING committed=6
t=11.194831 node=gpu event=gpu_release_requested op_id=map/A:agg-1/a1/s3/g1.22 tenant=A units=1 state=SUCCEEDED committed=6
t=11.296541 node=gpu event=gpu_release_requested op_id=map/A:agg-1/a1/s3/g1.33 tenant=A units=1 state=SUCCEEDED committed=6
t=11.333355 node=gpu event=gpu_started op_id=map/B:roll-1/a1/s3/g1.34 tenant=B units=1 state=RUNNING committed=6
t=11.338668 node=gpu event=gpu_accepted op_id=map/B:roll-1/a1/s4/g1.35 tenant=B units=1 state=PENDING committed=7
t=11.445141 node=gpu event=gpu_release_complete op_id=map/A:agg-1/a1/s3/g1.22 tenant=A units=1 state=SUCCEEDED committed=6
t=11.472121 node=gpu event=gpu_release_complete op_id=map/A:agg-1/a1/s3/g1.33 tenant=A units=1 state=SUCCEEDED committed=5
t=11.687113 node=gpu event=gpu_started op_id=map/B:roll-1/a1/s3/g1.30 tenant=B units=1 state=RUNNING committed=5
t=11.833355 node=gpu event=gpu_finished op_id=map/B:roll-1/a1/s3/g1.34 tenant=B units=1 state=SUCCEEDED committed=5
t=12.002401 node=gpu event=gpu_started op_id=map/B:roll-1/a1/s4/g1.35 tenant=B units=1 state=RUNNING committed=5
t=12.006296 node=gpu event=gpu_accepted op_id=map/A:agg-2/a1/s4/g1.40 tenant=A units=1 state=PENDING committed=6
t=12.014564 node=gpu event=gpu_accepted op_id=map/A:agg-2/a1/s5/g1.41 tenant=A units=1 state=PENDING committed=7
t=12.039790 node=gpu event=gpu_accepted op_id=map/A:agg-2/a1/s0/g1.36 tenant=A units=1 state=PENDING committed=8
t=12.039790 node=gpu event=gpu_accepted op_id=map/A:agg-2/a1/s1/g1.37 tenant=A units=1 state=PENDING committed=9
t=12.104654 node=gpu event=gpu_accepted op_id=map/A:agg-2/a1/s2/g1.38 tenant=A units=1 state=PENDING committed=10
t=12.104654 node=gpu event=gpu_accepted op_id=map/A:agg-2/a1/s3/g1.39 tenant=A units=1 state=PENDING committed=11
t=12.110001 node=gpu event=gpu_accepted op_id=map/A:agg-2/a1/s6/g1.42 tenant=A units=1 state=PENDING committed=12
t=12.110186 node=gpu event=gpu_release_requested op_id=map/B:roll-1/a1/s3/g1.34 tenant=B units=1 state=SUCCEEDED committed=12
t=12.177916 node=gpu event=gpu_started op_id=map/A:agg-2/a1/s0/g1.36 tenant=A units=1 state=RUNNING committed=12
t=12.187113 node=gpu event=gpu_finished op_id=map/B:roll-1/a1/s3/g1.30 tenant=B units=1 state=SUCCEEDED committed=12
t=12.223910 node=gpu event=gpu_started op_id=map/B:roll-1/a1/s4/g1.31 tenant=B units=1 state=RUNNING committed=12
t=12.300767 node=gpu event=gpu_started op_id=map/A:agg-2/a1/s6/g1.42 tenant=A units=1 state=RUNNING committed=12
t=12.367146 node=gpu event=gpu_release_complete op_id=map/B:roll-1/a1/s3/g1.34 tenant=B units=1 state=SUCCEEDED committed=11
t=12.424365 node=gpu event=gpu_accepted op_id=map/A:agg-2/a1/s7/g1.43 tenant=A units=1 state=PENDING committed=12
t=12.494608 node=gpu event=gpu_started op_id=map/A:agg-2/a1/s1/g1.37 tenant=A units=1 state=RUNNING committed=12
t=12.502401 node=gpu event=gpu_finished op_id=map/B:roll-1/a1/s4/g1.35 tenant=B units=1 state=SUCCEEDED committed=12
t=12.509831 node=gpu event=gpu_started op_id=map/A:agg-2/a1/s5/g1.41 tenant=A units=1 state=RUNNING committed=12
t=12.588658 node=gpu event=gpu_release_requested op_id=map/B:roll-1/a1/s3/g1.30 tenant=B units=1 state=SUCCEEDED committed=12
t=12.622143 node=gpu event=gpu_started op_id=map/A:agg-2/a1/s2/g1.38 tenant=A units=1 state=RUNNING committed=12
t=12.677916 node=gpu event=gpu_finished op_id=map/A:agg-2/a1/s0/g1.36 tenant=A units=1 state=SUCCEEDED committed=12
t=12.701396 node=gpu event=gpu_release_requested op_id=map/A:agg-2/a1/s0/g1.36 tenant=A units=1 state=SUCCEEDED committed=12
t=12.723910 node=gpu event=gpu_finished op_id=map/B:roll-1/a1/s4/g1.31 tenant=B units=1 state=SUCCEEDED committed=12
t=12.741334 node=gpu event=gpu_accepted op_id=reduce/B:roll-1/a1/r0 tenant=B units=1 state=PENDING committed=13
t=12.772861 node=gpu event=gpu_release_requested op_id=map/B:roll-1/a1/s4/g1.35 tenant=B units=1 state=SUCCEEDED committed=13
t=12.800767 node=gpu event=gpu_finished op_id=map/A:agg-2/a1/s6/g1.42 tenant=A units=1 state=SUCCEEDED committed=13
t=12.817911 node=gpu event=gpu_release_requested op_id=map/B:roll-1/a1/s4/g1.31 tenant=B units=1 state=SUCCEEDED committed=13
t=12.825384 node=gpu event=gpu_release_complete op_id=map/A:agg-2/a1/s0/g1.36 tenant=A units=1 state=SUCCEEDED committed=12
t=12.827847 node=gpu event=gpu_accepted op_id=map/B:roll-2/a1/s0/g1.44 tenant=B units=1 state=PENDING committed=13
t=12.827847 node=gpu event=gpu_accepted op_id=map/B:roll-2/a1/s1/g1.45 tenant=B units=1 state=PENDING committed=14
t=12.833367 node=gpu event=gpu_accepted op_id=map/B:roll-2/a1/s3/g1.47 tenant=B units=1 state=PENDING committed=15
t=12.846586 node=gpu event=gpu_accepted op_id=map/B:roll-2/a1/s2/g1.46 tenant=B units=1 state=PENDING committed=16
t=12.856601 node=gpu event=gpu_release_complete op_id=map/B:roll-1/a1/s3/g1.30 tenant=B units=1 state=SUCCEEDED committed=15
t=12.994608 node=gpu event=gpu_finished op_id=map/A:agg-2/a1/s1/g1.37 tenant=A units=1 state=SUCCEEDED committed=15
t=13.009831 node=gpu event=gpu_finished op_id=map/A:agg-2/a1/s5/g1.41 tenant=A units=1 state=SUCCEEDED committed=15
t=13.049815 node=gpu event=gpu_release_complete op_id=map/B:roll-1/a1/s4/g1.35 tenant=B units=1 state=SUCCEEDED committed=14
t=13.098045 node=gpu event=gpu_release_requested op_id=map/A:agg-2/a1/s6/g1.42 tenant=A units=1 state=SUCCEEDED committed=14
t=13.108851 node=gpu event=gpu_release_complete op_id=map/B:roll-1/a1/s4/g1.31 tenant=B units=1 state=SUCCEEDED committed=13
t=13.122143 node=gpu event=gpu_finished op_id=map/A:agg-2/a1/s2/g1.38 tenant=A units=1 state=SUCCEEDED committed=13
t=13.196104 node=gpu event=gpu_started op_id=map/A:agg-2/a1/s7/g1.43 tenant=A units=1 state=RUNNING committed=13
t=13.211029 node=gpu event=gpu_started op_id=map/A:agg-2/a1/s3/g1.39 tenant=A units=1 state=RUNNING committed=13
t=13.240794 node=gpu event=gpu_started op_id=map/B:roll-2/a1/s2/g1.46 tenant=B units=1 state=RUNNING committed=13
t=13.315189 node=gpu event=gpu_release_complete op_id=map/A:agg-2/a1/s6/g1.42 tenant=A units=1 state=SUCCEEDED committed=12
t=13.358625 node=gpu event=gpu_release_requested op_id=map/A:agg-2/a1/s1/g1.37 tenant=A units=1 state=SUCCEEDED committed=12
t=13.378795 node=gpu event=gpu_started op_id=map/B:roll-2/a1/s0/g1.44 tenant=B units=1 state=RUNNING committed=12
t=13.396357 node=gpu event=gpu_release_requested op_id=map/A:agg-2/a1/s5/g1.41 tenant=A units=1 state=SUCCEEDED committed=12
t=13.429342 node=gpu event=gpu_accepted op_id=map/B:roll-2/a1/s4/g1.48 tenant=B units=1 state=PENDING committed=13
t=13.452097 node=gpu event=gpu_release_requested op_id=map/A:agg-2/a1/s2/g1.38 tenant=A units=1 state=SUCCEEDED committed=13
t=13.474338 node=gpu event=gpu_release_complete op_id=map/A:agg-2/a1/s1/g1.37 tenant=A units=1 state=SUCCEEDED committed=12
t=13.538683 node=gpu event=gpu_release_complete op_id=map/A:agg-2/a1/s2/g1.38 tenant=A units=1 state=SUCCEEDED committed=11
t=13.568096 node=gpu event=gpu_release_complete op_id=map/A:agg-2/a1/s5/g1.41 tenant=A units=1 state=SUCCEEDED committed=10
t=13.629073 node=gpu event=gpu_accepted op_id=map/B:roll-2/a1/s5/g1.49 tenant=B units=1 state=PENDING committed=11
t=13.696104 node=gpu event=gpu_finished op_id=map/A:agg-2/a1/s7/g1.43 tenant=A units=1 state=SUCCEEDED committed=11
t=13.711029 node=gpu event=gpu_finished op_id=map/A:agg-2/a1/s3/g1.39 tenant=A units=1 state=SUCCEEDED committed=11
t=13.740794 node=gpu event=gpu_finished op_id=map/B:roll-2/a1/s2/g1.46 tenant=B units=1 state=SUCCEEDED committed=11
t=13.768558 node=gpu event=gpu_started op_id=reduce/A:agg-1/a1/r0 tenant=A units=1 state=RUNNING committed=11
t=13.851220 node=gpu event=gpu_release_requested op_id=map/B:roll-2/a1/s2/g1.46 tenant=B units=1 state=SUCCEEDED committed=11
t=13.878795 node=gpu event=gpu_finished op_id=map/B:roll-2/a1/s0/g1.44 tenant=B units=1 state=SUCCEEDED committed=11
t=14.014058 node=gpu event=gpu_release_requested op_id=map/A:agg-2/a1/s3/g1.39 tenant=A units=1 state=SUCCEEDED committed=11
t=14.019267 node=gpu event=gpu_release_complete op_id=map/B:roll-2/a1/s2/g1.46 tenant=B units=1 state=SUCCEEDED committed=10
t=14.044167 node=gpu event=gpu_started op_id=map/A:agg-2/a1/s4/g1.40 tenant=A units=1 state=RUNNING committed=10
t=14.067541 node=gpu event=gpu_release_requested op_id=map/B:roll-2/a1/s0/g1.44 tenant=B units=1 state=SUCCEEDED committed=10
t=14.141031 node=gpu event=gpu_release_complete op_id=map/B:roll-2/a1/s0/g1.44 tenant=B units=1 state=SUCCEEDED committed=9
t=14.175800 node=gpu event=gpu_release_requested op_id=map/A:agg-2/a1/s7/g1.43 tenant=A units=1 state=SUCCEEDED committed=9
t=14.268558 node=gpu event=gpu_finished op_id=reduce/A:agg-1/a1/r0 tenant=A units=1 state=SUCCEEDED committed=9
t=14.288827 node=gpu event=gpu_release_requested op_id=reduce/A:agg-1/a1/r0 tenant=A units=1 state=SUCCEEDED committed=9
t=14.309929 node=gpu event=gpu_release_complete op_id=map/A:agg-2/a1/s3/g1.39 tenant=A units=1 state=SUCCEEDED committed=8
t=14.312962 node=gpu event=gpu_release_complete op_id=map/A:agg-2/a1/s7/g1.43 tenant=A units=1 state=SUCCEEDED committed=7
t=14.354792 node=gpu event=gpu_started op_id=map/B:roll-2/a1/s3/g1.47 tenant=B units=1 state=RUNNING committed=7
t=14.544167 node=gpu event=gpu_finished op_id=map/A:agg-2/a1/s4/g1.40 tenant=A units=1 state=SUCCEEDED committed=7
t=14.575241 node=gpu event=gpu_release_complete op_id=reduce/A:agg-1/a1/r0 tenant=A units=1 state=SUCCEEDED committed=6
t=14.676526 node=gpu event=gpu_accepted op_id=map/A:agg-2/a1/s4/g1.50 tenant=A units=1 state=PENDING committed=7
t=14.679117 node=gpu event=gpu_started op_id=map/B:roll-2/a1/s5/g1.49 tenant=B units=1 state=RUNNING committed=7
t=14.746086 node=gpu event=gpu_started op_id=map/B:roll-2/a1/s4/g1.48 tenant=B units=1 state=RUNNING committed=7
t=14.834421 node=gpu event=gpu_accepted op_id=reduce/A:agg-2/a1/r0 tenant=A units=1 state=PENDING committed=8
t=14.854792 node=gpu event=gpu_finished op_id=map/B:roll-2/a1/s3/g1.47 tenant=B units=1 state=SUCCEEDED committed=8
t=15.002907 node=gpu event=gpu_cancelled op_id=map/A:agg-2/a1/s4/g1.50 tenant=A units=1 state=CANCELLED committed=8
t=15.116218 node=gpu event=gpu_release_requested op_id=map/A:agg-2/a1/s4/g1.50 tenant=A units=1 state=CANCELLED committed=8
t=15.124032 node=gpu event=gpu_release_requested op_id=map/A:agg-2/a1/s4/g1.40 tenant=A units=1 state=SUCCEEDED committed=8
t=15.179117 node=gpu event=gpu_finished op_id=map/B:roll-2/a1/s5/g1.49 tenant=B units=1 state=SUCCEEDED committed=8
t=15.203504 node=gpu event=gpu_started op_id=map/B:roll-2/a1/s1/g1.45 tenant=B units=1 state=RUNNING committed=8
t=15.204275 node=gpu event=gpu_release_requested op_id=map/B:roll-2/a1/s3/g1.47 tenant=B units=1 state=SUCCEEDED committed=8
t=15.246086 node=gpu event=gpu_finished op_id=map/B:roll-2/a1/s4/g1.48 tenant=B units=1 state=SUCCEEDED committed=8
t=15.271909 node=gpu event=gpu_release_complete op_id=map/B:roll-2/a1/s3/g1.47 tenant=B units=1 state=SUCCEEDED committed=7
t=15.322537 node=gpu event=gpu_release_complete op_id=map/A:agg-2/a1/s4/g1.50 tenant=A units=1 state=CANCELLED committed=6
t=15.416830 node=gpu event=gpu_release_complete op_id=map/A:agg-2/a1/s4/g1.40 tenant=A units=1 state=SUCCEEDED committed=5
t=15.448102 node=gpu event=gpu_accepted op_id=map/B:roll-2/a1/s1/g1.51 tenant=B units=1 state=PENDING committed=6
t=15.593867 node=gpu event=gpu_release_requested op_id=map/B:roll-2/a1/s4/g1.48 tenant=B units=1 state=SUCCEEDED committed=6
t=15.646842 node=gpu event=gpu_release_complete op_id=map/B:roll-2/a1/s4/g1.48 tenant=B units=1 state=SUCCEEDED committed=5
t=15.703504 node=gpu event=gpu_finished op_id=map/B:roll-2/a1/s1/g1.45 tenant=B units=1 state=SUCCEEDED committed=5
t=15.770098 node=gpu event=gpu_release_requested op_id=map/B:roll-2/a1/s5/g1.49 tenant=B units=1 state=SUCCEEDED committed=5
t=15.797277 node=gpu event=gpu_started op_id=reduce/B:roll-1/a1/r0 tenant=B units=1 state=RUNNING committed=5
t=15.968099 node=gpu event=gpu_release_complete op_id=map/B:roll-2/a1/s5/g1.49 tenant=B units=1 state=SUCCEEDED committed=4
t=15.975363 node=gpu event=gpu_accepted op_id=reduce/B:roll-2/a1/r0 tenant=B units=1 state=PENDING committed=5
t=16.001185 node=gpu event=gpu_release_requested op_id=map/B:roll-2/a1/s1/g1.45 tenant=B units=1 state=SUCCEEDED committed=5
t=16.086225 node=gpu event=gpu_cancelled op_id=map/B:roll-2/a1/s1/g1.51 tenant=B units=1 state=CANCELLED committed=5
t=16.104649 node=gpu event=gpu_release_complete op_id=map/B:roll-2/a1/s1/g1.45 tenant=B units=1 state=SUCCEEDED committed=4
t=16.213963 node=gpu event=gpu_release_requested op_id=map/B:roll-2/a1/s1/g1.51 tenant=B units=1 state=CANCELLED committed=4
t=16.297277 node=gpu event=gpu_finished op_id=reduce/B:roll-1/a1/r0 tenant=B units=1 state=SUCCEEDED committed=4
t=16.328265 node=gpu event=gpu_started op_id=reduce/B:roll-2/a1/r0 tenant=B units=1 state=RUNNING committed=4
t=16.482126 node=gpu event=gpu_release_complete op_id=map/B:roll-2/a1/s1/g1.51 tenant=B units=1 state=CANCELLED committed=3
t=16.632967 node=gpu event=gpu_release_requested op_id=reduce/B:roll-1/a1/r0 tenant=B units=1 state=SUCCEEDED committed=3
t=16.722126 node=gpu event=gpu_started op_id=reduce/A:agg-2/a1/r0 tenant=A units=1 state=RUNNING committed=3
t=16.767656 node=gpu event=gpu_release_complete op_id=reduce/B:roll-1/a1/r0 tenant=B units=1 state=SUCCEEDED committed=2
t=16.828265 node=gpu event=gpu_finished op_id=reduce/B:roll-2/a1/r0 tenant=B units=1 state=SUCCEEDED committed=2
t=16.830304 node=gpu event=gpu_accepted op_id=map/A:agg-3/a1/s3/g1.55 tenant=A units=1 state=PENDING committed=3
t=16.830304 node=gpu event=gpu_accepted op_id=map/A:agg-3/a1/s4/g1.56 tenant=A units=1 state=PENDING committed=4
t=16.835570 node=gpu event=gpu_accepted op_id=map/A:agg-3/a1/s5/g1.57 tenant=A units=1 state=PENDING committed=5
t=16.849094 node=gpu event=gpu_accepted op_id=map/A:agg-3/a1/s6/g1.58 tenant=A units=1 state=PENDING committed=6
t=16.849094 node=gpu event=gpu_accepted op_id=map/A:agg-3/a1/s7/g1.59 tenant=A units=1 state=PENDING committed=7
t=16.853415 node=gpu event=gpu_accepted op_id=map/A:agg-3/a1/s0/g1.52 tenant=A units=1 state=PENDING committed=8
t=16.890202 node=gpu event=gpu_accepted op_id=map/A:agg-3/a1/s1/g1.53 tenant=A units=1 state=PENDING committed=9
t=16.890202 node=gpu event=gpu_accepted op_id=map/A:agg-3/a1/s2/g1.54 tenant=A units=1 state=PENDING committed=10
t=17.001198 node=gpu event=gpu_started op_id=map/A:agg-3/a1/s2/g1.54 tenant=A units=1 state=RUNNING committed=10
t=17.161957 node=gpu event=gpu_release_requested op_id=reduce/B:roll-2/a1/r0 tenant=B units=1 state=SUCCEEDED committed=10
t=17.207907 node=gpu event=gpu_started op_id=map/A:agg-3/a1/s7/g1.59 tenant=A units=1 state=RUNNING committed=10
t=17.222126 node=gpu event=gpu_finished op_id=reduce/A:agg-2/a1/r0 tenant=A units=1 state=SUCCEEDED committed=10
t=17.274439 node=gpu event=gpu_started op_id=map/A:agg-3/a1/s5/g1.57 tenant=A units=1 state=RUNNING committed=10
t=17.312659 node=gpu event=gpu_started op_id=map/A:agg-3/a1/s4/g1.56 tenant=A units=1 state=RUNNING committed=10
t=17.375253 node=gpu event=gpu_release_complete op_id=reduce/B:roll-2/a1/r0 tenant=B units=1 state=SUCCEEDED committed=9
t=17.501198 node=gpu event=gpu_finished op_id=map/A:agg-3/a1/s2/g1.54 tenant=A units=1 state=SUCCEEDED committed=9
t=17.537014 node=gpu event=gpu_started op_id=map/A:agg-3/a1/s0/g1.52 tenant=A units=1 state=RUNNING committed=9
t=17.601436 node=gpu event=gpu_release_requested op_id=map/A:agg-3/a1/s2/g1.54 tenant=A units=1 state=SUCCEEDED committed=9
t=17.609302 node=gpu event=gpu_release_requested op_id=reduce/A:agg-2/a1/r0 tenant=A units=1 state=SUCCEEDED committed=9
t=17.707907 node=gpu event=gpu_finished op_id=map/A:agg-3/a1/s7/g1.59 tenant=A units=1 state=SUCCEEDED committed=9
t=17.722829 node=gpu event=gpu_started op_id=map/A:agg-3/a1/s3/g1.55 tenant=A units=1 state=RUNNING committed=9
t=17.774439 node=gpu event=gpu_finished op_id=map/A:agg-3/a1/s5/g1.57 tenant=A units=1 state=SUCCEEDED committed=9
t=17.789896 node=gpu event=gpu_release_complete op_id=reduce/A:agg-2/a1/r0 tenant=A units=1 state=SUCCEEDED committed=8
t=17.812659 node=gpu event=gpu_finished op_id=map/A:agg-3/a1/s4/g1.56 tenant=A units=1 state=SUCCEEDED committed=8
t=17.897413 node=gpu event=gpu_release_complete op_id=map/A:agg-3/a1/s2/g1.54 tenant=A units=1 state=SUCCEEDED committed=7
t=18.021755 node=gpu event=gpu_release_requested op_id=map/A:agg-3/a1/s7/g1.59 tenant=A units=1 state=SUCCEEDED committed=7
t=18.037014 node=gpu event=gpu_finished op_id=map/A:agg-3/a1/s0/g1.52 tenant=A units=1 state=SUCCEEDED committed=7
t=18.042999 node=gpu event=gpu_release_requested op_id=map/A:agg-3/a1/s4/g1.56 tenant=A units=1 state=SUCCEEDED committed=7
t=18.106793 node=gpu event=gpu_release_requested op_id=map/A:agg-3/a1/s5/g1.57 tenant=A units=1 state=SUCCEEDED committed=7
t=18.131005 node=gpu event=gpu_release_complete op_id=map/A:agg-3/a1/s4/g1.56 tenant=A units=1 state=SUCCEEDED committed=6
t=18.161024 node=gpu event=gpu_release_complete op_id=map/A:agg-3/a1/s7/g1.59 tenant=A units=1 state=SUCCEEDED committed=5
t=18.222829 node=gpu event=gpu_finished op_id=map/A:agg-3/a1/s3/g1.55 tenant=A units=1 state=SUCCEEDED committed=5
t=18.322484 node=gpu event=gpu_accepted op_id=map/B:roll-3/a1/s0/g1.60 tenant=B units=1 state=PENDING committed=6
t=18.339723 node=gpu event=gpu_accepted op_id=map/B:roll-3/a1/s1/g1.61 tenant=B units=1 state=PENDING committed=7
t=18.339723 node=gpu event=gpu_accepted op_id=map/B:roll-3/a1/s2/g1.62 tenant=B units=1 state=PENDING committed=8
t=18.352888 node=gpu event=gpu_accepted op_id=map/B:roll-3/a1/s3/g1.63 tenant=B units=1 state=PENDING committed=9
t=18.385722 node=gpu event=gpu_release_requested op_id=map/A:agg-3/a1/s3/g1.55 tenant=A units=1 state=SUCCEEDED committed=9
t=18.395076 node=gpu event=gpu_release_complete op_id=map/A:agg-3/a1/s5/g1.57 tenant=A units=1 state=SUCCEEDED committed=8
t=18.469430 node=gpu event=gpu_release_requested op_id=map/A:agg-3/a1/s0/g1.52 tenant=A units=1 state=SUCCEEDED committed=8
t=18.503119 node=gpu event=gpu_release_complete op_id=map/A:agg-3/a1/s3/g1.55 tenant=A units=1 state=SUCCEEDED committed=7
t=18.511432 node=gpu event=gpu_started op_id=map/B:roll-3/a1/s0/g1.60 tenant=B units=1 state=RUNNING committed=7
t=18.543442 node=gpu event=gpu_started op_id=map/B:roll-3/a1/s2/g1.62 tenant=B units=1 state=RUNNING committed=7
t=18.605393 node=gpu event=gpu_started op_id=map/B:roll-3/a1/s1/g1.61 tenant=B units=1 state=RUNNING committed=7
t=18.635596 node=gpu event=gpu_release_complete op_id=map/A:agg-3/a1/s0/g1.52 tenant=A units=1 state=SUCCEEDED committed=6
t=18.640572 node=gpu event=gpu_accepted op_id=map/B:roll-3/a1/s4/g1.64 tenant=B units=1 state=PENDING committed=7
t=18.659857 node=gpu event=gpu_accepted op_id=map/B:roll-3/a1/s5/g1.65 tenant=B units=1 state=PENDING committed=8
t=18.766466 node=gpu event=gpu_started op_id=map/B:roll-3/a1/s4/g1.64 tenant=B units=1 state=RUNNING committed=8
t=19.011432 node=gpu event=gpu_finished op_id=map/B:roll-3/a1/s0/g1.60 tenant=B units=1 state=SUCCEEDED committed=8
t=19.043442 node=gpu event=gpu_finished op_id=map/B:roll-3/a1/s2/g1.62 tenant=B units=1 state=SUCCEEDED committed=8
t=19.105393 node=gpu event=gpu_finished op_id=map/B:roll-3/a1/s1/g1.61 tenant=B units=1 state=SUCCEEDED committed=8
t=19.143335 node=gpu event=gpu_release_requested op_id=map/B:roll-3/a1/s2/g1.62 tenant=B units=1 state=SUCCEEDED committed=8
t=19.194132 node=gpu event=gpu_release_requested op_id=map/B:roll-3/a1/s0/g1.60 tenant=B units=1 state=SUCCEEDED committed=8
t=19.225361 node=gpu event=gpu_started op_id=map/A:agg-3/a1/s1/g1.53 tenant=A units=1 state=RUNNING committed=8
t=19.244385 node=gpu event=gpu_release_complete op_id=map/B:roll-3/a1/s2/g1.62 tenant=B units=1 state=SUCCEEDED committed=7
t=19.266466 node=gpu event=gpu_finished op_id=map/B:roll-3/a1/s4/g1.64 tenant=B units=1 state=SUCCEEDED committed=7
t=19.351935 node=gpu event=gpu_accepted op_id=map/A:agg-3/a1/s1/g1.66 tenant=A units=1 state=PENDING committed=8
t=19.354240 node=gpu event=gpu_release_requested op_id=map/B:roll-3/a1/s1/g1.61 tenant=B units=1 state=SUCCEEDED committed=8
t=19.373571 node=gpu event=gpu_release_requested op_id=map/B:roll-3/a1/s4/g1.64 tenant=B units=1 state=SUCCEEDED committed=8
t=19.425013 node=gpu event=gpu_release_complete op_id=map/B:roll-3/a1/s0/g1.60 tenant=B units=1 state=SUCCEEDED committed=7
t=19.504019 node=gpu event=gpu_release_complete op_id=map/B:roll-3/a1/s1/g1.61 tenant=B units=1 state=SUCCEEDED committed=6
t=19.649153 node=gpu event=gpu_accepted op_id=map/A:agg-3/a1/s6/g1.67 tenant=A units=1 state=PENDING committed=7
t=19.661765 node=gpu event=gpu_release_complete op_id=map/B:roll-3/a1/s4/g1.64 tenant=B units=1 state=SUCCEEDED committed=6
t=19.689867 node=gpu event=gpu_started op_id=map/A:agg-3/a1/s6/g1.58 tenant=A units=1 state=RUNNING committed=6
t=19.725361 node=gpu event=gpu_finished op_id=map/A:agg-3/a1/s1/g1.53 tenant=A units=1 state=SUCCEEDED committed=6
t=19.767579 node=gpu event=gpu_started op_id=map/B:roll-3/a1/s3/g1.63 tenant=B units=1 state=RUNNING committed=6
t=20.185248 node=gpu event=gpu_release_requested op_id=map/A:agg-3/a1/s1/g1.53 tenant=A units=1 state=SUCCEEDED committed=6
t=20.189867 node=gpu event=gpu_finished op_id=map/A:agg-3/a1/s6/g1.58 tenant=A units=1 state=SUCCEEDED committed=6
t=20.267579 node=gpu event=gpu_finished op_id=map/B:roll-3/a1/s3/g1.63 tenant=B units=1 state=SUCCEEDED committed=6
t=20.321843 node=gpu event=gpu_release_complete op_id=map/A:agg-3/a1/s1/g1.53 tenant=A units=1 state=SUCCEEDED committed=5
t=20.392116 node=gpu event=gpu_cancelled op_id=map/A:agg-3/a1/s1/g1.66 tenant=A units=1 state=CANCELLED committed=5
t=20.468339 node=gpu event=gpu_release_requested op_id=map/B:roll-3/a1/s3/g1.63 tenant=B units=1 state=SUCCEEDED committed=5
t=20.508922 node=gpu event=gpu_accepted op_id=reduce/A:agg-3/a1/r0 tenant=A units=1 state=PENDING committed=6
t=20.517479 node=gpu event=gpu_release_requested op_id=map/A:agg-3/a1/s6/g1.58 tenant=A units=1 state=SUCCEEDED committed=6
t=20.600324 node=gpu event=gpu_release_complete op_id=map/B:roll-3/a1/s3/g1.63 tenant=B units=1 state=SUCCEEDED committed=5
t=20.638450 node=gpu event=gpu_release_complete op_id=map/A:agg-3/a1/s6/g1.58 tenant=A units=1 state=SUCCEEDED committed=4
t=20.685259 node=gpu event=gpu_release_requested op_id=map/A:agg-3/a1/s1/g1.66 tenant=A units=1 state=CANCELLED committed=4
t=20.809824 node=gpu event=gpu_cancelled op_id=map/A:agg-3/a1/s6/g1.67 tenant=A units=1 state=CANCELLED committed=4
t=20.836482 node=gpu event=gpu_release_complete op_id=map/A:agg-3/a1/s1/g1.66 tenant=A units=1 state=CANCELLED committed=3
t=20.837023 node=gpu event=gpu_release_requested op_id=map/A:agg-3/a1/s6/g1.67 tenant=A units=1 state=CANCELLED committed=3
t=21.106883 node=gpu event=gpu_release_complete op_id=map/A:agg-3/a1/s6/g1.67 tenant=A units=1 state=CANCELLED committed=2
t=21.161971 node=gpu event=gpu_accepted op_id=map/B:roll-3/a1/s5/g1.68 tenant=B units=1 state=PENDING committed=3
t=21.442776 node=gpu event=gpu_started op_id=reduce/A:agg-3/a1/r0 tenant=A units=1 state=RUNNING committed=3
t=21.484258 node=gpu event=gpu_started op_id=map/B:roll-3/a1/s5/g1.65 tenant=B units=1 state=RUNNING committed=3
t=21.525990 node=gpu event=gpu_accepted op_id=map/A:agg-4/a1/s0/g1.69 tenant=A units=1 state=PENDING committed=4
t=21.537804 node=gpu event=gpu_accepted op_id=map/A:agg-4/a1/s5/g1.74 tenant=A units=1 state=PENDING committed=5
t=21.545624 node=gpu event=gpu_accepted op_id=map/A:agg-4/a1/s1/g1.70 tenant=A units=1 state=PENDING committed=6
t=21.545624 node=gpu event=gpu_accepted op_id=map/A:agg-4/a1/s2/g1.71 tenant=A units=1 state=PENDING committed=7
t=21.570337 node=gpu event=gpu_accepted op_id=map/A:agg-4/a1/s6/g1.75 tenant=A units=1 state=PENDING committed=8
t=21.587977 node=gpu event=gpu_started op_id=map/B:roll-3/a1/s5/g1.68 tenant=B units=1 state=RUNNING committed=8
t=21.609820 node=gpu event=gpu_accepted op_id=map/A:agg-4/a1/s7/g1.76 tenant=A units=1 state=PENDING committed=9
t=21.654323 node=gpu event=gpu_started op_id=map/A:agg-4/a1/s1/g1.70 tenant=A units=1 state=RUNNING committed=9
t=21.751976 node=gpu event=gpu_accepted op_id=map/A:agg-4/a1/s4/g1.73 tenant=A units=1 state=PENDING committed=10
t=21.754592 node=gpu event=gpu_accepted op_id=map/A:agg-4/a1/s3/g1.72 tenant=A units=1 state=PENDING committed=11
t=21.892330 node=gpu event=gpu_started op_id=map/A:agg-4/a1/s3/g1.72 tenant=A units=1 state=RUNNING committed=11
t=21.942776 node=gpu event=gpu_finished op_id=reduce/A:agg-3/a1/r0 tenant=A units=1 state=SUCCEEDED committed=11
t=21.984258 node=gpu event=gpu_finished op_id=map/B:roll-3/a1/s5/g1.65 tenant=B units=1 state=SUCCEEDED committed=11
t=21.995084 node=gpu event=gpu_started op_id=map/A:agg-4/a1/s2/g1.71 tenant=A units=1 state=RUNNING committed=11
t=22.074319 node=gpu event=gpu_release_requested op_id=reduce/A:agg-3/a1/r0 tenant=A units=1 state=SUCCEEDED committed=11
t=22.087977 node=gpu event=gpu_finished op_id=map/B:roll-3/a1/s5/g1.68 tenant=B units=1 state=SUCCEEDED committed=11
t=22.136252 node=gpu event=gpu_accepted op_id=reduce/B:roll-3/a1/r0 tenant=B units=1 state=PENDING committed=12
t=22.141006 node=gpu event=gpu_started op_id=map/A:agg-4/a1/s4/g1.73 tenant=A units=1 state=RUNNING committed=12
t=22.154323 node=gpu event=gpu_finished op_id=map/A:agg-4/a1/s1/g1.70 tenant=A units=1 state=SUCCEEDED committed=12
t=22.189321 node=gpu event=gpu_release_requested op_id=map/B:roll-3/a1/s5/g1.68 tenant=B units=1 state=SUCCEEDED committed=12
t=22.218401 node=gpu event=gpu_release_requested op_id=map/A:agg-4/a1/s1/g1.70 tenant=A units=1 state=SUCCEEDED committed=12
t=22.239284 node=gpu event=gpu_release_complete op_id=reduce/A:agg-3/a1/r0 tenant=A units=1 state=SUCCEEDED committed=11
t=22.274444 node=gpu event=gpu_release_requested op_id=map/B:roll-3/a1/s5/g1.65 tenant=B units=1 state=SUCCEEDED committed=11
t=22.375879 node=gpu event=gpu_release_complete op_id=map/B:roll-3/a1/s5/g1.68 tenant=B units=1 state=SUCCEEDED committed=10
t=22.392330 node=gpu event=gpu_finished op_id=map/A:agg-4/a1/s3/g1.72 tenant=A units=1 state=SUCCEEDED committed=10
t=22.417461 node=gpu event=gpu_release_complete op_id=map/A:agg-4/a1/s1/g1.70 tenant=A units=1 state=SUCCEEDED committed=9
t=22.495084 node=gpu event=gpu_finished op_id=map/A:agg-4/a1/s2/g1.71 tenant=A units=1 state=SUCCEEDED committed=9
t=22.527796 node=gpu event=gpu_release_requested op_id=map/A:agg-4/a1/s3/g1.72 tenant=A units=1 state=SUCCEEDED committed=9
t=22.542683 node=gpu event=gpu_started op_id=map/A:agg-4/a1/s5/g1.74 tenant=A units=1 state=RUNNING committed=9
t=22.547054 node=gpu event=gpu_release_complete op_id=map/B:roll-3/a1/s5/g1.65 tenant=B units=1 state=SUCCEEDED committed=8
t=22.559671 node=gpu event=gpu_started op_id=map/A:agg-4/a1/s0/g1.69 tenant=A units=1 state=RUNNING committed=8
t=22.599617 node=gpu event=gpu_release_requested op_id=map/A:agg-4/a1/s2/g1.71 tenant=A units=1 state=SUCCEEDED committed=8
t=22.641006 node=gpu event=gpu_finished op_id=map/A:agg-4/a1/s4/g1.73 tenant=A units=1 state=SUCCEEDED committed=8
t=22.725703 node=gpu event=gpu_release_complete op_id=map/A:agg-4/a1/s3/g1.72 tenant=A units=1 state=SUCCEEDED committed=7
t=22.786613 node=gpu event=gpu_release_complete op_id=map/A:agg-4/a1/s2/g1.71 tenant=A units=1 state=SUCCEEDED committed=6
t=22.803663 node=gpu event=gpu_release_requested op_id=map/A:agg-4/a1/s4/g1.73 tenant=A units=1 state=SUCCEEDED committed=6
t=23.042683 node=gpu event=gpu_finished op_id=map/A:agg-4/a1/s5/g1.74 tenant=A units=1 state=SUCCEEDED committed=6
t=23.059671 node=gpu event=gpu_finished op_id=map/A:agg-4/a1/s0/g1.69 tenant=A units=1 state=SUCCEEDED committed=6
t=23.102013 node=gpu event=gpu_release_complete op_id=map/A:agg-4/a1/s4/g1.73 tenant=A units=1 state=SUCCEEDED committed=5
t=23.245706 node=gpu event=gpu_release_requested op_id=map/A:agg-4/a1/s0/g1.69 tenant=A units=1 state=SUCCEEDED committed=5
t=23.506186 node=gpu event=gpu_release_complete op_id=map/A:agg-4/a1/s0/g1.69 tenant=A units=1 state=SUCCEEDED committed=4
t=23.512460 node=gpu event=gpu_accepted op_id=map/B:roll-4/a1/s3/g1.80 tenant=B units=1 state=PENDING committed=5
t=23.538792 node=gpu event=gpu_started op_id=map/A:agg-4/a1/s6/g1.75 tenant=A units=1 state=RUNNING committed=5
t=23.566217 node=gpu event=gpu_accepted op_id=map/B:roll-4/a1/s0/g1.77 tenant=B units=1 state=PENDING committed=6
t=23.566217 node=gpu event=gpu_accepted op_id=map/B:roll-4/a1/s1/g1.78 tenant=B units=1 state=PENDING committed=7
t=23.566217 node=gpu event=gpu_accepted op_id=map/B:roll-4/a1/s2/g1.79 tenant=B units=1 state=PENDING committed=8
t=23.627709 node=gpu event=gpu_release_requested op_id=map/A:agg-4/a1/s5/g1.74 tenant=A units=1 state=SUCCEEDED committed=8
t=23.733378 node=gpu event=gpu_accepted op_id=map/B:roll-4/a1/s4/g1.81 tenant=B units=1 state=PENDING committed=9
t=23.767237 node=gpu event=gpu_accepted op_id=map/B:roll-4/a1/s5/g1.82 tenant=B units=1 state=PENDING committed=10
t=23.775968 node=gpu event=gpu_release_complete op_id=map/A:agg-4/a1/s5/g1.74 tenant=A units=1 state=SUCCEEDED committed=9
t=23.937342 node=gpu event=gpu_started op_id=map/B:roll-4/a1/s1/g1.78 tenant=B units=1 state=RUNNING committed=9
t=24.038792 node=gpu event=gpu_finished op_id=map/A:agg-4/a1/s6/g1.75 tenant=A units=1 state=SUCCEEDED committed=9
t=24.055889 node=gpu event=gpu_accepted op_id=map/A:agg-4/a1/s6/g1.83 tenant=A units=1 state=PENDING committed=10
t=24.081043 node=gpu event=gpu_accepted op_id=map/A:agg-4/a1/s7/g1.84 tenant=A units=1 state=PENDING committed=11
t=24.217932 node=gpu event=gpu_release_requested op_id=map/A:agg-4/a1/s6/g1.75 tenant=A units=1 state=SUCCEEDED committed=11
t=24.220735 node=gpu event=gpu_started op_id=map/B:roll-4/a1/s5/g1.82 tenant=B units=1 state=RUNNING committed=11
t=24.291411 node=gpu event=gpu_started op_id=map/A:agg-4/a1/s7/g1.76 tenant=A units=1 state=RUNNING committed=11
t=24.344607 node=gpu event=gpu_release_complete op_id=map/A:agg-4/a1/s6/g1.75 tenant=A units=1 state=SUCCEEDED committed=10
t=24.437342 node=gpu event=gpu_finished op_id=map/B:roll-4/a1/s1/g1.78 tenant=B units=1 state=SUCCEEDED committed=10
t=24.705458 node=gpu event=gpu_release_requested op_id=map/B:roll-4/a1/s1/g1.78 tenant=B units=1 state=SUCCEEDED committed=10
t=24.720735 node=gpu event=gpu_finished op_id=map/B:roll-4/a1/s5/g1.82 tenant=B units=1 state=SUCCEEDED committed=10
t=24.791411 node=gpu event=gpu_finished op_id=map/A:agg-4/a1/s7/g1.76 tenant=A units=1 state=SUCCEEDED committed=10
t=24.829264 node=gpu event=gpu_cancelled op_id=map/A:agg-4/a1/s6/g1.83 tenant=A units=1 state=CANCELLED committed=10
t=24.906127 node=gpu event=gpu_release_complete op_id=map/B:roll-4/a1/s1/g1.78 tenant=B units=1 state=SUCCEEDED committed=9
t=24.975880 node=gpu event=gpu_release_requested op_id=map/A:agg-4/a1/s6/g1.83 tenant=A units=1 state=CANCELLED committed=9
t=24.982877 node=gpu event=gpu_started op_id=map/B:roll-4/a1/s2/g1.79 tenant=B units=1 state=RUNNING committed=9
t=24.985266 node=gpu event=gpu_release_requested op_id=map/B:roll-4/a1/s5/g1.82 tenant=B units=1 state=SUCCEEDED committed=9
t=25.005226 node=gpu event=gpu_accepted op_id=reduce/A:agg-4/a1/r0 tenant=A units=1 state=PENDING committed=10
t=25.032563 node=gpu event=gpu_release_requested op_id=map/A:agg-4/a1/s7/g1.76 tenant=A units=1 state=SUCCEEDED committed=10
t=25.096625 node=gpu event=gpu_cancelled op_id=map/A:agg-4/a1/s7/g1.84 tenant=A units=1 state=CANCELLED committed=10
t=25.123680 node=gpu event=gpu_started op_id=reduce/B:roll-3/a1/r0 tenant=B units=1 state=RUNNING committed=10
t=25.174885 node=gpu event=gpu_release_complete op_id=map/A:agg-4/a1/s6/g1.83 tenant=A units=1 state=CANCELLED committed=9
t=25.179249 node=gpu event=gpu_release_requested op_id=map/A:agg-4/a1/s7/g1.84 tenant=A units=1 state=CANCELLED committed=9
t=25.199432 node=gpu event=gpu_release_complete op_id=map/B:roll-4/a1/s5/g1.82 tenant=B units=1 state=SUCCEEDED committed=8
t=25.268525 node=gpu event=gpu_release_complete op_id=map/A:agg-4/a1/s7/g1.76 tenant=A units=1 state=SUCCEEDED committed=7
t=25.394101 node=gpu event=gpu_release_complete op_id=map/A:agg-4/a1/s7/g1.84 tenant=A units=1 state=CANCELLED committed=6
t=25.460757 node=gpu event=gpu_started op_id=map/B:roll-4/a1/s3/g1.80 tenant=B units=1 state=RUNNING committed=6
t=25.482877 node=gpu event=gpu_finished op_id=map/B:roll-4/a1/s2/g1.79 tenant=B units=1 state=SUCCEEDED committed=6
t=25.623680 node=gpu event=gpu_finished op_id=reduce/B:roll-3/a1/r0 tenant=B units=1 state=SUCCEEDED committed=6
t=25.687549 node=gpu event=gpu_started op_id=reduce/A:agg-4/a1/r0 tenant=A units=1 state=RUNNING committed=6
t=25.744155 node=gpu event=gpu_started op_id=map/B:roll-4/a1/s4/g1.81 tenant=B units=1 state=RUNNING committed=6
t=25.746585 node=gpu event=gpu_release_requested op_id=map/B:roll-4/a1/s2/g1.79 tenant=B units=1 state=SUCCEEDED committed=6
t=25.785730 node=gpu event=gpu_release_requested op_id=reduce/B:roll-3/a1/r0 tenant=B units=1 state=SUCCEEDED committed=6
t=25.960757 node=gpu event=gpu_finished op_id=map/B:roll-4/a1/s3/g1.80 tenant=B units=1 state=SUCCEEDED committed=6
t=25.999135 node=gpu event=gpu_release_complete op_id=reduce/B:roll-3/a1/r0 tenant=B units=1 state=SUCCEEDED committed=5
t=26.019053 node=gpu event=gpu_accepted op_id=map/B:roll-4/a1/s0/g1.85 tenant=B units=1 state=PENDING committed=6
t=26.019053 node=gpu event=gpu_accepted op_id=map/B:roll-4/a1/s3/g1.86 tenant=B units=1 state=PENDING committed=7
t=26.046051 node=gpu event=gpu_release_complete op_id=map/B:roll-4/a1/s2/g1.79 tenant=B units=1 state=SUCCEEDED committed=6
t=26.141694 node=gpu event=gpu_started op_id=map/B:roll-4/a1/s3/g1.86 tenant=B units=1 state=RUNNING committed=6
t=26.187549 node=gpu event=gpu_finished op_id=reduce/A:agg-4/a1/r0 tenant=A units=1 state=SUCCEEDED committed=6
t=26.235230 node=gpu event=gpu_release_requested op_id=reduce/A:agg-4/a1/r0 tenant=A units=1 state=SUCCEEDED committed=6
t=26.244155 node=gpu event=gpu_finished op_id=map/B:roll-4/a1/s4/g1.81 tenant=B units=1 state=SUCCEEDED committed=6
t=26.247109 node=gpu event=gpu_accepted op_id=map/B:roll-4/a1/s4/g1.87 tenant=B units=1 state=PENDING committed=7
t=26.305837 node=gpu event=gpu_release_complete op_id=reduce/A:agg-4/a1/r0 tenant=A units=1 state=SUCCEEDED committed=6
t=26.311092 node=gpu event=gpu_release_requested op_id=map/B:roll-4/a1/s3/g1.80 tenant=B units=1 state=SUCCEEDED committed=6
t=26.396412 node=gpu event=gpu_release_requested op_id=map/B:roll-4/a1/s4/g1.81 tenant=B units=1 state=SUCCEEDED committed=6
t=26.430573 node=gpu event=gpu_release_complete op_id=map/B:roll-4/a1/s3/g1.80 tenant=B units=1 state=SUCCEEDED committed=5
t=26.453279 node=gpu event=gpu_accepted op_id=map/A:agg-5/a1/s1/g1.89 tenant=A units=1 state=PENDING committed=6
t=26.492277 node=gpu event=gpu_accepted op_id=map/A:agg-5/a1/s0/g1.88 tenant=A units=1 state=PENDING committed=7
t=26.499667 node=gpu event=gpu_accepted op_id=map/A:agg-5/a1/s2/g1.90 tenant=A units=1 state=PENDING committed=8
t=26.561178 node=gpu event=gpu_accepted op_id=map/A:agg-5/a1/s3/g1.91 tenant=A units=1 state=PENDING committed=9
t=26.598893 node=gpu event=gpu_release_complete op_id=map/B:roll-4/a1/s4/g1.81 tenant=B units=1 state=SUCCEEDED committed=8
t=26.641694 node=gpu event=gpu_finished op_id=map/B:roll-4/a1/s3/g1.86 tenant=B units=1 state=SUCCEEDED committed=8
t=26.760968 node=gpu event=gpu_accepted op_id=map/A:agg-5/a1/s4/g1.92 tenant=A units=1 state=PENDING committed=9
t=26.760968 node=gpu event=gpu_accepted op_id=map/A:agg-5/a1/s5/g1.93 tenant=A units=1 state=PENDING committed=10
t=26.763836 node=gpu event=gpu_cancelled op_id=map/B:roll-4/a1/s4/g1.87 tenant=B units=1 state=CANCELLED committed=10
t=26.908030 node=gpu event=gpu_release_requested op_id=map/B:roll-4/a1/s4/g1.87 tenant=B units=1 state=CANCELLED committed=10
t=26.981115 node=gpu event=gpu_release_requested op_id=map/B:roll-4/a1/s3/g1.86 tenant=B units=1 state=SUCCEEDED committed=10
t=26.993015 node=gpu event=gpu_release_complete op_id=map/B:roll-4/a1/s4/g1.87 tenant=B units=1 state=CANCELLED committed=9
t=27.163581 node=gpu event=gpu_accepted op_id=map/A:agg-5/a1/s6/g1.94 tenant=A units=1 state=PENDING committed=10
t=27.204557 node=gpu event=gpu_release_complete op_id=map/B:roll-4/a1/s3/g1.86 tenant=B units=1 state=SUCCEEDED committed=9
t=27.350726 node=gpu event=gpu_accepted op_id=map/A:agg-5/a1/s7/g1.95 tenant=A units=1 state=PENDING committed=10
t=27.995332 node=gpu event=gpu_started op_id=map/A:agg-5/a1/s6/g1.94 tenant=A units=1 state=RUNNING committed=10
t=28.046722 node=gpu event=gpu_started op_id=map/A:agg-5/a1/s2/g1.90 tenant=A units=1 state=RUNNING committed=10
t=28.254049 node=gpu event=gpu_started op_id=map/A:agg-5/a1/s0/g1.88 tenant=A units=1 state=RUNNING committed=10
t=28.455261 node=gpu event=gpu_started op_id=map/A:agg-5/a1/s1/g1.89 tenant=A units=1 state=RUNNING committed=10
t=28.495332 node=gpu event=gpu_finished op_id=map/A:agg-5/a1/s6/g1.94 tenant=A units=1 state=SUCCEEDED committed=10
t=28.546722 node=gpu event=gpu_finished op_id=map/A:agg-5/a1/s2/g1.90 tenant=A units=1 state=SUCCEEDED committed=10
t=28.679006 node=gpu event=gpu_release_requested op_id=map/A:agg-5/a1/s6/g1.94 tenant=A units=1 state=SUCCEEDED committed=10
t=28.718400 node=gpu event=gpu_release_requested op_id=map/A:agg-5/a1/s2/g1.90 tenant=A units=1 state=SUCCEEDED committed=10
t=28.754049 node=gpu event=gpu_finished op_id=map/A:agg-5/a1/s0/g1.88 tenant=A units=1 state=SUCCEEDED committed=10
t=28.771952 node=gpu event=gpu_release_complete op_id=map/A:agg-5/a1/s2/g1.90 tenant=A units=1 state=SUCCEEDED committed=9
t=28.775000 node=gpu event=gpu_release_complete op_id=map/A:agg-5/a1/s6/g1.94 tenant=A units=1 state=SUCCEEDED committed=8
t=28.781238 node=gpu event=gpu_started op_id=map/B:roll-4/a1/s0/g1.85 tenant=B units=1 state=RUNNING committed=8
t=28.955016 node=gpu event=gpu_accepted op_id=map/B:roll-5/a1/s0/g1.96 tenant=B units=1 state=PENDING committed=9
t=28.955261 node=gpu event=gpu_finished op_id=map/A:agg-5/a1/s1/g1.89 tenant=A units=1 state=SUCCEEDED committed=9
t=28.996888 node=gpu event=gpu_release_requested op_id=map/A:agg-5/a1/s0/g1.88 tenant=A units=1 state=SUCCEEDED committed=9
t=29.097771 node=gpu event=gpu_release_requested op_id=map/A:agg-5/a1/s1/g1.89 tenant=A units=1 state=SUCCEEDED committed=9
t=29.149451 node=gpu event=gpu_accepted op_id=map/B:roll-5/a1/s1/g1.97 tenant=B units=1 state=PENDING committed=10
t=29.153150 node=gpu event=gpu_started op_id=map/A:agg-5/a1/s4/g1.92 tenant=A units=1 state=RUNNING committed=10
t=29.168390 node=gpu event=gpu_release_complete op_id=map/A:agg-5/a1/s0/g1.88 tenant=A units=1 state=SUCCEEDED committed=9
t=29.238545 node=gpu event=gpu_release_complete op_id=map/A:agg-5/a1/s1/g1.89 tenant=A units=1 state=SUCCEEDED committed=8
t=29.242321 node=gpu event=gpu_accepted op_id=map/B:roll-5/a1/s2/g1.98 tenant=B units=1 state=PENDING committed=9
t=29.281238 node=gpu event=gpu_finished op_id=map/B:roll-4/a1/s0/g1.85 tenant=B units=1 state=SUCCEEDED committed=9
t=29.313793 node=gpu event=gpu_accepted op_id=map/B:roll-5/a1/s3/g1.99 tenant=B units=1 state=PENDING committed=10
t=29.499219 node=gpu event=gpu_started op_id=map/A:agg-5/a1/s7/g1.95 tenant=A units=1 state=RUNNING committed=10
t=29.573575 node=gpu event=gpu_accepted op_id=reduce/B:roll-4/a1/r0 tenant=B units=1 state=PENDING committed=11
t=29.586947 node=gpu event=gpu_release_requested op_id=map/B:roll-4/a1/s0/g1.85 tenant=B units=1 state=SUCCEEDED committed=11
t=29.642379 node=gpu event=gpu_accepted op_id=map/A:agg-5/a1/s4/g1.103 tenant=A units=1 state=PENDING committed=12
t=29.652484 node=gpu event=gpu_release_complete op_id=map/B:roll-4/a1/s0/g1.85 tenant=B units=1 state=SUCCEEDED committed=11
t=29.653150 node=gpu event=gpu_finished op_id=map/A:agg-5/a1/s4/g1.92 tenant=A units=1 state=SUCCEEDED committed=11
t=29.712687 node=gpu event=gpu_started op_id=map/B:roll-4/a1/s0/g1.77 tenant=B units=1 state=RUNNING committed=11
t=29.741749 node=gpu event=gpu_cancelled op_id=map/B:roll-4/a1/s0/g1.77 tenant=B units=1 state=CANCELLED committed=11
t=29.741749 node=gpu event=gpu_accepted op_id=map/B:roll-5/a1/s4/g1.100 tenant=B units=1 state=PENDING committed=12
t=29.741749 node=gpu event=gpu_accepted op_id=map/B:roll-5/a1/s5/g1.101 tenant=B units=1 state=PENDING committed=13
t=29.741749 node=gpu event=gpu_accepted op_id=map/A:agg-5/a1/s3/g1.102 tenant=A units=1 state=PENDING committed=14
t=29.742841 node=gpu event=gpu_started op_id=map/A:agg-5/a1/s3/g1.91 tenant=A units=1 state=RUNNING committed=14
t=29.747899 node=gpu event=gpu_started op_id=map/A:agg-5/a1/s5/g1.93 tenant=A units=1 state=RUNNING committed=14
t=29.806395 node=gpu event=gpu_started op_id=map/B:roll-5/a1/s1/g1.97 tenant=B units=1 state=RUNNING committed=14
t=29.812004 node=gpu event=gpu_release_requested op_id=map/A:agg-5/a1/s4/g1.92 tenant=A units=1 state=SUCCEEDED committed=14
t=29.850737 node=gpu event=gpu_release_requested op_id=map/B:roll-4/a1/s0/g1.77 tenant=B units=1 state=CANCELLED committed=14
t=29.922137 node=gpu event=gpu_release_complete op_id=map/B:roll-4/a1/s0/g1.77 tenant=B units=1 state=CANCELLED committed=13
t=29.986240 node=gpu event=gpu_release_complete op_id=map/A:agg-5/a1/s4/g1.92 tenant=A units=1 state=SUCCEEDED committed=12
t=29.999219 node=gpu event=gpu_finished op_id=map/A:agg-5/a1/s7/g1.95 tenant=A units=1 state=SUCCEEDED committed=12
t=30.038116 node=gpu event=gpu_started op_id=map/A:agg-5/a1/s4/g1.103 tenant=A units=1 state=RUNNING committed=12
t=30.109403 node=gpu event=gpu_started op_id=map/B:roll-5/a1/s5/g1.101 tenant=B units=1 state=RUNNING committed=12
t=30.242841 node=gpu event=gpu_finished op_id=map/A:agg-5/a1/s3/g1.91 tenant=A units=1 state=SUCCEEDED committed=12
t=30.247899 node=gpu event=gpu_finished op_id=map/A:agg-5/a1/s5/g1.93 tenant=A units=1 state=SUCCEEDED committed=12
t=30.306395 node=gpu event=gpu_finished op_id=map/B:roll-5/a1/s1/g1.97 tenant=B units=1 state=SUCCEEDED committed=12
t=30.386140 node=gpu event=gpu_release_requested op_id=map/A:agg-5/a1/s7/g1.95 tenant=A units=1 state=SUCCEEDED committed=12
t=30.434977 node=gpu event=gpu_release_requested op_id=map/B:roll-5/a1/s1/g1.97 tenant=B units=1 state=SUCCEEDED committed=12
t=30.439474 node=gpu event=gpu_release_requested op_id=map/A:agg-5/a1/s5/g1.93 tenant=A units=1 state=SUCCEEDED committed=12
t=30.477590 node=gpu event=gpu_cancelled op_id=map/A:agg-5/a1/s4/g1.103 tenant=A units=1 state=CANCELLED committed=12
t=30.532219 node=gpu event=gpu_started op_id=reduce/B:roll-4/a1/r0 tenant=B units=1 state=RUNNING committed=12
t=30.532520 node=gpu event=gpu_release_requested op_id=map/A:agg-5/a1/s4/g1.103 tenant=A units=1 state=CANCELLED committed=12
t=30.560531 node=gpu event=gpu_release_complete op_id=map/A:agg-5/a1/s5/g1.93 tenant=A units=1 state=SUCCEEDED committed=11
t=30.562609 node=gpu event=gpu_release_complete op_id=map/A:agg-5/a1/s7/g1.95 tenant=A units=1 state=SUCCEEDED committed=10
t=30.609403 node=gpu event=gpu_finished op_id=map/B:roll-5/a1/s5/g1.101 tenant=B units=1 state=SUCCEEDED committed=10
t=30.644998 node=gpu event=gpu_started op_id=map/B:roll-5/a1/s4/g1.100 tenant=B units=1 state=RUNNING committed=10
t=30.713588 node=gpu event=gpu_release_complete op_id=map/B:roll-5/a1/s1/g1.97 tenant=B units=1 state=SUCCEEDED committed=9
t=30.774678 node=gpu event=gpu_accepted op_id=reduce/A:agg-5/a1/r0 tenant=A units=1 state=PENDING committed=10
t=30.794699 node=gpu event=gpu_release_requested op_id=map/A:agg-5/a1/s3/g1.91 tenant=A units=1 state=SUCCEEDED committed=10
t=30.813940 node=gpu event=gpu_release_complete op_id=map/A:agg-5/a1/s4/g1.103 tenant=A units=1 state=CANCELLED committed=9
t=30.854623 node=gpu event=gpu_started op_id=map/B:roll-5/a1/s0/g1.96 tenant=B units=1 state=RUNNING committed=9
t=30.959540 node=gpu event=gpu_release_complete op_id=map/A:agg-5/a1/s3/g1.91 tenant=A units=1 state=SUCCEEDED committed=8
t=30.992218 node=gpu event=gpu_cancelled op_id=map/A:agg-5/a1/s3/g1.102 tenant=A units=1 state=CANCELLED committed=8
t=31.017635 node=gpu event=gpu_release_requested op_id=map/B:roll-5/a1/s5/g1.101 tenant=B units=1 state=SUCCEEDED committed=8
t=31.032219 node=gpu event=gpu_finished op_id=reduce/B:roll-4/a1/r0 tenant=B units=1 state=SUCCEEDED committed=8
t=31.130443 node=gpu event=gpu_accepted op_id=map/A:agg-6/a1/s6/g1.110 tenant=A units=1 state=PENDING committed=9
t=31.133072 node=gpu event=gpu_release_requested op_id=map/A:agg-5/a1/s3/g1.102 tenant=A units=1 state=CANCELLED committed=9
t=31.144998 node=gpu event=gpu_finished op_id=map/B:roll-5/a1/s4/g1.100 tenant=B units=1 state=SUCCEEDED committed=9
t=31.154972 node=gpu event=gpu_accepted op_id=map/A:agg-6/a1/s0/g1.104 tenant=A units=1 state=PENDING committed=10
t=31.155013 node=gpu event=gpu_accepted op_id=map/A:agg-6/a1/s1/g1.105 tenant=A units=1 state=PENDING committed=11
t=31.157251 node=gpu event=gpu_accepted op_id=map/A:agg-6/a1/s2/g1.106 tenant=A units=1 state=PENDING committed=12
t=31.167208 node=gpu event=gpu_release_complete op_id=map/B:roll-5/a1/s5/g1.101 tenant=B units=1 state=SUCCEEDED committed=11
t=31.185395 node=gpu event=gpu_accepted op_id=map/A:agg-6/a1/s3/g1.107 tenant=A units=1 state=PENDING committed=12
t=31.185395 node=gpu event=gpu_accepted op_id=map/A:agg-6/a1/s4/g1.108 tenant=A units=1 state=PENDING committed=13
t=31.194774 node=gpu event=gpu_accepted op_id=map/A:agg-6/a1/s5/g1.109 tenant=A units=1 state=PENDING committed=14
t=31.302837 node=gpu event=gpu_started op_id=map/A:agg-6/a1/s1/g1.105 tenant=A units=1 state=RUNNING committed=14
t=31.332026 node=gpu event=gpu_started op_id=map/A:agg-6/a1/s5/g1.109 tenant=A units=1 state=RUNNING committed=14
t=31.333732 node=gpu event=gpu_release_requested op_id=reduce/B:roll-4/a1/r0 tenant=B units=1 state=SUCCEEDED committed=14
t=31.354623 node=gpu event=gpu_finished op_id=map/B:roll-5/a1/s0/g1.96 tenant=B units=1 state=SUCCEEDED committed=14
t=31.360424 node=gpu event=gpu_release_requested op_id=map/B:roll-5/a1/s4/g1.100 tenant=B units=1 state=SUCCEEDED committed=14
t=31.378603 node=gpu event=gpu_release_complete op_id=map/A:agg-5/a1/s3/g1.102 tenant=A units=1 state=CANCELLED committed=13
t=31.392888 node=gpu event=gpu_release_complete op_id=reduce/B:roll-4/a1/r0 tenant=B units=1 state=SUCCEEDED committed=12
t=31.557965 node=gpu event=gpu_release_requested op_id=map/B:roll-5/a1/s0/g1.96 tenant=B units=1 state=SUCCEEDED committed=12
t=31.559248 node=gpu event=gpu_started op_id=map/A:agg-6/a1/s4/g1.108 tenant=A units=1 state=RUNNING committed=12
t=31.573280 node=gpu event=gpu_release_complete op_id=map/B:roll-5/a1/s4/g1.100 tenant=B units=1 state=SUCCEEDED committed=11
t=31.629161 node=gpu event=gpu_release_complete op_id=map/B:roll-5/a1/s0/g1.96 tenant=B units=1 state=SUCCEEDED committed=10
t=31.723900 node=gpu event=gpu_started op_id=map/A:agg-6/a1/s0/g1.104 tenant=A units=1 state=RUNNING committed=10
t=31.731805 node=gpu event=gpu_accepted op_id=map/A:agg-6/a1/s7/g1.111 tenant=A units=1 state=PENDING committed=11
t=31.802837 node=gpu event=gpu_finished op_id=map/A:agg-6/a1/s1/g1.105 tenant=A units=1 state=SUCCEEDED committed=11
t=31.814028 node=gpu event=gpu_accepted op_id=map/B:roll-5/a1/s3/g1.113 tenant=B units=1 state=PENDING committed=12
t=31.832026 node=gpu event=gpu_finished op_id=map/A:agg-6/a1/s5/g1.109 tenant=A units=1 state=SUCCEEDED committed=12
t=32.007850 node=gpu event=gpu_accepted op_id=map/B:roll-5/a1/s2/g1.112 tenant=B units=1 state=PENDING committed=13
t=32.039636 node=gpu event=gpu_release_requested op_id=map/A:agg-6/a1/s1/g1.105 tenant=A units=1 state=SUCCEEDED committed=13
t=32.059248 node=gpu event=gpu_finished op_id=map/A:agg-6/a1/s4/g1.108 tenant=A units=1 state=SUCCEEDED committed=13
t=32.114284 node=gpu event=gpu_release_requested op_id=map/A:agg-6/a1/s5/g1.109 tenant=A units=1 state=SUCCEEDED committed=13
t=32.138176 node=gpu event=gpu_started op_id=map/B:roll-5/a1/s2/g1.98 tenant=B units=1 state=RUNNING committed=13
t=32.223900 node=gpu event=gpu_finished op_id=map/A:agg-6/a1/s0/g1.104 tenant=A units=1 state=SUCCEEDED committed=13
t=32.295460 node=gpu event=gpu_release_complete op_id=map/A:agg-6/a1/s1/g1.105 tenant=A units=1 state=SUCCEEDED committed=12
t=32.327333 node=gpu event=gpu_release_complete op_id=map/A:agg-6/a1/s5/g1.109 tenant=A units=1 state=SUCCEEDED committed=11
t=32.397070 node=gpu event=gpu_release_requested op_id=map/A:agg-6/a1/s4/g1.108 tenant=A units=1 state=SUCCEEDED committed=11
t=32.436507 node=gpu event=gpu_release_requested op_id=map/A:agg-6/a1/s0/g1.104 tenant=A units=1 state=SUCCEEDED committed=11
t=32.455294 node=gpu event=gpu_release_complete op_id=map/A:agg-6/a1/s4/g1.108 tenant=A units=1 state=SUCCEEDED committed=10
t=32.548836 node=gpu event=gpu_started op_id=map/B:roll-5/a1/s3/g1.113 tenant=B units=1 state=RUNNING committed=10
t=32.584535 node=gpu event=gpu_started op_id=map/A:agg-6/a1/s6/g1.110 tenant=A units=1 state=RUNNING committed=10
t=32.607923 node=gpu event=gpu_started op_id=map/A:agg-6/a1/s7/g1.111 tenant=A units=1 state=RUNNING committed=10
t=32.638176 node=gpu event=gpu_finished op_id=map/B:roll-5/a1/s2/g1.98 tenant=B units=1 state=SUCCEEDED committed=10
t=32.730050 node=gpu event=gpu_release_complete op_id=map/A:agg-6/a1/s0/g1.104 tenant=A units=1 state=SUCCEEDED committed=9
t=32.760047 node=gpu event=gpu_started op_id=map/B:roll-5/a1/s3/g1.99 tenant=B units=1 state=RUNNING committed=9
t=32.911569 node=gpu event=gpu_release_requested op_id=map/B:roll-5/a1/s2/g1.98 tenant=B units=1 state=SUCCEEDED committed=9
t=32.927286 node=gpu event=gpu_accepted op_id=map/B:roll-6/a1/s0/g1.114 tenant=B units=1 state=PENDING committed=10
t=33.039366 node=gpu event=gpu_cancelled op_id=map/B:roll-5/a1/s2/g1.112 tenant=B units=1 state=CANCELLED committed=10
t=33.048836 node=gpu event=gpu_finished op_id=map/B:roll-5/a1/s3/g1.113 tenant=B units=1 state=SUCCEEDED committed=10
t=33.083008 node=gpu event=gpu_release_complete op_id=map/B:roll-5/a1/s2/g1.98 tenant=B units=1 state=SUCCEEDED committed=9
t=33.084535 node=gpu event=gpu_finished op_id=map/A:agg-6/a1/s6/g1.110 tenant=A units=1 state=SUCCEEDED committed=9
t=33.107923 node=gpu event=gpu_finished op_id=map/A:agg-6/a1/s7/g1.111 tenant=A units=1 state=SUCCEEDED committed=9
t=33.111677 node=gpu event=gpu_started op_id=map/A:agg-6/a1/s2/g1.106 tenant=A units=1 state=RUNNING committed=9
t=33.144486 node=gpu event=gpu_release_requested op_id=map/B:roll-5/a1/s2/g1.112 tenant=B units=1 state=CANCELLED committed=9
t=33.206542 node=gpu event=gpu_accepted op_id=map/B:roll-6/a1/s1/g1.115 tenant=B units=1 state=PENDING committed=10
t=33.260047 node=gpu event=gpu_finished op_id=map/B:roll-5/a1/s3/g1.99 tenant=B units=1 state=SUCCEEDED committed=10
t=33.280625 node=gpu event=gpu_release_requested op_id=map/A:agg-6/a1/s6/g1.110 tenant=A units=1 state=SUCCEEDED committed=10
t=33.322660 node=gpu event=gpu_release_complete op_id=map/B:roll-5/a1/s2/g1.112 tenant=B units=1 state=CANCELLED committed=9
t=33.367335 node=gpu event=gpu_accepted op_id=reduce/B:roll-5/a1/r0 tenant=B units=1 state=PENDING committed=10
t=33.424842 node=gpu event=gpu_accepted op_id=map/B:roll-6/a1/s2/g1.116 tenant=B units=1 state=PENDING committed=11
t=33.428191 node=gpu event=gpu_release_requested op_id=map/A:agg-6/a1/s7/g1.111 tenant=A units=1 state=SUCCEEDED committed=11
t=33.428191 node=gpu event=gpu_accepted op_id=map/B:roll-6/a1/s3/g1.117 tenant=B units=1 state=PENDING committed=12
t=33.438130 node=gpu event=gpu_accepted op_id=map/B:roll-6/a1/s4/g1.118 tenant=B units=1 state=PENDING committed=13
t=33.485283 node=gpu event=gpu_release_complete op_id=map/A:agg-6/a1/s7/g1.111 tenant=A units=1 state=SUCCEEDED committed=12
t=33.557447 node=gpu event=gpu_release_complete op_id=map/A:agg-6/a1/s6/g1.110 tenant=A units=1 state=SUCCEEDED committed=11
t=33.611677 node=gpu event=gpu_finished op_id=map/A:agg-6/a1/s2/g1.106 tenant=A units=1 state=SUCCEEDED committed=11
t=33.627204 node=gpu event=gpu_release_requested op_id=map/B:roll-5/a1/s3/g1.99 tenant=B units=1 state=SUCCEEDED committed=11
t=33.670836 node=gpu event=gpu_accepted op_id=map/B:roll-6/a1/s5/g1.119 tenant=B units=1 state=PENDING committed=12
t=33.693969 node=gpu event=gpu_started op_id=map/B:roll-6/a1/s2/g1.116 tenant=B units=1 state=RUNNING committed=12
t=33.695742 node=gpu event=gpu_release_requested op_id=map/A:agg-6/a1/s2/g1.106 tenant=A units=1 state=SUCCEEDED committed=12
t=33.702528 node=gpu event=gpu_release_requested op_id=map/B:roll-5/a1/s3/g1.113 tenant=B units=1 state=SUCCEEDED committed=12
t=33.760485 node=gpu event=gpu_release_complete op_id=map/B:roll-5/a1/s3/g1.99 tenant=B units=1 state=SUCCEEDED committed=11
t=33.780373 node=gpu event=gpu_accepted op_id=map/A:agg-6/a1/s3/g1.120 tenant=A units=1 state=PENDING committed=12
t=33.833654 node=gpu event=gpu_release_complete op_id=map/A:agg-6/a1/s2/g1.106 tenant=A units=1 state=SUCCEEDED committed=11
t=33.851262 node=gpu event=gpu_release_complete op_id=map/B:roll-5/a1/s3/g1.113 tenant=B units=1 state=SUCCEEDED committed=10
t=33.998955 node=gpu event=gpu_started op_id=map/A:agg-6/a1/s3/g1.120 tenant=A units=1 state=RUNNING committed=10
t=34.180485 node=gpu event=gpu_started op_id=map/B:roll-6/a1/s4/g1.118 tenant=B units=1 state=RUNNING committed=10
t=34.193969 node=gpu event=gpu_finished op_id=map/B:roll-6/a1/s2/g1.116 tenant=B units=1 state=SUCCEEDED committed=10
t=34.377815 node=gpu event=gpu_release_requested op_id=map/B:roll-6/a1/s2/g1.116 tenant=B units=1 state=SUCCEEDED committed=10
t=34.444656 node=gpu event=gpu_release_complete op_id=map/B:roll-6/a1/s2/g1.116 tenant=B units=1 state=SUCCEEDED committed=9
t=34.456155 node=gpu event=gpu_started op_id=map/A:agg-6/a1/s3/g1.107 tenant=A units=1 state=RUNNING committed=9
t=34.498955 node=gpu event=gpu_finished op_id=map/A:agg-6/a1/s3/g1.120 tenant=A units=1 state=SUCCEEDED committed=9
t=34.561697 node=gpu event=gpu_accepted op_id=reduce/A:agg-6/a1/r0 tenant=A units=1 state=PENDING committed=10
t=34.579183 node=gpu event=gpu_started op_id=map/B:roll-6/a1/s0/g1.114 tenant=B units=1 state=RUNNING committed=10
t=34.624086 node=gpu event=gpu_release_requested op_id=map/A:agg-6/a1/s3/g1.120 tenant=A units=1 state=SUCCEEDED committed=10
t=34.680485 node=gpu event=gpu_finished op_id=map/B:roll-6/a1/s4/g1.118 tenant=B units=1 state=SUCCEEDED committed=10
t=34.709464 node=gpu event=gpu_cancelled op_id=map/A:agg-6/a1/s3/g1.107 tenant=A units=1 state=CANCELLED committed=10
t=34.756334 node=gpu event=gpu_started op_id=reduce/A:agg-5/a1/r0 tenant=A units=1 state=RUNNING committed=10
t=34.780740 node=gpu event=gpu_release_requested op_id=map/B:roll-6/a1/s4/g1.118 tenant=B units=1 state=SUCCEEDED committed=10
t=34.825389 node=gpu event=gpu_release_requested op_id=map/A:agg-6/a1/s3/g1.107 tenant=A units=1 state=CANCELLED committed=10
t=34.898179 node=gpu event=gpu_release_complete op_id=map/A:agg-6/a1/s3/g1.120 tenant=A units=1 state=SUCCEEDED committed=9
t=34.908290 node=gpu event=gpu_release_complete op_id=map/A:agg-6/a1/s3/g1.107 tenant=A units=1 state=CANCELLED committed=8
t=34.998865 node=gpu event=gpu_release_complete op_id=map/B:roll-6/a1/s4/g1.118 tenant=B units=1 state=SUCCEEDED committed=7
t=35.079183 node=gpu event=gpu_finished op_id=map/B:roll-6/a1/s0/g1.114 tenant=B units=1 state=SUCCEEDED committed=7
t=35.256334 node=gpu event=gpu_finished op_id=reduce/A:agg-5/a1/r0 tenant=A units=1 state=SUCCEEDED committed=7
t=35.386889 node=gpu event=gpu_release_requested op_id=map/B:roll-6/a1/s0/g1.114 tenant=B units=1 state=SUCCEEDED committed=7
t=35.487431 node=gpu event=gpu_release_requested op_id=reduce/A:agg-5/a1/r0 tenant=A units=1 state=SUCCEEDED committed=7
t=35.547588 node=gpu event=gpu_release_complete op_id=map/B:roll-6/a1/s0/g1.114 tenant=B units=1 state=SUCCEEDED committed=6
t=35.655631 node=gpu event=gpu_release_complete op_id=reduce/A:agg-5/a1/r0 tenant=A units=1 state=SUCCEEDED committed=5
t=35.740261 node=gpu event=gpu_accepted op_id=map/B:roll-6/a1/s1/g1.121 tenant=B units=1 state=PENDING committed=6
t=35.941920 node=gpu event=gpu_started op_id=reduce/A:agg-6/a1/r0 tenant=A units=1 state=RUNNING committed=6
t=35.941974 node=gpu event=gpu_accepted op_id=map/B:roll-6/a1/s3/g1.122 tenant=B units=1 state=PENDING committed=7
t=36.106893 node=gpu event=gpu_started op_id=map/B:roll-6/a1/s1/g1.121 tenant=B units=1 state=RUNNING committed=7
t=36.115189 node=gpu event=gpu_accepted op_id=map/A:agg-7/a1/s6/g1.129 tenant=A units=1 state=PENDING committed=8
t=36.124496 node=gpu event=gpu_accepted op_id=map/A:agg-7/a1/s0/g1.123 tenant=A units=1 state=PENDING committed=9
t=36.124496 node=gpu event=gpu_accepted op_id=map/A:agg-7/a1/s1/g1.124 tenant=A units=1 state=PENDING committed=10
t=36.164032 node=gpu event=gpu_accepted op_id=map/A:agg-7/a1/s4/g1.127 tenant=A units=1 state=PENDING committed=11
t=36.164032 node=gpu event=gpu_accepted op_id=map/A:agg-7/a1/s5/g1.128 tenant=A units=1 state=PENDING committed=12
t=36.174766 node=gpu event=gpu_started op_id=map/B:roll-6/a1/s1/g1.115 tenant=B units=1 state=RUNNING committed=12
t=36.190323 node=gpu event=gpu_accepted op_id=map/A:agg-7/a1/s2/g1.125 tenant=A units=1 state=PENDING committed=13
t=36.190323 node=gpu event=gpu_accepted op_id=map/A:agg-7/a1/s3/g1.126 tenant=A units=1 state=PENDING committed=14
t=36.264672 node=gpu event=gpu_started op_id=map/B:roll-6/a1/s5/g1.119 tenant=B units=1 state=RUNNING committed=14
t=36.441920 node=gpu event=gpu_finished op_id=reduce/A:agg-6/a1/r0 tenant=A units=1 state=SUCCEEDED committed=14
t=36.504092 node=gpu event=gpu_release_requested op_id=reduce/A:agg-6/a1/r0 tenant=A units=1 state=SUCCEEDED committed=14
t=36.606893 node=gpu event=gpu_finished op_id=map/B:roll-6/a1/s1/g1.121 tenant=B units=1 state=SUCCEEDED committed=14
t=36.674766 node=gpu event=gpu_finished op_id=map/B:roll-6/a1/s1/g1.115 tenant=B units=1 state=SUCCEEDED committed=14
t=36.723806 node=gpu event=gpu_release_requested op_id=map/B:roll-6/a1/s1/g1.121 tenant=B units=1 state=SUCCEEDED committed=14
t=36.733018 node=gpu event=gpu_release_requested op_id=map/B:roll-6/a1/s1/g1.115 tenant=B units=1 state=SUCCEEDED committed=14
t=36.738980 node=gpu event=gpu_started op_id=map/A:agg-7/a1/s2/g1.125 tenant=A units=1 state=RUNNING committed=14
t=36.754080 node=gpu event=gpu_release_complete op_id=reduce/A:agg-6/a1/r0 tenant=A units=1 state=SUCCEEDED committed=13
t=36.764672 node=gpu event=gpu_finished op_id=map/B:roll-6/a1/s5/g1.119 tenant=B units=1 state=SUCCEEDED committed=13
t=36.838854 node=gpu event=gpu_started op_id=map/B:roll-6/a1/s3/g1.122 tenant=B units=1 state=RUNNING committed=13
t=36.857183 node=gpu event=gpu_release_complete op_id=map/B:roll-6/a1/s1/g1.121 tenant=B units=1 state=SUCCEEDED committed=12
t=37.012600 node=gpu event=gpu_release_complete op_id=map/B:roll-6/a1/s1/g1.115 tenant=B units=1 state=SUCCEEDED committed=11
t=37.018084 node=gpu event=gpu_accepted op_id=map/A:agg-7/a1/s7/g1.130 tenant=A units=1 state=PENDING committed=12
t=37.145217 node=gpu event=gpu_release_requested op_id=map/B:roll-6/a1/s5/g1.119 tenant=B units=1 state=SUCCEEDED committed=12
t=37.157385 node=gpu event=gpu_started op_id=map/A:agg-7/a1/s7/g1.130 tenant=A units=1 state=RUNNING committed=12
t=37.210869 node=gpu event=gpu_started op_id=reduce/B:roll-5/a1/r0 tenant=B units=1 state=RUNNING committed=12
t=37.238980 node=gpu event=gpu_finished op_id=map/A:agg-7/a1/s2/g1.125 tenant=A units=1 state=SUCCEEDED committed=12
t=37.247343 node=gpu event=gpu_started op_id=map/A:agg-7/a1/s6/g1.129 tenant=A units=1 state=RUNNING committed=12
t=37.338854 node=gpu event=gpu_finished op_id=map/B:roll-6/a1/s3/g1.122 tenant=B units=1 state=SUCCEEDED committed=12
t=37.436421 node=gpu event=gpu_release_complete op_id=map/B:roll-6/a1/s5/g1.119 tenant=B units=1 state=SUCCEEDED committed=11
t=37.458017 node=gpu event=gpu_accepted op_id=reduce/B:roll-6/a1/r0 tenant=B units=1 state=PENDING committed=12
t=37.469720 node=gpu event=gpu_release_requested op_id=map/B:roll-6/a1/s3/g1.122 tenant=B units=1 state=SUCCEEDED committed=12
t=37.476737 node=gpu event=gpu_release_requested op_id=map/A:agg-7/a1/s2/g1.125 tenant=A units=1 state=SUCCEEDED committed=12
t=37.657385 node=gpu event=gpu_finished op_id=map/A:agg-7/a1/s7/g1.130 tenant=A units=1 state=SUCCEEDED committed=12
t=37.673043 node=gpu event=gpu_started op_id=map/A:agg-7/a1/s3/g1.126 tenant=A units=1 state=RUNNING committed=12
t=37.691525 node=gpu event=gpu_release_complete op_id=map/B:roll-6/a1/s3/g1.122 tenant=B units=1 state=SUCCEEDED committed=11
t=37.692583 node=gpu event=gpu_release_complete op_id=map/A:agg-7/a1/s2/g1.125 tenant=A units=1 state=SUCCEEDED committed=10
t=37.710869 node=gpu event=gpu_finished op_id=reduce/B:roll-5/a1/r0 tenant=B units=1 state=SUCCEEDED committed=10
t=37.747343 node=gpu event=gpu_finished op_id=map/A:agg-7/a1/s6/g1.129 tenant=A units=1 state=SUCCEEDED committed=10
t=37.751352 node=gpu event=gpu_cancelled op_id=map/B:roll-6/a1/s3/g1.117 tenant=B units=1 state=CANCELLED committed=10
t=37.773020 node=gpu event=gpu_release_requested op_id=reduce/B:roll-5/a1/r0 tenant=B units=1 state=SUCCEEDED committed=10
t=37.825013 node=gpu event=gpu_release_complete op_id=reduce/B:roll-5/a1/r0 tenant=B units=1 state=SUCCEEDED committed=9
t=37.988740 node=gpu event=gpu_release_requested op_id=map/A:agg-7/a1/s7/g1.130 tenant=A units=1 state=SUCCEEDED committed=9
t=38.031148 node=gpu event=gpu_release_requested op_id=map/B:roll-6/a1/s3/g1.117 tenant=B units=1 state=CANCELLED committed=9
t=38.043282 node=gpu event=gpu_accepted op_id=map/B:roll-7/a1/s0/g1.131 tenant=B units=1 state=PENDING committed=10
t=38.049959 node=gpu event=gpu_accepted op_id=map/B:roll-7/a1/s1/g1.132 tenant=B units=1 state=PENDING committed=11
t=38.049959 node=gpu event=gpu_release_requested op_id=map/A:agg-7/a1/s6/g1.129 tenant=A units=1 state=SUCCEEDED committed=11
t=38.064695 node=gpu event=gpu_accepted op_id=map/B:roll-7/a1/s2/g1.133 tenant=B units=1 state=PENDING committed=12
t=38.074280 node=gpu event=gpu_accepted op_id=map/B:roll-7/a1/s3/g1.134 tenant=B units=1 state=PENDING committed=13
t=38.075223 node=gpu event=gpu_started op_id=map/A:agg-7/a1/s1/g1.124 tenant=A units=1 state=RUNNING committed=13
t=38.087434 node=gpu event=gpu_release_complete op_id=map/A:agg-7/a1/s7/g1.130 tenant=A units=1 state=SUCCEEDED committed=12
t=38.131822 node=gpu event=gpu_release_complete op_id=map/B:roll-6/a1/s3/g1.117 tenant=B units=1 state=CANCELLED committed=11
t=38.173043 node=gpu event=gpu_finished op_id=map/A:agg-7/a1/s3/g1.126 tenant=A units=1 state=SUCCEEDED committed=11
t=38.210185 node=gpu event=gpu_started op_id=map/A:agg-7/a1/s4/g1.127 tenant=A units=1 state=RUNNING committed=11
t=38.254325 node=gpu event=gpu_release_complete op_id=map/A:agg-7/a1/s6/g1.129 tenant=A units=1 state=SUCCEEDED committed=10
t=38.352755 node=gpu event=gpu_release_requested op_id=map/A:agg-7/a1/s3/g1.126 tenant=A units=1 state=SUCCEEDED committed=10
t=38.410032 node=gpu event=gpu_accepted op_id=map/B:roll-7/a1/s5/g1.136 tenant=B units=1 state=PENDING committed=11
t=38.518148 node=gpu event=gpu_release_complete op_id=map/A:agg-7/a1/s3/g1.126 tenant=A units=1 state=SUCCEEDED committed=10
t=38.555172 node=gpu event=gpu_accepted op_id=map/B:roll-7/a1/s4/g1.135 tenant=B units=1 state=PENDING committed=11
t=38.558702 node=gpu event=gpu_started op_id=map/B:roll-7/a1/s1/g1.132 tenant=B units=1 state=RUNNING committed=11
t=38.575223 node=gpu event=gpu_finished op_id=map/A:agg-7/a1/s1/g1.124 tenant=A units=1 state=SUCCEEDED committed=11
t=38.631649 node=gpu event=gpu_accepted op_id=map/A:agg-7/a1/s0/g1.137 tenant=A units=1 state=PENDING committed=12
t=38.631649 node=gpu event=gpu_accepted op_id=map/A:agg-7/a1/s1/g1.138 tenant=A units=1 state=PENDING committed=13
t=38.710185 node=gpu event=gpu_finished op_id=map/A:agg-7/a1/s4/g1.127 tenant=A units=1 state=SUCCEEDED committed=13
t=38.797120 node=gpu event=gpu_started op_id=map/B:roll-7/a1/s2/g1.133 tenant=B units=1 state=RUNNING committed=13
t=38.864843 node=gpu event=gpu_release_requested op_id=map/A:agg-7/a1/s1/g1.124 tenant=A units=1 state=SUCCEEDED committed=13
t=38.872171 node=gpu event=gpu_started op_id=map/B:roll-7/a1/s4/g1.135 tenant=B units=1 state=RUNNING committed=13
t=38.990130 node=gpu event=gpu_started op_id=map/A:agg-7/a1/s1/g1.138 tenant=A units=1 state=RUNNING committed=13
t=39.002263 node=gpu event=gpu_cancelled op_id=map/A:agg-7/a1/s1/g1.138 tenant=A units=1 state=CANCELLED committed=13
t=39.006268 node=gpu event=gpu_release_requested op_id=map/A:agg-7/a1/s4/g1.127 tenant=A units=1 state=SUCCEEDED committed=13
t=39.032186 node=gpu event=gpu_started op_id=map/A:agg-7/a1/s0/g1.123 tenant=A units=1 state=RUNNING committed=13
t=39.041484 node=gpu event=gpu_release_requested op_id=map/A:agg-7/a1/s1/g1.138 tenant=A units=1 state=CANCELLED committed=13
t=39.058702 node=gpu event=gpu_finished op_id=map/B:roll-7/a1/s1/g1.132 tenant=B units=1 state=SUCCEEDED committed=13
t=39.065184 node=gpu event=gpu_started op_id=map/B:roll-7/a1/s3/g1.134 tenant=B units=1 state=RUNNING committed=13
t=39.151460 node=gpu event=gpu_started op_id=map/B:roll-7/a1/s5/g1.136 tenant=B units=1 state=RUNNING committed=13
t=39.159755 node=gpu event=gpu_release_complete op_id=map/A:agg-7/a1/s1/g1.124 tenant=A units=1 state=SUCCEEDED committed=12
t=39.213669 node=gpu event=gpu_release_complete op_id=map/A:agg-7/a1/s4/g1.127 tenant=A units=1 state=SUCCEEDED committed=11
t=39.297120 node=gpu event=gpu_finished op_id=map/B:roll-7/a1/s2/g1.133 tenant=B units=1 state=SUCCEEDED committed=11
t=39.307941 node=gpu event=gpu_release_complete op_id=map/A:agg-7/a1/s1/g1.138 tenant=A units=1 state=CANCELLED committed=10
t=39.342953 node=gpu event=gpu_release_requested op_id=map/B:roll-7/a1/s1/g1.132 tenant=B units=1 state=SUCCEEDED committed=10
t=39.372171 node=gpu event=gpu_finished op_id=map/B:roll-7/a1/s4/g1.135 tenant=B units=1 state=SUCCEEDED committed=10
t=39.514137 node=gpu event=gpu_started op_id=reduce/B:roll-6/a1/r0 tenant=B units=1 state=RUNNING committed=10
t=39.517166 node=gpu event=gpu_release_requested op_id=map/B:roll-7/a1/s4/g1.135 tenant=B units=1 state=SUCCEEDED committed=10
t=39.532186 node=gpu event=gpu_finished op_id=map/A:agg-7/a1/s0/g1.123 tenant=A units=1 state=SUCCEEDED committed=10
t=39.565184 node=gpu event=gpu_finished op_id=map/B:roll-7/a1/s3/g1.134 tenant=B units=1 state=SUCCEEDED committed=10
t=39.601790 node=gpu event=gpu_release_complete op_id=map/B:roll-7/a1/s1/g1.132 tenant=B units=1 state=SUCCEEDED committed=9
t=39.629697 node=gpu event=gpu_release_requested op_id=map/B:roll-7/a1/s2/g1.133 tenant=B units=1 state=SUCCEEDED committed=9
t=39.651460 node=gpu event=gpu_finished op_id=map/B:roll-7/a1/s5/g1.136 tenant=B units=1 state=SUCCEEDED committed=9
t=39.711434 node=gpu event=gpu_release_complete op_id=map/B:roll-7/a1/s4/g1.135 tenant=B units=1 state=SUCCEEDED committed=8
t=39.769026 node=gpu event=gpu_accepted op_id=map/A:agg-7/a1/s5/g1.139 tenant=A units=1 state=PENDING committed=9
t=39.783235 node=gpu event=gpu_release_requested op_id=map/B:roll-7/a1/s3/g1.134 tenant=B units=1 state=SUCCEEDED committed=9
t=39.861851 node=gpu event=gpu_release_requested op_id=map/B:roll-7/a1/s5/g1.136 tenant=B units=1 state=SUCCEEDED committed=9
t=39.885174 node=gpu event=gpu_release_complete op_id=map/B:roll-7/a1/s2/g1.133 tenant=B units=1 state=SUCCEEDED committed=8
t=39.974424 node=gpu event=gpu_release_requested op_id=map/A:agg-7/a1/s0/g1.123 tenant=A units=1 state=SUCCEEDED committed=8
t=40.014137 node=gpu event=gpu_finished op_id=reduce/B:roll-6/a1/r0 tenant=B units=1 state=SUCCEEDED committed=8
t=40.055436 node=gpu event=gpu_release_complete op_id=map/B:roll-7/a1/s3/g1.134 tenant=B units=1 state=SUCCEEDED committed=7
t=40.090728 node=gpu event=gpu_started op_id=map/B:roll-7/a1/s0/g1.131 tenant=B units=1 state=RUNNING committed=7
t=40.091952 node=gpu event=gpu_release_complete op_id=map/B:roll-7/a1/s5/g1.136 tenant=B units=1 state=SUCCEEDED committed=6
t=40.104633 node=gpu event=gpu_release_requested op_id=reduce/B:roll-6/a1/r0 tenant=B units=1 state=SUCCEEDED committed=6
t=40.134658 node=gpu event=gpu_started op_id=map/A:agg-7/a1/s5/g1.128 tenant=A units=1 state=RUNNING committed=6
t=40.160666 node=gpu event=gpu_release_complete op_id=reduce/B:roll-6/a1/r0 tenant=B units=1 state=SUCCEEDED committed=5
t=40.238938 node=gpu event=gpu_release_complete op_id=map/A:agg-7/a1/s0/g1.123 tenant=A units=1 state=SUCCEEDED committed=4
t=40.350632 node=gpu event=gpu_cancelled op_id=map/A:agg-7/a1/s0/g1.137 tenant=A units=1 state=CANCELLED committed=4
t=40.480076 node=gpu event=gpu_release_requested op_id=map/A:agg-7/a1/s0/g1.137 tenant=A units=1 state=CANCELLED committed=4
t=40.590728 node=gpu event=gpu_finished op_id=map/B:roll-7/a1/s0/g1.131 tenant=B units=1 state=SUCCEEDED committed=4
t=40.634658 node=gpu event=gpu_finished op_id=map/A:agg-7/a1/s5/g1.128 tenant=A units=1 state=SUCCEEDED committed=4
t=40.638052 node=gpu event=gpu_release_complete op_id=map/A:agg-7/a1/s0/g1.137 tenant=A units=1 state=CANCELLED committed=3
t=40.710758 node=gpu event=gpu_accepted op_id=map/B:roll-7/a1/s0/g1.140 tenant=B units=1 state=PENDING committed=4
t=40.811499 node=gpu event=gpu_accepted op_id=reduce/B:roll-7/a1/r0 tenant=B units=1 state=PENDING committed=5
t=40.813897 node=gpu event=gpu_release_requested op_id=map/B:roll-7/a1/s0/g1.131 tenant=B units=1 state=SUCCEEDED committed=5
t=40.976039 node=gpu event=gpu_started op_id=map/A:agg-7/a1/s5/g1.139 tenant=A units=1 state=RUNNING committed=5
t=41.011700 node=gpu event=gpu_release_complete op_id=map/B:roll-7/a1/s0/g1.131 tenant=B units=1 state=SUCCEEDED committed=4
t=41.024325 node=gpu event=gpu_cancelled op_id=map/B:roll-7/a1/s0/g1.140 tenant=B units=1 state=CANCELLED committed=4
t=41.065921 node=gpu event=gpu_accepted op_id=reduce/A:agg-7/a1/r0 tenant=A units=1 state=PENDING committed=5
t=41.087097 node=gpu event=gpu_release_requested op_id=map/A:agg-7/a1/s5/g1.128 tenant=A units=1 state=SUCCEEDED committed=5
t=41.166099 node=gpu event=gpu_release_complete op_id=map/A:agg-7/a1/s5/g1.128 tenant=A units=1 state=SUCCEEDED committed=4
t=41.344592 node=gpu event=gpu_release_requested op_id=map/B:roll-7/a1/s0/g1.140 tenant=B units=1 state=CANCELLED committed=4
t=41.346891 node=gpu event=gpu_cancelled op_id=map/A:agg-7/a1/s5/g1.139 tenant=A units=1 state=CANCELLED committed=4
t=41.453411 node=gpu event=gpu_release_requested op_id=map/A:agg-7/a1/s5/g1.139 tenant=A units=1 state=CANCELLED committed=4
t=41.529770 node=gpu event=gpu_release_complete op_id=map/A:agg-7/a1/s5/g1.139 tenant=A units=1 state=CANCELLED committed=3
t=41.605816 node=gpu event=gpu_release_complete op_id=map/B:roll-7/a1/s0/g1.140 tenant=B units=1 state=CANCELLED committed=2
t=41.611837 node=gpu event=gpu_accepted op_id=map/A:agg-8/a1/s6/g1.147 tenant=A units=1 state=PENDING committed=3
t=41.611837 node=gpu event=gpu_accepted op_id=map/A:agg-8/a1/s7/g1.148 tenant=A units=1 state=PENDING committed=4
t=41.628770 node=gpu event=gpu_accepted op_id=map/A:agg-8/a1/s3/g1.144 tenant=A units=1 state=PENDING committed=5
t=41.628770 node=gpu event=gpu_accepted op_id=map/A:agg-8/a1/s4/g1.145 tenant=A units=1 state=PENDING committed=6
t=41.633033 node=gpu event=gpu_accepted op_id=map/A:agg-8/a1/s5/g1.146 tenant=A units=1 state=PENDING committed=7
t=41.669191 node=gpu event=gpu_accepted op_id=map/A:agg-8/a1/s0/g1.141 tenant=A units=1 state=PENDING committed=8
t=41.697518 node=gpu event=gpu_accepted op_id=map/A:agg-8/a1/s2/g1.143 tenant=A units=1 state=PENDING committed=9
t=41.760590 node=gpu event=gpu_accepted op_id=map/A:agg-8/a1/s1/g1.142 tenant=A units=1 state=PENDING committed=10
t=41.929810 node=gpu event=gpu_started op_id=map/A:agg-8/a1/s4/g1.145 tenant=A units=1 state=RUNNING committed=10
t=41.938143 node=gpu event=gpu_started op_id=map/A:agg-8/a1/s3/g1.144 tenant=A units=1 state=RUNNING committed=10
t=42.268820 node=gpu event=gpu_started op_id=map/A:agg-8/a1/s0/g1.141 tenant=A units=1 state=RUNNING committed=10
t=42.429810 node=gpu event=gpu_finished op_id=map/A:agg-8/a1/s4/g1.145 tenant=A units=1 state=SUCCEEDED committed=10
t=42.438143 node=gpu event=gpu_finished op_id=map/A:agg-8/a1/s3/g1.144 tenant=A units=1 state=SUCCEEDED committed=10
t=42.526517 node=gpu event=gpu_release_requested op_id=map/A:agg-8/a1/s3/g1.144 tenant=A units=1 state=SUCCEEDED committed=10
t=42.568488 node=gpu event=gpu_started op_id=map/A:agg-8/a1/s6/g1.147 tenant=A units=1 state=RUNNING committed=10
t=42.607174 node=gpu event=gpu_release_requested op_id=map/A:agg-8/a1/s4/g1.145 tenant=A units=1 state=SUCCEEDED committed=10
t=42.623441 node=gpu event=gpu_started op_id=map/A:agg-8/a1/s5/g1.146 tenant=A units=1 state=RUNNING committed=10
t=42.651775 node=gpu event=gpu_release_complete op_id=map/A:agg-8/a1/s3/g1.144 tenant=A units=1 state=SUCCEEDED committed=9
t=42.753924 node=gpu event=gpu_started op_id=map/A:agg-8/a1/s7/g1.148 tenant=A units=1 state=RUNNING committed=9
t=42.768820 node=gpu event=gpu_finished op_id=map/A:agg-8/a1/s0/g1.141 tenant=A units=1 state=SUCCEEDED committed=9
t=42.855716 node=gpu event=gpu_release_complete op_id=map/A:agg-8/a1/s4/g1.145 tenant=A units=1 state=SUCCEEDED committed=8
t=43.068488 node=gpu event=gpu_finished op_id=map/A:agg-8/a1/s6/g1.147 tenant=A units=1 state=SUCCEEDED committed=8
t=43.082194 node=gpu event=gpu_release_requested op_id=map/A:agg-8/a1/s0/g1.141 tenant=A units=1 state=SUCCEEDED committed=8
t=43.123441 node=gpu event=gpu_finished op_id=map/A:agg-8/a1/s5/g1.146 tenant=A units=1 state=SUCCEEDED committed=8
t=43.180357 node=gpu event=gpu_release_complete op_id=map/A:agg-8/a1/s0/g1.141 tenant=A units=1 state=SUCCEEDED committed=7
t=43.192027 node=gpu event=gpu_release_requested op_id=map/A:agg-8/a1/s6/g1.147 tenant=A units=1 state=SUCCEEDED committed=7
t=43.220109 node=gpu event=gpu_accepted op_id=map/B:roll-8/a1/s3/g1.152 tenant=B units=1 state=PENDING committed=8
t=43.241272 node=gpu event=gpu_accepted op_id=map/B:roll-8/a1/s0/g1.149 tenant=B units=1 state=PENDING committed=9
t=43.242079 node=gpu event=gpu_accepted op_id=map/B:roll-8/a1/s1/g1.150 tenant=B units=1 state=PENDING committed=10
t=43.242079 node=gpu event=gpu_accepted op_id=map/B:roll-8/a1/s2/g1.151 tenant=B units=1 state=PENDING committed=11
t=43.253924 node=gpu event=gpu_finished op_id=map/A:agg-8/a1/s7/g1.148 tenant=A units=1 state=SUCCEEDED committed=11
t=43.280606 node=gpu event=gpu_release_complete op_id=map/A:agg-8/a1/s6/g1.147 tenant=A units=1 state=SUCCEEDED committed=10
t=43.346137 node=gpu event=gpu_release_requested op_id=map/A:agg-8/a1/s7/g1.148 tenant=A units=1 state=SUCCEEDED committed=10
t=43.367320 node=gpu event=gpu_started op_id=map/B:roll-8/a1/s1/g1.150 tenant=B units=1 state=RUNNING committed=10
t=43.504218 node=gpu event=gpu_release_complete op_id=map/A:agg-8/a1/s7/g1.148 tenant=A units=1 state=SUCCEEDED committed=9
t=43.509971 node=gpu event=gpu_started op_id=map/A:agg-8/a1/s2/g1.143 tenant=A units=1 state=RUNNING committed=9
t=43.607764 node=gpu event=gpu_accepted op_id=map/B:roll-8/a1/s4/g1.153 tenant=B units=1 state=PENDING committed=10
t=43.679608 node=gpu event=gpu_accepted op_id=map/B:roll-8/a1/s5/g1.154 tenant=B units=1 state=PENDING committed=11
t=43.689754 node=gpu event=gpu_release_requested op_id=map/A:agg-8/a1/s5/g1.146 tenant=A units=1 state=SUCCEEDED committed=11
t=43.867320 node=gpu event=gpu_finished op_id=map/B:roll-8/a1/s1/g1.150 tenant=B units=1 state=SUCCEEDED committed=11
t=43.885109 node=gpu event=gpu_release_complete op_id=map/A:agg-8/a1/s5/g1.146 tenant=A units=1 state=SUCCEEDED committed=10
t=44.009971 node=gpu event=gpu_finished op_id=map/A:agg-8/a1/s2/g1.143 tenant=A units=1 state=SUCCEEDED committed=10
t=44.109274 node=gpu event=gpu_accepted op_id=map/A:agg-8/a1/s1/g1.155 tenant=A units=1 state=PENDING committed=11
t=44.177369 node=gpu event=gpu_accepted op_id=map/A:agg-8/a1/s2/g1.156 tenant=A units=1 state=PENDING committed=12
t=44.190653 node=gpu event=gpu_release_requested op_id=map/B:roll-8/a1/s1/g1.150 tenant=B units=1 state=SUCCEEDED committed=12
t=44.212983 node=gpu event=gpu_release_requested op_id=map/A:agg-8/a1/s2/g1.143 tenant=A units=1 state=SUCCEEDED committed=12
t=44.376458 node=gpu event=gpu_release_complete op_id=map/B:roll-8/a1/s1/g1.150 tenant=B units=1 state=SUCCEEDED committed=11
t=44.454306 node=gpu event=gpu_release_complete op_id=map/A:agg-8/a1/s2/g1.143 tenant=A units=1 state=SUCCEEDED committed=10
t=44.496414 node=gpu event=gpu_cancelled op_id=map/A:agg-8/a1/s2/g1.156 tenant=A units=1 state=CANCELLED committed=10
t=44.545207 node=gpu event=gpu_release_requested op_id=map/A:agg-8/a1/s2/g1.156 tenant=A units=1 state=CANCELLED committed=10
t=44.660216 node=gpu event=gpu_started op_id=map/B:roll-8/a1/s3/g1.152 tenant=B units=1 state=RUNNING committed=10
t=44.789065 node=gpu event=gpu_release_complete op_id=map/A:agg-8/a1/s2/g1.156 tenant=A units=1 state=CANCELLED committed=9
t=45.067820 node=gpu event=gpu_started op_id=map/A:agg-8/a1/s1/g1.155 tenant=A units=1 state=RUNNING committed=9
t=45.081461 node=gpu event=gpu_started op_id=reduce/A:agg-7/a1/r0 tenant=A units=1 state=RUNNING committed=9
t=45.104636 node=gpu event=gpu_started op_id=reduce/B:roll-7/a1/r0 tenant=B units=1 state=RUNNING committed=9
t=45.160216 node=gpu event=gpu_finished op_id=map/B:roll-8/a1/s3/g1.152 tenant=B units=1 state=SUCCEEDED committed=9
t=45.447069 node=gpu event=gpu_started op_id=map/B:roll-8/a1/s2/g1.151 tenant=B units=1 state=RUNNING committed=9
t=45.567820 node=gpu event=gpu_finished op_id=map/A:agg-8/a1/s1/g1.155 tenant=A units=1 state=SUCCEEDED committed=9
t=45.581461 node=gpu event=gpu_finished op_id=reduce/A:agg-7/a1/r0 tenant=A units=1 state=SUCCEEDED committed=9
t=45.581515 node=gpu event=gpu_accepted op_id=reduce/A:agg-8/a1/r0 tenant=A units=1 state=PENDING committed=10
t=45.603722 node=gpu event=gpu_release_requested op_id=map/A:agg-8/a1/s1/g1.155 tenant=A units=1 state=SUCCEEDED committed=10
t=45.604636 node=gpu event=gpu_finished op_id=reduce/B:roll-7/a1/r0 tenant=B units=1 state=SUCCEEDED committed=10
t=45.649850 node=gpu event=gpu_release_requested op_id=map/B:roll-8/a1/s3/g1.152 tenant=B units=1 state=SUCCEEDED committed=10
t=45.683491 node=gpu event=gpu_release_complete op_id=map/A:agg-8/a1/s1/g1.155 tenant=A units=1 state=SUCCEEDED committed=9
t=45.714382 node=gpu event=gpu_release_requested op_id=reduce/B:roll-7/a1/r0 tenant=B units=1 state=SUCCEEDED committed=9
t=45.764213 node=gpu event=gpu_started op_id=map/B:roll-8/a1/s4/g1.153 tenant=B units=1 state=RUNNING committed=9
t=45.808149 node=gpu event=gpu_release_complete op_id=map/B:roll-8/a1/s3/g1.152 tenant=B units=1 state=SUCCEEDED committed=8
t=45.920982 node=gpu event=gpu_release_complete op_id=reduce/B:roll-7/a1/r0 tenant=B units=1 state=SUCCEEDED committed=7
t=45.947069 node=gpu event=gpu_finished op_id=map/B:roll-8/a1/s2/g1.151 tenant=B units=1 state=SUCCEEDED committed=7
t=46.047607 node=gpu event=gpu_release_requested op_id=reduce/A:agg-7/a1/r0 tenant=A units=1 state=SUCCEEDED committed=7
t=46.070986 node=gpu event=gpu_cancelled op_id=map/A:agg-8/a1/s1/g1.142 tenant=A units=1 state=CANCELLED committed=7
t=46.102876 node=gpu event=gpu_release_requested op_id=map/A:agg-8/a1/s1/g1.142 tenant=A units=1 state=CANCELLED committed=7
t=46.169069 node=gpu event=gpu_release_complete op_id=reduce/A:agg-7/a1/r0 tenant=A units=1 state=SUCCEEDED committed=6
t=46.176111 node=gpu event=gpu_release_complete op_id=map/A:agg-8/a1/s1/g1.142 tenant=A units=1 state=CANCELLED committed=5
t=46.204258 node=gpu event=gpu_release_requested op_id=map/B:roll-8/a1/s2/g1.151 tenant=B units=1 state=SUCCEEDED committed=5
t=46.222646 node=gpu event=gpu_accepted op_id=map/B:roll-8/a1/s0/g1.157 tenant=B units=1 state=PENDING committed=6
t=46.245432 node=gpu event=gpu_accepted op_id=map/B:roll-8/a1/s4/g1.158 tenant=B units=1 state=PENDING committed=7
t=46.264213 node=gpu event=gpu_finished op_id=map/B:roll-8/a1/s4/g1.153 tenant=B units=1 state=SUCCEEDED committed=7
t=46.326419 node=gpu event=gpu_accepted op_id=map/B:roll-8/a1/s5/g1.159 tenant=B units=1 state=PENDING committed=8
t=46.332147 node=gpu event=gpu_release_complete op_id=map/B:roll-8/a1/s2/g1.151 tenant=B units=1 state=SUCCEEDED committed=7
t=46.550554 node=gpu event=gpu_release_requested op_id=map/B:roll-8/a1/s4/g1.153 tenant=B units=1 state=SUCCEEDED committed=7
t=46.628600 node=gpu event=gpu_release_complete op_id=map/B:roll-8/a1/s4/g1.153 tenant=B units=1 state=SUCCEEDED committed=6
t=46.709280 node=gpu event=gpu_accepted op_id=map/A:agg-9/a1/s2/g1.162 tenant=A units=1 state=PENDING committed=7
t=46.710360 node=gpu event=gpu_accepted op_id=map/A:agg-9/a1/s3/g1.163 tenant=A units=1 state=PENDING committed=8
t=46.713675 node=gpu event=gpu_accepted op_id=map/A:agg-9/a1/s0/g1.160 tenant=A units=1 state=PENDING committed=9
t=46.785951 node=gpu event=gpu_accepted op_id=map/A:agg-9/a1/s1/g1.161 tenant=A units=1 state=PENDING committed=10
t=46.958245 node=gpu event=gpu_started op_id=map/B:roll-8/a1/s0/g1.157 tenant=B units=1 state=RUNNING committed=10
t=47.018887 node=gpu event=gpu_started op_id=map/B:roll-8/a1/s5/g1.154 tenant=B units=1 state=RUNNING committed=10
t=47.115698 node=gpu event=gpu_started op_id=map/A:agg-9/a1/s1/g1.161 tenant=A units=1 state=RUNNING committed=10
t=47.120052 node=gpu event=gpu_cancelled op_id=map/B:roll-8/a1/s4/g1.158 tenant=B units=1 state=CANCELLED committed=10
t=47.157972 node=gpu event=gpu_release_requested op_id=map/B:roll-8/a1/s4/g1.158 tenant=B units=1 state=CANCELLED committed=10
t=47.165324 node=gpu event=gpu_started op_id=reduce/A:agg-8/a1/r0 tenant=A units=1 state=RUNNING committed=10
t=47.260330 node=gpu event=gpu_release_complete op_id=map/B:roll-8/a1/s4/g1.158 tenant=B units=1 state=CANCELLED committed=9
t=47.414579 node=gpu event=gpu_accepted op_id=map/A:agg-9/a1/s4/g1.164 tenant=A units=1 state=PENDING committed=10
t=47.433238 node=gpu event=gpu_started op_id=map/B:roll-8/a1/s0/g1.149 tenant=B units=1 state=RUNNING committed=10
t=47.458245 node=gpu event=gpu_finished op_id=map/B:roll-8/a1/s0/g1.157 tenant=B units=1 state=SUCCEEDED committed=10
t=47.518887 node=gpu event=gpu_finished op_id=map/B:roll-8/a1/s5/g1.154 tenant=B units=1 state=SUCCEEDED committed=10
t=47.563651 node=gpu event=gpu_started op_id=map/A:agg-9/a1/s0/g1.160 tenant=A units=1 state=RUNNING committed=10
t=47.615698 node=gpu event=gpu_finished op_id=map/A:agg-9/a1/s1/g1.161 tenant=A units=1 state=SUCCEEDED committed=10
t=47.619020 node=gpu event=gpu_release_requested op_id=map/B:roll-8/a1/s5/g1.154 tenant=B units=1 state=SUCCEEDED committed=10
t=47.665324 node=gpu event=gpu_finished op_id=reduce/A:agg-8/a1/r0 tenant=A units=1 state=SUCCEEDED committed=10
t=47.773089 node=gpu event=gpu_started op_id=map/A:agg-9/a1/s3/g1.163 tenant=A units=1 state=RUNNING committed=10
t=47.782265 node=gpu event=gpu_accepted op_id=reduce/B:roll-8/a1/r0 tenant=B units=1 state=PENDING committed=11
t=47.809286 node=gpu event=gpu_release_requested op_id=map/B:roll-8/a1/s0/g1.157 tenant=B units=1 state=SUCCEEDED committed=11
t=47.823335 node=gpu event=gpu_release_complete op_id=map/B:roll-8/a1/s5/g1.154 tenant=B units=1 state=SUCCEEDED committed=10
t=47.826746 node=gpu event=gpu_release_requested op_id=map/A:agg-9/a1/s1/g1.161 tenant=A units=1 state=SUCCEEDED committed=10
t=47.838996 node=gpu event=gpu_accepted op_id=map/A:agg-9/a1/s5/g1.165 tenant=A units=1 state=PENDING committed=11
t=47.842117 node=gpu event=gpu_accepted op_id=map/A:agg-9/a1/s6/g1.166 tenant=A units=1 state=PENDING committed=12
t=47.849336 node=gpu event=gpu_accepted op_id=map/A:agg-9/a1/s7/g1.167 tenant=A units=1 state=PENDING committed=13
t=47.921971 node=gpu event=gpu_accepted op_id=map/B:roll-9/a1/s0/g1.168 tenant=B units=1 state=PENDING committed=14
t=47.927936 node=gpu event=gpu_accepted op_id=map/B:roll-9/a1/s1/g1.169 tenant=B units=1 state=PENDING committed=15
t=47.933238 node=gpu event=gpu_finished op_id=map/B:roll-8/a1/s0/g1.149 tenant=B units=1 state=SUCCEEDED committed=15
t=47.942241 node=gpu event=gpu_accepted op_id=map/B:roll-9/a1/s2/g1.170 tenant=B units=1 state=PENDING committed=16
t=47.942241 node=gpu event=gpu_accepted op_id=map/B:roll-9/a1/s3/g1.171 tenant=B units=1 state=PENDING committed=17
t=48.016592 node=gpu event=gpu_release_requested op_id=reduce/A:agg-8/a1/r0 tenant=A units=1 state=SUCCEEDED committed=17
t=48.025159 node=gpu event=gpu_release_complete op_id=map/B:roll-8/a1/s0/g1.157 tenant=B units=1 state=SUCCEEDED committed=16
t=48.063651 node=gpu event=gpu_finished op_id=map/A:agg-9/a1/s0/g1.160 tenant=A units=1 state=SUCCEEDED committed=16
t=48.107126 node=gpu event=gpu_cancelled op_id=map/B:roll-8/a1/s5/g1.159 tenant=B units=1 state=CANCELLED committed=16
t=48.109272 node=gpu event=gpu_release_complete op_id=map/A:agg-9/a1/s1/g1.161 tenant=A units=1 state=SUCCEEDED committed=15
t=48.174493 node=gpu event=gpu_release_complete op_id=reduce/A:agg-8/a1/r0 tenant=A units=1 state=SUCCEEDED committed=14
t=48.220344 node=gpu event=gpu_release_requested op_id=map/B:roll-8/a1/s0/g1.149 tenant=B units=1 state=SUCCEEDED committed=14
t=48.249738 node=gpu event=gpu_release_requested op_id=map/B:roll-8/a1/s5/g1.159 tenant=B units=1 state=CANCELLED committed=14
t=48.273089 node=gpu event=gpu_finished op_id=map/A:agg-9/a1/s3/g1.163 tenant=A units=1 state=SUCCEEDED committed=14
t=48.329907 node=gpu event=gpu_release_requested op_id=map/A:agg-9/a1/s0/g1.160 tenant=A units=1 state=SUCCEEDED committed=14
t=48.370137 node=gpu event=gpu_release_complete op_id=map/B:roll-8/a1/s5/g1.159 tenant=B units=1 state=CANCELLED committed=13
t=48.386076 node=gpu event=gpu_started op_id=reduce/B:roll-8/a1/r0 tenant=B units=1 state=RUNNING committed=13
t=48.435079 node=gpu event=gpu_release_complete op_id=map/A:agg-9/a1/s0/g1.160 tenant=A units=1 state=SUCCEEDED committed=12
t=48.441966 node=gpu event=gpu_started op_id=map/A:agg-9/a1/s6/g1.166 tenant=A units=1 state=RUNNING committed=12
t=48.475459 node=gpu event=gpu_release_complete op_id=map/B:roll-8/a1/s0/g1.149 tenant=B units=1 state=SUCCEEDED committed=11
t=48.478306 node=gpu event=gpu_release_requested op_id=map/A:agg-9/a1/s3/g1.163 tenant=A units=1 state=SUCCEEDED committed=11
t=48.478885 node=gpu event=gpu_started op_id=map/A:agg-9/a1/s2/g1.162 tenant=A units=1 state=RUNNING committed=11
t=48.613115 node=gpu event=gpu_started op_id=map/A:agg-9/a1/s5/g1.165 tenant=A units=1 state=RUNNING committed=11
t=48.700239 node=gpu event=gpu_release_complete op_id=map/A:agg-9/a1/s3/g1.163 tenant=A units=1 state=SUCCEEDED committed=10
t=48.700711 node=gpu event=gpu_started op_id=map/B:roll-9/a1/s1/g1.169 tenant=B units=1 state=RUNNING committed=10
t=48.748169 node=gpu event=gpu_accepted op_id=map/B:roll-9/a1/s4/g1.172 tenant=B units=1 state=PENDING committed=11
t=48.761542 node=gpu event=gpu_accepted op_id=map/B:roll-9/a1/s5/g1.173 tenant=B units=1 state=PENDING committed=12
t=48.847564 node=gpu event=gpu_started op_id=map/B:roll-9/a1/s3/g1.171 tenant=B units=1 state=RUNNING committed=12
t=48.886076 node=gpu event=gpu_finished op_id=reduce/B:roll-8/a1/r0 tenant=B units=1 state=SUCCEEDED committed=12
t=48.941966 node=gpu event=gpu_finished op_id=map/A:agg-9/a1/s6/g1.166 tenant=A units=1 state=SUCCEEDED committed=12
t=48.960693 node=gpu event=gpu_started op_id=map/A:agg-9/a1/s4/g1.164 tenant=A units=1 state=RUNNING committed=12
t=48.978885 node=gpu event=gpu_finished op_id=map/A:agg-9/a1/s2/g1.162 tenant=A units=1 state=SUCCEEDED committed=12
t=49.010858 node=gpu event=gpu_started op_id=map/A:agg-9/a1/s7/g1.167 tenant=A units=1 state=RUNNING committed=12
t=49.027264 node=gpu event=gpu_started op_id=map/B:roll-9/a1/s2/g1.170 tenant=B units=1 state=RUNNING committed=12
t=49.040545 node=gpu event=gpu_release_requested op_id=reduce/B:roll-8/a1/r0 tenant=B units=1 state=SUCCEEDED committed=12
t=49.045038 node=gpu event=gpu_started op_id=map/B:roll-9/a1/s0/g1.168 tenant=B units=1 state=RUNNING committed=12
t=49.113115 node=gpu event=gpu_finished op_id=map/A:agg-9/a1/s5/g1.165 tenant=A units=1 state=SUCCEEDED committed=12
t=49.200711 node=gpu event=gpu_finished op_id=map/B:roll-9/a1/s1/g1.169 tenant=B units=1 state=SUCCEEDED committed=12
t=49.256312 node=gpu event=gpu_release_complete op_id=reduce/B:roll-8/a1/r0 tenant=B units=1 state=SUCCEEDED committed=11
t=49.266515 node=gpu event=gpu_release_requested op_id=map/A:agg-9/a1/s6/g1.166 tenant=A units=1 state=SUCCEEDED committed=11
t=49.330628 node=gpu event=gpu_started op_id=map/B:roll-9/a1/s4/g1.172 tenant=B units=1 state=RUNNING committed=11
t=49.347564 node=gpu event=gpu_finished op_id=map/B:roll-9/a1/s3/g1.171 tenant=B units=1 state=SUCCEEDED committed=11
t=49.357452 node=gpu event=gpu_release_requested op_id=map/A:agg-9/a1/s2/g1.162 tenant=A units=1 state=SUCCEEDED committed=11
t=49.460693 node=gpu event=gpu_finished op_id=map/A:agg-9/a1/s4/g1.164 tenant=A units=1 state=SUCCEEDED committed=11
t=49.479133 node=gpu event=gpu_release_requested op_id=map/A:agg-9/a1/s5/g1.165 tenant=A units=1 state=SUCCEEDED committed=11
t=49.479811 node=gpu event=gpu_release_complete op_id=map/A:agg-9/a1/s6/g1.166 tenant=A units=1 state=SUCCEEDED committed=10
t=49.510858 node=gpu event=gpu_finished op_id=map/A:agg-9/a1/s7/g1.167 tenant=A units=1 state=SUCCEEDED committed=10
t=49.527264 node=gpu event=gpu_finished op_id=map/B:roll-9/a1/s2/g1.170 tenant=B units=1 state=SUCCEEDED committed=10
t=49.530124 node=gpu event=gpu_release_complete op_id=map/A:agg-9/a1/s5/g1.165 tenant=A units=1 state=SUCCEEDED committed=9
t=49.545038 node=gpu event=gpu_finished op_id=map/B:roll-9/a1/s0/g1.168 tenant=B units=1 state=SUCCEEDED committed=9
t=49.610191 node=gpu event=gpu_release_complete op_id=map/A:agg-9/a1/s2/g1.162 tenant=A units=1 state=SUCCEEDED committed=8
t=49.712337 node=gpu event=gpu_release_requested op_id=map/B:roll-9/a1/s3/g1.171 tenant=B units=1 state=SUCCEEDED committed=8
t=49.722433 node=gpu event=gpu_release_requested op_id=map/B:roll-9/a1/s0/g1.168 tenant=B units=1 state=SUCCEEDED committed=8
t=49.752560 node=gpu event=gpu_release_requested op_id=map/A:agg-9/a1/s4/g1.164 tenant=A units=1 state=SUCCEEDED committed=8
t=49.799235 node=gpu event=gpu_release_requested op_id=map/B:roll-9/a1/s2/g1.170 tenant=B units=1 state=SUCCEEDED committed=8
t=49.829259 node=gpu event=gpu_release_complete op_id=map/B:roll-9/a1/s0/g1.168 tenant=B units=1 state=SUCCEEDED committed=7
t=49.830628 node=gpu event=gpu_finished op_id=map/B:roll-9/a1/s4/g1.172 tenant=B units=1 state=SUCCEEDED committed=7
t=49.862553 node=gpu event=gpu_release_requested op_id=map/B:roll-9/a1/s1/g1.169 tenant=B units=1 state=SUCCEEDED committed=7
t=49.915311 node=gpu event=gpu_release_complete op_id=map/B:roll-9/a1/s3/g1.171 tenant=B units=1 state=SUCCEEDED committed=6
t=49.979056 node=gpu event=gpu_release_complete op_id=map/A:agg-9/a1/s4/g1.164 tenant=A units=1 state=SUCCEEDED committed=5
t=50.066966 node=gpu event=gpu_release_complete op_id=map/B:roll-9/a1/s2/g1.170 tenant=B units=1 state=SUCCEEDED committed=4
t=50.072376 node=gpu event=gpu_release_requested op_id=map/B:roll-9/a1/s4/g1.172 tenant=B units=1 state=SUCCEEDED committed=4
t=50.082046 node=gpu event=gpu_accepted op_id=reduce/A:agg-9/a1/r0 tenant=A units=1 state=PENDING committed=5
t=50.106566 node=gpu event=gpu_release_requested op_id=map/A:agg-9/a1/s7/g1.167 tenant=A units=1 state=SUCCEEDED committed=5
t=50.145587 node=gpu event=gpu_release_complete op_id=map/B:roll-9/a1/s1/g1.169 tenant=B units=1 state=SUCCEEDED committed=4
t=50.317051 node=gpu event=gpu_release_complete op_id=map/B:roll-9/a1/s4/g1.172 tenant=B units=1 state=SUCCEEDED committed=3
t=50.352330 node=gpu event=gpu_release_complete op_id=map/A:agg-9/a1/s7/g1.167 tenant=A units=1 state=SUCCEEDED committed=2
t=50.404408 node=gpu event=gpu_started op_id=map/B:roll-9/a1/s5/g1.173 tenant=B units=1 state=RUNNING committed=2
t=50.904408 node=gpu event=gpu_finished op_id=map/B:roll-9/a1/s5/g1.173 tenant=B units=1 state=SUCCEEDED committed=2
t=51.137120 node=gpu event=gpu_accepted op_id=reduce/B:roll-9/a1/r0 tenant=B units=1 state=PENDING committed=3
t=51.172495 node=gpu event=gpu_release_requested op_id=map/B:roll-9/a1/s5/g1.173 tenant=B units=1 state=SUCCEEDED committed=3
t=51.261333 node=gpu event=gpu_release_complete op_id=map/B:roll-9/a1/s5/g1.173 tenant=B units=1 state=SUCCEEDED committed=2
t=51.559410 node=gpu event=gpu_started op_id=reduce/B:roll-9/a1/r0 tenant=B units=1 state=RUNNING committed=2
t=52.059410 node=gpu event=gpu_finished op_id=reduce/B:roll-9/a1/r0 tenant=B units=1 state=SUCCEEDED committed=2
t=52.407335 node=gpu event=gpu_release_requested op_id=reduce/B:roll-9/a1/r0 tenant=B units=1 state=SUCCEEDED committed=2
t=52.480632 node=gpu event=gpu_release_complete op_id=reduce/B:roll-9/a1/r0 tenant=B units=1 state=SUCCEEDED committed=1
t=52.841238 node=gpu event=gpu_started op_id=reduce/A:agg-9/a1/r0 tenant=A units=1 state=RUNNING committed=1
t=53.341238 node=gpu event=gpu_finished op_id=reduce/A:agg-9/a1/r0 tenant=A units=1 state=SUCCEEDED committed=1
t=53.528190 node=gpu event=gpu_release_requested op_id=reduce/A:agg-9/a1/r0 tenant=A units=1 state=SUCCEEDED committed=1
t=53.824018 node=gpu event=gpu_release_complete op_id=reduce/A:agg-9/a1/r0 tenant=A units=1 state=SUCCEEDED committed=0
