t=1.303493 node=gpu event=gpu_accepted op_id=map/A:q0/a1/s0/g1.1 tenant=A units=1 state=PENDING committed=1
t=1.753167 node=gpu event=gpu_started op_id=map/A:q0/a1/s0/g1.1 tenant=A units=1 state=RUNNING committed=1
t=2.370466 node=gpu event=gpu_accepted op_id=map/A:q1/a1/s0/g1.2 tenant=A units=1 state=PENDING committed=2
t=2.733847 node=gpu event=gpu_started op_id=map/A:q1/a1/s0/g1.2 tenant=A units=1 state=RUNNING committed=2
t=2.753167 node=gpu event=gpu_finished op_id=map/A:q0/a1/s0/g1.1 tenant=A units=1 state=SUCCEEDED committed=2
t=2.874584 node=gpu event=gpu_accepted op_id=reduce/A:q0/a1/r0 tenant=A units=1 state=PENDING committed=3
t=2.898876 node=gpu event=gpu_release_requested op_id=map/A:q0/a1/s0/g1.1 tenant=A units=1 state=SUCCEEDED committed=3
t=2.913708 node=gpu event=gpu_accepted op_id=map/A:q2/a1/s0/g1.3 tenant=A units=1 state=PENDING committed=4
t=3.188212 node=gpu event=gpu_release_complete op_id=map/A:q0/a1/s0/g1.1 tenant=A units=1 state=SUCCEEDED committed=3
t=3.631034 node=gpu event=gpu_started op_id=reduce/A:q0/a1/r0 tenant=A units=1 state=RUNNING committed=3
t=3.700642 node=gpu event=gpu_accepted op_id=map/B:b0/a1/s2/g1.6 tenant=B units=1 state=PENDING committed=4
t=3.702331 node=gpu event=gpu_started op_id=map/A:q2/a1/s0/g1.3 tenant=A units=1 state=RUNNING committed=4
t=3.717080 node=gpu event=gpu_accepted op_id=map/B:b0/a1/s3/g1.7 tenant=B units=1 state=PENDING committed=5
t=3.718635 node=gpu event=gpu_accepted op_id=map/B:b0/a1/s4/g1.8 tenant=B units=1 state=PENDING committed=6
t=3.718635 node=gpu event=gpu_accepted op_id=map/B:b0/a1/s5/g1.9 tenant=B units=1 state=PENDING committed=7
t=3.733847 node=gpu event=gpu_finished op_id=map/A:q1/a1/s0/g1.2 tenant=A units=1 state=SUCCEEDED committed=7
t=3.741987 node=gpu event=gpu_accepted op_id=map/B:b0/a1/s1/g1.5 tenant=B units=1 state=PENDING committed=8
t=3.804848 node=gpu event=gpu_accepted op_id=map/A:q3/a1/s0/g1.10 tenant=A units=1 state=PENDING committed=9
t=3.895128 node=gpu event=gpu_accepted op_id=map/B:b0/a1/s0/g1.4 tenant=B units=1 state=PENDING committed=10
t=3.950991 node=gpu event=gpu_started op_id=map/B:b0/a1/s3/g1.7 tenant=B units=1 state=RUNNING committed=10
t=4.021301 node=gpu event=gpu_started op_id=map/B:b0/a1/s2/g1.6 tenant=B units=1 state=RUNNING committed=10
t=4.097087 node=gpu event=gpu_accepted op_id=reduce/A:q1/a1/r0 tenant=A units=1 state=PENDING committed=11
t=4.099906 node=gpu event=gpu_release_requested op_id=map/A:q1/a1/s0/g1.2 tenant=A units=1 state=SUCCEEDED committed=11
t=4.107708 node=gpu event=gpu_started op_id=map/A:q3/a1/s0/g1.10 tenant=A units=1 state=RUNNING committed=11
t=4.131034 node=gpu event=gpu_finished op_id=reduce/A:q0/a1/r0 tenant=A units=1 state=SUCCEEDED committed=11
t=4.268238 node=gpu event=gpu_release_requested op_id=reduce/A:q0/a1/r0 tenant=A units=1 state=SUCCEEDED committed=11
t=4.321983 node=gpu event=gpu_started op_id=map/B:b0/a1/s1/g1.5 tenant=B units=1 state=RUNNING committed=11
t=4.381077 node=gpu event=gpu_release_complete op_id=map/A:q1/a1/s0/g1.2 tenant=A units=1 state=SUCCEEDED committed=10
t=4.381848 node=gpu event=gpu_started op_id=map/B:b0/a1/s5/g1.9 tenant=B units=1 state=RUNNING committed=10
t=4.436641 node=gpu event=gpu_started op_id=map/B:b0/a1/s0/g1.4 tenant=B units=1 state=RUNNING committed=10
t=4.436731 node=gpu event=gpu_release_complete op_id=reduce/A:q0/a1/r0 tenant=A units=1 state=SUCCEEDED committed=9
t=4.465507 node=gpu event=gpu_started op_id=map/B:b0/a1/s4/g1.8 tenant=B units=1 state=RUNNING committed=9
t=4.494565 node=gpu event=gpu_started op_id=reduce/A:q1/a1/r0 tenant=A units=1 state=RUNNING committed=9
t=4.702331 node=gpu event=gpu_finished op_id=map/A:q2/a1/s0/g1.3 tenant=A units=1 state=SUCCEEDED committed=9
t=4.805459 node=gpu event=gpu_accepted op_id=map/A:q4/a1/s0/g1.11 tenant=A units=1 state=PENDING committed=10
t=4.950991 node=gpu event=gpu_finished op_id=map/B:b0/a1/s3/g1.7 tenant=B units=1 state=SUCCEEDED committed=10
t=4.962200 node=gpu event=gpu_accepted op_id=reduce/A:q2/a1/r0 tenant=A units=1 state=PENDING committed=11
t=4.970456 node=gpu event=gpu_release_requested op_id=map/A:q2/a1/s0/g1.3 tenant=A units=1 state=SUCCEEDED committed=11
t=4.994565 node=gpu event=gpu_finished op_id=reduce/A:q1/a1/r0 tenant=A units=1 state=SUCCEEDED committed=11
t=5.021301 node=gpu event=gpu_finished op_id=map/B:b0/a1/s2/g1.6 tenant=B units=1 state=FAILED committed=11
t=5.046259 node=gpu event=gpu_release_requested op_id=map/B:b0/a1/s3/g1.7 tenant=B units=1 state=SUCCEEDED committed=11
t=5.107708 node=gpu event=gpu_finished op_id=map/A:q3/a1/s0/g1.10 tenant=A units=1 state=SUCCEEDED committed=11
t=5.121562 node=gpu event=gpu_started op_id=map/A:q4/a1/s0/g1.11 tenant=A units=1 state=RUNNING committed=11
t=5.154458 node=gpu event=gpu_release_complete op_id=map/A:q2/a1/s0/g1.3 tenant=A units=1 state=SUCCEEDED committed=10
t=5.197907 node=gpu event=gpu_release_requested op_id=reduce/A:q1/a1/r0 tenant=A units=1 state=SUCCEEDED committed=10
t=5.203891 node=gpu event=gpu_release_requested op_id=map/B:b0/a1/s2/g1.6 tenant=B units=1 state=FAILED committed=10
t=5.255999 node=gpu event=gpu_accepted op_id=reduce/A:q3/a1/r0 tenant=A units=1 state=PENDING committed=11
t=5.275733 node=gpu event=gpu_started op_id=reduce/A:q2/a1/r0 tenant=A units=1 state=RUNNING committed=11
t=5.296850 node=gpu event=gpu_release_complete op_id=map/B:b0/a1/s3/g1.7 tenant=B units=1 state=SUCCEEDED committed=10
t=5.301086 node=gpu event=gpu_release_complete op_id=reduce/A:q1/a1/r0 tenant=A units=1 state=SUCCEEDED committed=9
t=5.321983 node=gpu event=gpu_finished op_id=map/B:b0/a1/s1/g1.5 tenant=B units=1 state=SUCCEEDED committed=9
t=5.372648 node=gpu event=gpu_release_complete op_id=map/B:b0/a1/s2/g1.6 tenant=B units=1 state=FAILED committed=8
t=5.381848 node=gpu event=gpu_finished op_id=map/B:b0/a1/s5/g1.9 tenant=B units=1 state=SUCCEEDED committed=8
t=5.424191 node=gpu event=gpu_release_requested op_id=map/B:b0/a1/s5/g1.9 tenant=B units=1 state=SUCCEEDED committed=8
t=5.431207 node=gpu event=gpu_release_requested op_id=map/A:q3/a1/s0/g1.10 tenant=A units=1 state=SUCCEEDED committed=8
t=5.436641 node=gpu event=gpu_finished op_id=map/B:b0/a1/s0/g1.4 tenant=B units=1 state=SUCCEEDED committed=8
t=5.465507 node=gpu event=gpu_finished op_id=map/B:b0/a1/s4/g1.8 tenant=B units=1 state=SUCCEEDED committed=8
t=5.475883 node=gpu event=gpu_release_requested op_id=map/B:b0/a1/s1/g1.5 tenant=B units=1 state=SUCCEEDED committed=8
t=5.480562 node=gpu event=gpu_release_complete op_id=map/B:b0/a1/s5/g1.9 tenant=B units=1 state=SUCCEEDED committed=7
t=5.481817 node=gpu event=gpu_started op_id=reduce/A:q3/a1/r0 tenant=A units=1 state=RUNNING committed=7
t=5.549079 node=gpu event=gpu_release_requested op_id=map/B:b0/a1/s4/g1.8 tenant=B units=1 state=SUCCEEDED committed=7
t=5.615274 node=gpu event=gpu_release_requested op_id=map/B:b0/a1/s0/g1.4 tenant=B units=1 state=SUCCEEDED committed=7
t=5.714531 node=gpu event=gpu_release_complete op_id=map/A:q3/a1/s0/g1.10 tenant=A units=1 state=SUCCEEDED committed=6
t=5.732817 node=gpu event=gpu_release_complete op_id=map/B:b0/a1/s4/g1.8 tenant=B units=1 state=SUCCEEDED committed=5
t=5.732905 node=gpu event=gpu_release_complete op_id=map/B:b0/a1/s1/g1.5 tenant=B units=1 state=SUCCEEDED committed=4
t=5.775733 node=gpu event=gpu_finished op_id=reduce/A:q2/a1/r0 tenant=A units=1 state=SUCCEEDED committed=4
t=5.807022 node=gpu event=gpu_release_complete op_id=map/B:b0/a1/s0/g1.4 tenant=B units=1 state=SUCCEEDED committed=3
t=5.981817 node=gpu event=gpu_finished op_id=reduce/A:q3/a1/r0 tenant=A units=1 state=SUCCEEDED committed=3
t=6.121562 node=gpu event=gpu_finished op_id=map/A:q4/a1/s0/g1.11 tenant=A units=1 state=FAILED committed=3
t=6.188340 node=gpu event=gpu_release_requested op_id=reduce/A:q3/a1/r0 tenant=A units=1 state=SUCCEEDED committed=3
t=6.263720 node=gpu event=gpu_release_complete op_id=reduce/A:q3/a1/r0 tenant=A units=1 state=SUCCEEDED committed=2
t=6.333431 node=gpu event=gpu_release_requested op_id=map/A:q4/a1/s0/g1.11 tenant=A units=1 state=FAILED committed=2
t=6.550289 node=gpu event=gpu_release_requested op_id=reduce/A:q2/a1/r0 tenant=A units=1 state=SUCCEEDED committed=2
t=6.557568 node=gpu event=gpu_release_complete op_id=map/A:q4/a1/s0/g1.11 tenant=A units=1 state=FAILED committed=1
t=6.604969 node=gpu event=gpu_accepted op_id=map/A:q4/a1/s0/g1.14 tenant=A units=1 state=PENDING committed=2
t=6.649414 node=gpu event=gpu_release_complete op_id=reduce/A:q2/a1/r0 tenant=A units=1 state=SUCCEEDED committed=1
t=6.704922 node=gpu event=gpu_accepted op_id=map/A:q6/a1/s0/g1.13 tenant=A units=1 state=PENDING committed=2
t=7.028008 node=gpu event=gpu_started op_id=map/A:q4/a1/s0/g1.14 tenant=A units=1 state=RUNNING committed=2
t=7.304269 node=gpu event=gpu_started op_id=map/A:q6/a1/s0/g1.13 tenant=A units=1 state=RUNNING committed=2
t=7.616332 node=gpu event=gpu_accepted op_id=map/A:q7/a1/s0/g1.15 tenant=A units=1 state=PENDING committed=3
t=7.984461 node=gpu event=gpu_started op_id=map/A:q7/a1/s0/g1.15 tenant=A units=1 state=RUNNING committed=3
t=8.028008 node=gpu event=gpu_finished op_id=map/A:q4/a1/s0/g1.14 tenant=A units=1 state=SUCCEEDED committed=3
t=8.304269 node=gpu event=gpu_finished op_id=map/A:q6/a1/s0/g1.13 tenant=A units=1 state=SUCCEEDED committed=3
t=8.316525 node=gpu event=gpu_release_requested op_id=map/A:q4/a1/s0/g1.14 tenant=A units=1 state=SUCCEEDED committed=3
t=8.405384 node=gpu event=gpu_accepted op_id=map/A:q5/a1/s0/g1.16 tenant=A units=1 state=PENDING committed=4
t=8.407478 node=gpu event=gpu_accepted op_id=map/A:q8/a1/s0/g1.17 tenant=A units=1 state=PENDING committed=5
t=8.410648 node=gpu event=gpu_accepted op_id=reduce/A:q4/a1/r0 tenant=A units=1 state=PENDING committed=6
t=8.486644 node=gpu event=gpu_release_complete op_id=map/A:q4/a1/s0/g1.14 tenant=A units=1 state=SUCCEEDED committed=5
t=8.605057 node=gpu event=gpu_accepted op_id=map/B:b1/a1/s4/g1.22 tenant=B units=1 state=PENDING committed=6
t=8.610682 node=gpu event=gpu_accepted op_id=map/B:b1/a1/s2/g1.20 tenant=B units=1 state=PENDING committed=7
t=8.611553 node=gpu event=gpu_accepted op_id=map/B:b1/a1/s1/g1.19 tenant=B units=1 state=PENDING committed=8
t=8.612276 node=gpu event=gpu_accepted op_id=map/B:b1/a1/s3/g1.21 tenant=B units=1 state=PENDING committed=9
t=8.617754 node=gpu event=gpu_started op_id=reduce/A:q4/a1/r0 tenant=A units=1 state=RUNNING committed=9
t=8.620115 node=gpu event=gpu_accepted op_id=map/B:b1/a1/s5/g1.23 tenant=B units=1 state=PENDING committed=10
t=8.631645 node=gpu event=gpu_accepted op_id=map/B:b1/a1/s0/g1.18 tenant=B units=1 state=PENDING committed=11
t=8.864287 node=gpu event=gpu_started op_id=map/B:b1/a1/s5/g1.23 tenant=B units=1 state=RUNNING committed=11
t=8.984461 node=gpu event=gpu_finished op_id=map/A:q7/a1/s0/g1.15 tenant=A units=1 state=FAILED committed=11
t=9.083163 node=gpu event=gpu_started op_id=map/A:q8/a1/s0/g1.17 tenant=A units=1 state=RUNNING committed=11
t=9.096678 node=gpu event=gpu_started op_id=map/A:q5/a1/s0/g1.16 tenant=A units=1 state=RUNNING committed=11
t=9.117754 node=gpu event=gpu_finished op_id=reduce/A:q4/a1/r0 tenant=A units=1 state=SUCCEEDED committed=11
t=9.141526 node=gpu event=gpu_started op_id=map/B:b1/a1/s2/g1.20 tenant=B units=1 state=RUNNING committed=11
t=9.302505 node=gpu event=gpu_started op_id=map/B:b1/a1/s1/g1.19 tenant=B units=1 state=RUNNING committed=11
t=9.331946 node=gpu event=gpu_release_requested op_id=reduce/A:q4/a1/r0 tenant=A units=1 state=SUCCEEDED committed=11
t=9.346523 node=gpu event=gpu_release_requested op_id=map/A:q7/a1/s0/g1.15 tenant=A units=1 state=FAILED committed=11
t=9.367380 node=gpu event=gpu_accepted op_id=map/A:q9/a1/s0/g1.24 tenant=A units=1 state=PENDING committed=12
t=9.367692 node=gpu event=gpu_started op_id=map/B:b1/a1/s3/g1.21 tenant=B units=1 state=RUNNING committed=12
t=9.372570 node=gpu event=gpu_started op_id=map/B:b1/a1/s0/g1.18 tenant=B units=1 state=RUNNING committed=12
t=9.395625 node=gpu event=gpu_started op_id=map/B:b1/a1/s4/g1.22 tenant=B units=1 state=RUNNING committed=12
t=9.560000 node=gpu event=gpu_release_complete op_id=map/A:q7/a1/s0/g1.15 tenant=A units=1 state=FAILED committed=11
t=9.571369 node=gpu event=gpu_release_complete op_id=reduce/A:q4/a1/r0 tenant=A units=1 state=SUCCEEDED committed=10
t=9.674852 node=gpu event=gpu_accepted op_id=reduce/A:q6/a1/r0 tenant=A units=1 state=PENDING committed=11
t=9.697007 node=gpu event=gpu_release_requested op_id=map/A:q6/a1/s0/g1.13 tenant=A units=1 state=SUCCEEDED committed=11
t=9.710095 node=gpu event=gpu_accepted op_id=map/B:b0/a1/s2/g1.25 tenant=B units=1 state=PENDING committed=12
t=9.834211 node=gpu event=gpu_release_complete op_id=map/A:q6/a1/s0/g1.13 tenant=A units=1 state=SUCCEEDED committed=11
t=9.864287 node=gpu event=gpu_finished op_id=map/B:b1/a1/s5/g1.23 tenant=B units=1 state=SUCCEEDED committed=11
t=9.883639 node=gpu event=gpu_release_requested op_id=map/B:b1/a1/s5/g1.23 tenant=B units=1 state=SUCCEEDED committed=11
t=10.016825 node=gpu event=gpu_release_complete op_id=map/B:b1/a1/s5/g1.23 tenant=B units=1 state=SUCCEEDED committed=10
t=10.053977 node=gpu event=gpu_started op_id=map/A:q9/a1/s0/g1.24 tenant=A units=1 state=RUNNING committed=10
t=10.083163 node=gpu event=gpu_finished op_id=map/A:q8/a1/s0/g1.17 tenant=A units=1 state=SUCCEEDED committed=10
t=10.096678 node=gpu event=gpu_finished op_id=map/A:q5/a1/s0/g1.16 tenant=A units=1 state=SUCCEEDED committed=10
t=10.141526 node=gpu event=gpu_finished op_id=map/B:b1/a1/s2/g1.20 tenant=B units=1 state=FAILED committed=10
t=10.157075 node=gpu event=gpu_started op_id=reduce/A:q6/a1/r0 tenant=A units=1 state=RUNNING committed=10
t=10.206169 node=gpu event=gpu_accepted op_id=reduce/A:q8/a1/r0 tenant=A units=1 state=PENDING committed=11
t=10.216102 node=gpu event=gpu_started op_id=map/B:b0/a1/s2/g1.25 tenant=B units=1 state=RUNNING committed=11
t=10.218321 node=gpu event=gpu_release_requested op_id=map/A:q8/a1/s0/g1.17 tenant=A units=1 state=SUCCEEDED committed=11
t=10.291767 node=gpu event=gpu_accepted op_id=reduce/A:q5/a1/r0 tenant=A units=1 state=PENDING committed=12
t=10.302505 node=gpu event=gpu_finished op_id=map/B:b1/a1/s1/g1.19 tenant=B units=1 state=SUCCEEDED committed=12
t=10.367460 node=gpu event=gpu_release_requested op_id=map/B:b1/a1/s2/g1.20 tenant=B units=1 state=FAILED committed=12
t=10.367692 node=gpu event=gpu_finished op_id=map/B:b1/a1/s3/g1.21 tenant=B units=1 state=SUCCEEDED committed=12
t=10.372570 node=gpu event=gpu_finished op_id=map/B:b1/a1/s0/g1.18 tenant=B units=1 state=SUCCEEDED committed=12
t=10.395625 node=gpu event=gpu_finished op_id=map/B:b1/a1/s4/g1.22 tenant=B units=1 state=SUCCEEDED committed=12
t=10.449837 node=gpu event=gpu_release_complete op_id=map/A:q8/a1/s0/g1.17 tenant=A units=1 state=SUCCEEDED committed=11
t=10.456990 node=gpu event=gpu_release_requested op_id=map/B:b1/a1/s1/g1.19 tenant=B units=1 state=SUCCEEDED committed=11
t=10.500845 node=gpu event=gpu_release_requested op_id=map/B:b1/a1/s3/g1.21 tenant=B units=1 state=SUCCEEDED committed=11
t=10.517010 node=gpu event=gpu_accepted op_id=map/A:q7/a1/s0/g1.27 tenant=A units=1 state=PENDING committed=12
t=10.562537 node=gpu event=gpu_release_complete op_id=map/B:b1/a1/s3/g1.21 tenant=B units=1 state=SUCCEEDED committed=11
t=10.573684 node=gpu event=gpu_accepted op_id=map/A:q10/a1/s0/g1.26 tenant=A units=1 state=PENDING committed=12
t=10.579721 node=gpu event=gpu_release_complete op_id=map/B:b1/a1/s2/g1.20 tenant=B units=1 state=FAILED committed=11
t=10.584392 node=gpu event=gpu_release_complete op_id=map/B:b1/a1/s1/g1.19 tenant=B units=1 state=SUCCEEDED committed=10
t=10.630064 node=gpu event=gpu_release_requested op_id=map/B:b1/a1/s0/g1.18 tenant=B units=1 state=SUCCEEDED committed=10
t=10.640027 node=gpu event=gpu_release_requested op_id=map/A:q5/a1/s0/g1.16 tenant=A units=1 state=SUCCEEDED committed=10
t=10.657075 node=gpu event=gpu_finished op_id=reduce/A:q6/a1/r0 tenant=A units=1 state=SUCCEEDED committed=10
t=10.689065 node=gpu event=gpu_release_requested op_id=reduce/A:q6/a1/r0 tenant=A units=1 state=SUCCEEDED committed=10
t=10.701761 node=gpu event=gpu_release_requested op_id=map/B:b1/a1/s4/g1.22 tenant=B units=1 state=SUCCEEDED committed=10
t=10.768907 node=gpu event=gpu_started op_id=reduce/A:q8/a1/r0 tenant=A units=1 state=RUNNING committed=10
t=10.780475 node=gpu event=gpu_started op_id=map/A:q10/a1/s0/g1.26 tenant=A units=1 state=RUNNING committed=10
t=10.794954 node=gpu event=gpu_release_complete op_id=map/A:q5/a1/s0/g1.16 tenant=A units=1 state=SUCCEEDED committed=9
t=10.810446 node=gpu event=gpu_started op_id=reduce/A:q5/a1/r0 tenant=A units=1 state=RUNNING committed=9
t=10.828176 node=gpu event=gpu_release_complete op_id=map/B:b1/a1/s4/g1.22 tenant=B units=1 state=SUCCEEDED committed=8
t=10.833215 node=gpu event=gpu_release_complete op_id=map/B:b1/a1/s0/g1.18 tenant=B units=1 state=SUCCEEDED committed=7
t=10.866565 node=gpu event=gpu_accepted op_id=map/B:b1/a1/s2/g1.28 tenant=B units=1 state=PENDING committed=8
t=10.880857 node=gpu event=gpu_release_complete op_id=reduce/A:q6/a1/r0 tenant=A units=1 state=SUCCEEDED committed=7
t=11.053977 node=gpu event=gpu_finished op_id=map/A:q9/a1/s0/g1.24 tenant=A units=1 state=FAILED committed=7
t=11.090031 node=gpu event=gpu_started op_id=map/A:q7/a1/s0/g1.27 tenant=A units=1 state=RUNNING committed=7
t=11.216102 node=gpu event=gpu_finished op_id=map/B:b0/a1/s2/g1.25 tenant=B units=1 state=SUCCEEDED committed=7
t=11.216681 node=gpu event=gpu_accepted op_id=map/A:q11/a1/s0/g1.29 tenant=A units=1 state=PENDING committed=8
t=11.268907 node=gpu event=gpu_finished op_id=reduce/A:q8/a1/r0 tenant=A units=1 state=FAILED committed=8
t=11.310446 node=gpu event=gpu_finished op_id=reduce/A:q5/a1/r0 tenant=A units=1 state=SUCCEEDED committed=8
t=11.411758 node=gpu event=gpu_release_requested op_id=reduce/A:q8/a1/r0 tenant=A units=1 state=FAILED committed=8
t=11.432233 node=gpu event=gpu_release_requested op_id=map/A:q9/a1/s0/g1.24 tenant=A units=1 state=FAILED committed=8
t=11.493065 node=gpu event=gpu_release_complete op_id=reduce/A:q8/a1/r0 tenant=A units=1 state=FAILED committed=7
t=11.503215 node=gpu event=gpu_accepted op_id=reduce/A:q8/a1/r1 tenant=A units=1 state=PENDING committed=8
t=11.550399 node=gpu event=gpu_started op_id=map/A:q11/a1/s0/g1.29 tenant=A units=1 state=RUNNING committed=8
t=11.561659 node=gpu event=gpu_accepted op_id=reduce/B:b0/a1/r0 tenant=B units=1 state=PENDING committed=9
t=11.572217 node=gpu event=gpu_release_requested op_id=map/B:b0/a1/s2/g1.25 tenant=B units=1 state=SUCCEEDED committed=9
t=11.659281 node=gpu event=gpu_started op_id=map/B:b1/a1/s2/g1.28 tenant=B units=1 state=RUNNING committed=9
t=11.692785 node=gpu event=gpu_release_complete op_id=map/A:q9/a1/s0/g1.24 tenant=A units=1 state=FAILED committed=8
t=11.780475 node=gpu event=gpu_finished op_id=map/A:q10/a1/s0/g1.26 tenant=A units=1 state=SUCCEEDED committed=8
t=11.789703 node=gpu event=gpu_release_complete op_id=map/B:b0/a1/s2/g1.25 tenant=B units=1 state=SUCCEEDED committed=7
t=11.804447 node=gpu event=gpu_accepted op_id=map/A:q9/a1/s0/g1.30 tenant=A units=1 state=PENDING committed=8
t=11.951970 node=gpu event=gpu_started op_id=reduce/A:q8/a1/r1 tenant=A units=1 state=RUNNING committed=8
t=11.963841 node=gpu event=gpu_started op_id=reduce/B:b0/a1/r0 tenant=B units=1 state=RUNNING committed=8
t=12.090031 node=gpu event=gpu_finished op_id=map/A:q7/a1/s0/g1.27 tenant=A units=1 state=SUCCEEDED committed=8
t=12.207351 node=gpu event=gpu_accepted op_id=map/A:q12/a1/s0/g1.31 tenant=A units=1 state=PENDING committed=9
t=12.440766 node=gpu event=gpu_started op_id=map/A:q9/a1/s0/g1.30 tenant=A units=1 state=RUNNING committed=9
t=12.451970 node=gpu event=gpu_finished op_id=reduce/A:q8/a1/r1 tenant=A units=1 state=FAILED committed=9
t=12.463841 node=gpu event=gpu_finished op_id=reduce/B:b0/a1/r0 tenant=B units=1 state=SUCCEEDED committed=9
t=12.546867 node=gpu event=gpu_release_requested op_id=reduce/A:q8/a1/r1 tenant=A units=1 state=FAILED committed=9
t=12.550399 node=gpu event=gpu_finished op_id=map/A:q11/a1/s0/g1.29 tenant=A units=1 state=SUCCEEDED committed=9
t=12.619432 node=gpu event=gpu_started op_id=map/A:q12/a1/s0/g1.31 tenant=A units=1 state=RUNNING committed=9
t=12.625676 node=gpu event=gpu_release_complete op_id=reduce/A:q8/a1/r1 tenant=A units=1 state=FAILED committed=8
t=12.641891 node=gpu event=gpu_accepted op_id=reduce/A:q8/a1/r2 tenant=A units=1 state=PENDING committed=9
t=12.659281 node=gpu event=gpu_finished op_id=map/B:b1/a1/s2/g1.28 tenant=B units=1 state=SUCCEEDED committed=9
t=12.800603 node=gpu event=gpu_accepted op_id=reduce/B:b1/a1/r0 tenant=B units=1 state=PENDING committed=10
t=12.805110 node=gpu event=gpu_release_requested op_id=map/A:q11/a1/s0/g1.29 tenant=A units=1 state=SUCCEEDED committed=10
t=12.810823 node=gpu event=gpu_accepted op_id=reduce/A:q11/a1/r0 tenant=A units=1 state=PENDING committed=11
t=12.813744 node=gpu event=gpu_release_requested op_id=map/B:b1/a1/s2/g1.28 tenant=B units=1 state=SUCCEEDED committed=11
t=13.044119 node=gpu event=gpu_accepted op_id=map/A:q13/a1/s0/g1.32 tenant=A units=1 state=PENDING committed=12
t=13.064802 node=gpu event=gpu_release_complete op_id=map/B:b1/a1/s2/g1.28 tenant=B units=1 state=SUCCEEDED committed=11
t=13.075741 node=gpu event=gpu_release_complete op_id=map/A:q11/a1/s0/g1.29 tenant=A units=1 state=SUCCEEDED committed=10
t=13.132560 node=gpu event=gpu_started op_id=reduce/B:b1/a1/r0 tenant=B units=1 state=RUNNING committed=10
t=13.200536 node=gpu event=gpu_started op_id=reduce/A:q8/a1/r2 tenant=A units=1 state=RUNNING committed=10
t=13.249071 node=gpu event=gpu_started op_id=map/A:q13/a1/s0/g1.32 tenant=A units=1 state=RUNNING committed=10
t=13.305358 node=gpu event=gpu_accepted op_id=map/B:b2/a1/s0/g1.33 tenant=B units=1 state=PENDING committed=11
t=13.307215 node=gpu event=gpu_accepted op_id=map/B:b2/a1/s2/g1.35 tenant=B units=1 state=PENDING committed=12
t=13.363629 node=gpu event=gpu_started op_id=reduce/A:q11/a1/r0 tenant=A units=1 state=RUNNING committed=12
t=13.440766 node=gpu event=gpu_finished op_id=map/A:q9/a1/s0/g1.30 tenant=A units=1 state=SUCCEEDED committed=12
t=13.530212 node=gpu event=gpu_release_requested op_id=reduce/B:b0/a1/r0 tenant=B units=1 state=SUCCEEDED committed=12
t=13.586670 node=gpu event=gpu_release_complete op_id=reduce/B:b0/a1/r0 tenant=B units=1 state=SUCCEEDED committed=11
t=13.606523 node=gpu event=gpu_accepted op_id=map/B:b2/a1/s1/g1.34 tenant=B units=1 state=PENDING committed=12
t=13.619432 node=gpu event=gpu_finished op_id=map/A:q12/a1/s0/g1.31 tenant=A units=1 state=SUCCEEDED committed=12
t=13.632560 node=gpu event=gpu_finished op_id=reduce/B:b1/a1/r0 tenant=B units=1 state=SUCCEEDED committed=12
t=13.700536 node=gpu event=gpu_finished op_id=reduce/A:q8/a1/r2 tenant=A units=1 state=SUCCEEDED committed=12
t=13.751515 node=gpu event=gpu_started op_id=map/B:b2/a1/s2/g1.35 tenant=B units=1 state=RUNNING committed=12
t=13.830984 node=gpu event=gpu_release_requested op_id=reduce/A:q5/a1/r0 tenant=A units=1 state=SUCCEEDED committed=12
t=13.863629 node=gpu event=gpu_finished op_id=reduce/A:q11/a1/r0 tenant=A units=1 state=SUCCEEDED committed=12
t=13.866155 node=gpu event=gpu_release_requested op_id=map/A:q12/a1/s0/g1.31 tenant=A units=1 state=SUCCEEDED committed=12
t=13.896642 node=gpu event=gpu_release_requested op_id=reduce/A:q8/a1/r2 tenant=A units=1 state=SUCCEEDED committed=12
t=13.903988 node=gpu event=gpu_release_requested op_id=map/A:q9/a1/s0/g1.30 tenant=A units=1 state=SUCCEEDED committed=12
t=13.986319 node=gpu event=gpu_release_complete op_id=map/A:q9/a1/s0/g1.30 tenant=A units=1 state=SUCCEEDED committed=11
t=13.996691 node=gpu event=gpu_release_complete op_id=reduce/A:q5/a1/r0 tenant=A units=1 state=SUCCEEDED committed=10
t=13.997531 node=gpu event=gpu_release_requested op_id=reduce/B:b1/a1/r0 tenant=B units=1 state=SUCCEEDED committed=10
t=14.043974 node=gpu event=gpu_release_complete op_id=map/A:q12/a1/s0/g1.31 tenant=A units=1 state=SUCCEEDED committed=9
t=14.071391 node=gpu event=gpu_started op_id=map/B:b2/a1/s0/g1.33 tenant=B units=1 state=RUNNING committed=9
t=14.114750 node=gpu event=gpu_release_complete op_id=reduce/B:b1/a1/r0 tenant=B units=1 state=SUCCEEDED committed=8
t=14.180831 node=gpu event=gpu_release_requested op_id=reduce/A:q11/a1/r0 tenant=A units=1 state=SUCCEEDED committed=8
t=14.184639 node=gpu event=gpu_release_complete op_id=reduce/A:q8/a1/r2 tenant=A units=1 state=SUCCEEDED committed=7
t=14.200341 node=gpu event=gpu_accepted op_id=reduce/A:q12/a1/r0 tenant=A units=1 state=PENDING committed=8
t=14.214117 node=gpu event=gpu_accepted op_id=map/B:b2/a1/s5/g1.38 tenant=B units=1 state=PENDING committed=9
t=14.239802 node=gpu event=gpu_accepted op_id=map/B:b2/a1/s3/g1.36 tenant=B units=1 state=PENDING committed=10
t=14.244807 node=gpu event=gpu_accepted op_id=reduce/A:q9/a1/r0 tenant=A units=1 state=PENDING committed=11
t=14.249071 node=gpu event=gpu_finished op_id=map/A:q13/a1/s0/g1.32 tenant=A units=1 state=SUCCEEDED committed=11
t=14.249095 node=gpu event=gpu_release_complete op_id=reduce/A:q11/a1/r0 tenant=A units=1 state=SUCCEEDED committed=10
t=14.386547 node=gpu event=gpu_started op_id=map/B:b2/a1/s1/g1.34 tenant=B units=1 state=RUNNING committed=10
t=14.476577 node=gpu event=gpu_accepted op_id=reduce/A:q13/a1/r0 tenant=A units=1 state=PENDING committed=11
t=14.482199 node=gpu event=gpu_release_requested op_id=map/A:q13/a1/s0/g1.32 tenant=A units=1 state=SUCCEEDED committed=11
t=14.491227 node=gpu event=gpu_started op_id=reduce/A:q9/a1/r0 tenant=A units=1 state=RUNNING committed=11
t=14.545609 node=gpu event=gpu_release_complete op_id=map/A:q13/a1/s0/g1.32 tenant=A units=1 state=SUCCEEDED committed=10
t=14.700157 node=gpu event=gpu_accepted op_id=map/A:q15/a1/s0/g1.40 tenant=A units=1 state=PENDING committed=11
t=14.751515 node=gpu event=gpu_finished op_id=map/B:b2/a1/s2/g1.35 tenant=B units=1 state=SUCCEEDED committed=11
t=14.774373 node=gpu event=gpu_started op_id=map/B:b2/a1/s5/g1.38 tenant=B units=1 state=RUNNING committed=11
t=14.918695 node=gpu event=gpu_started op_id=reduce/A:q12/a1/r0 tenant=A units=1 state=RUNNING committed=11
t=14.959765 node=gpu event=gpu_started op_id=map/B:b2/a1/s3/g1.36 tenant=B units=1 state=RUNNING committed=11
t=14.991227 node=gpu event=gpu_finished op_id=reduce/A:q9/a1/r0 tenant=A units=1 state=SUCCEEDED committed=11
t=15.070154 node=gpu event=gpu_release_requested op_id=map/B:b2/a1/s2/g1.35 tenant=B units=1 state=SUCCEEDED committed=11
t=15.071391 node=gpu event=gpu_finished op_id=map/B:b2/a1/s0/g1.33 tenant=B units=1 state=SUCCEEDED committed=11
t=15.132598 node=gpu event=gpu_release_complete op_id=map/B:b2/a1/s2/g1.35 tenant=B units=1 state=SUCCEEDED committed=10
t=15.215671 node=gpu event=gpu_release_requested op_id=reduce/A:q9/a1/r0 tenant=A units=1 state=SUCCEEDED committed=10
t=15.218598 node=gpu event=gpu_started op_id=reduce/A:q13/a1/r0 tenant=A units=1 state=RUNNING committed=10
t=15.300087 node=gpu event=gpu_started op_id=map/A:q15/a1/s0/g1.40 tenant=A units=1 state=RUNNING committed=10
t=15.386547 node=gpu event=gpu_finished op_id=map/B:b2/a1/s1/g1.34 tenant=B units=1 state=FAILED committed=10
t=15.409034 node=gpu event=gpu_accepted op_id=map/A:q14/a1/s0/g1.41 tenant=A units=1 state=PENDING committed=11
t=15.418695 node=gpu event=gpu_finished op_id=reduce/A:q12/a1/r0 tenant=A units=1 state=SUCCEEDED committed=11
t=15.463417 node=gpu event=gpu_release_complete op_id=reduce/A:q9/a1/r0 tenant=A units=1 state=SUCCEEDED committed=10
t=15.489389 node=gpu event=gpu_release_requested op_id=map/B:b2/a1/s1/g1.34 tenant=B units=1 state=FAILED committed=10
t=15.706894 node=gpu event=gpu_release_complete op_id=map/B:b2/a1/s1/g1.34 tenant=B units=1 state=FAILED committed=9
t=15.718598 node=gpu event=gpu_finished op_id=reduce/A:q13/a1/r0 tenant=A units=1 state=SUCCEEDED committed=9
t=15.774373 node=gpu event=gpu_finished op_id=map/B:b2/a1/s5/g1.38 tenant=B units=1 state=SUCCEEDED committed=9
t=15.798938 node=gpu event=gpu_release_requested op_id=reduce/A:q12/a1/r0 tenant=A units=1 state=SUCCEEDED committed=9
t=15.877122 node=gpu event=gpu_release_requested op_id=map/B:b2/a1/s0/g1.33 tenant=B units=1 state=SUCCEEDED committed=9
t=15.944737 node=gpu event=gpu_release_complete op_id=map/B:b2/a1/s0/g1.33 tenant=B units=1 state=SUCCEEDED committed=8
t=15.959765 node=gpu event=gpu_finished op_id=map/B:b2/a1/s3/g1.36 tenant=B units=1 state=FAILED committed=8
t=15.978799 node=gpu event=gpu_release_complete op_id=reduce/A:q12/a1/r0 tenant=A units=1 state=SUCCEEDED committed=7
t=16.108530 node=gpu event=gpu_release_requested op_id=map/B:b2/a1/s3/g1.36 tenant=B units=1 state=FAILED committed=7
t=16.126786 node=gpu event=gpu_release_requested op_id=map/B:b2/a1/s5/g1.38 tenant=B units=1 state=SUCCEEDED committed=7
t=16.187650 node=gpu event=gpu_started op_id=map/A:q14/a1/s0/g1.41 tenant=A units=1 state=RUNNING committed=7
t=16.300087 node=gpu event=gpu_finished op_id=map/A:q15/a1/s0/g1.40 tenant=A units=1 state=SUCCEEDED committed=7
t=16.302824 node=gpu event=gpu_accepted op_id=map/B:b2/a1/s1/g1.43 tenant=B units=1 state=PENDING committed=8
t=16.309718 node=gpu event=gpu_release_complete op_id=map/B:b2/a1/s3/g1.36 tenant=B units=1 state=FAILED committed=7
t=16.328463 node=gpu event=gpu_release_complete op_id=map/B:b2/a1/s5/g1.38 tenant=B units=1 state=SUCCEEDED committed=6
t=16.401961 node=gpu event=gpu_accepted op_id=map/B:b2/a1/s4/g1.45 tenant=B units=1 state=PENDING committed=7
t=16.417009 node=gpu event=gpu_accepted op_id=map/B:b2/a1/s3/g1.44 tenant=B units=1 state=PENDING committed=8
t=16.447929 node=gpu event=gpu_accepted op_id=reduce/A:q15/a1/r0 tenant=A units=1 state=PENDING committed=9
t=16.470216 node=gpu event=gpu_release_requested op_id=map/A:q15/a1/s0/g1.40 tenant=A units=1 state=SUCCEEDED committed=9
t=16.504955 node=gpu event=gpu_accepted op_id=map/A:q16/a1/s0/g1.42 tenant=A units=1 state=PENDING committed=10
t=16.518514 node=gpu event=gpu_started op_id=map/B:b2/a1/s1/g1.43 tenant=B units=1 state=RUNNING committed=10
t=16.527129 node=gpu event=gpu_release_complete op_id=map/A:q15/a1/s0/g1.40 tenant=A units=1 state=SUCCEEDED committed=9
t=16.603913 node=gpu event=gpu_accepted op_id=map/A:q17/a1/s0/g1.46 tenant=A units=1 state=PENDING committed=10
t=16.687103 node=gpu event=gpu_started op_id=map/B:b2/a1/s3/g1.44 tenant=B units=1 state=RUNNING committed=10
t=16.688701 node=gpu event=gpu_started op_id=map/B:b2/a1/s4/g1.45 tenant=B units=1 state=RUNNING committed=10
t=16.775613 node=gpu event=gpu_started op_id=reduce/A:q15/a1/r0 tenant=A units=1 state=RUNNING committed=10
t=16.801947 node=gpu event=gpu_release_requested op_id=reduce/A:q13/a1/r0 tenant=A units=1 state=SUCCEEDED committed=10
t=16.829944 node=gpu event=gpu_accepted op_id=map/A:q17/a1/s0/g1.47 tenant=A units=1 state=PENDING committed=11
t=16.863644 node=gpu event=gpu_release_complete op_id=reduce/A:q13/a1/r0 tenant=A units=1 state=SUCCEEDED committed=10
t=16.900144 node=gpu event=gpu_accepted op_id=reduce/A:q7/a1/r0 tenant=A units=1 state=PENDING committed=11
t=16.908356 node=gpu event=gpu_release_requested op_id=map/A:q7/a1/s0/g1.27 tenant=A units=1 state=SUCCEEDED committed=11
t=16.940993 node=gpu event=gpu_started op_id=map/A:q16/a1/s0/g1.42 tenant=A units=1 state=RUNNING committed=11
t=16.983809 node=gpu event=gpu_started op_id=map/A:q17/a1/s0/g1.46 tenant=A units=1 state=RUNNING committed=11
t=17.178472 node=gpu event=gpu_release_complete op_id=map/A:q7/a1/s0/g1.27 tenant=A units=1 state=SUCCEEDED committed=10
t=17.187650 node=gpu event=gpu_finished op_id=map/A:q14/a1/s0/g1.41 tenant=A units=1 state=SUCCEEDED committed=10
t=17.255225 node=gpu event=gpu_started op_id=map/A:q17/a1/s0/g1.47 tenant=A units=1 state=RUNNING committed=10
t=17.265105 node=gpu event=gpu_started op_id=reduce/A:q7/a1/r0 tenant=A units=1 state=RUNNING committed=10
t=17.265974 node=gpu event=gpu_release_requested op_id=map/A:q10/a1/s0/g1.26 tenant=A units=1 state=SUCCEEDED committed=10
t=17.275613 node=gpu event=gpu_finished op_id=reduce/A:q15/a1/r0 tenant=A units=1 state=SUCCEEDED committed=10
t=17.357710 node=gpu event=gpu_release_requested op_id=reduce/A:q15/a1/r0 tenant=A units=1 state=SUCCEEDED committed=10
t=17.392197 node=gpu event=gpu_accepted op_id=reduce/A:q14/a1/r0 tenant=A units=1 state=PENDING committed=11
t=17.413128 node=gpu event=gpu_cancelled op_id=map/A:q17/a1/s0/g1.46 tenant=A units=1 state=CANCELLED committed=11
t=17.444433 node=gpu event=gpu_accepted op_id=reduce/A:q10/a1/r0 tenant=A units=1 state=PENDING committed=12
t=17.505143 node=gpu event=gpu_release_requested op_id=map/A:q14/a1/s0/g1.41 tenant=A units=1 state=SUCCEEDED committed=12
t=17.518514 node=gpu event=gpu_finished op_id=map/B:b2/a1/s1/g1.43 tenant=B units=1 state=SUCCEEDED committed=12
t=17.563805 node=gpu event=gpu_release_complete op_id=map/A:q10/a1/s0/g1.26 tenant=A units=1 state=SUCCEEDED committed=11
t=17.566529 node=gpu event=gpu_release_requested op_id=map/A:q17/a1/s0/g1.46 tenant=A units=1 state=CANCELLED committed=11
t=17.603285 node=gpu event=gpu_release_complete op_id=reduce/A:q15/a1/r0 tenant=A units=1 state=SUCCEEDED committed=10
t=17.621927 node=gpu event=gpu_release_complete op_id=map/A:q17/a1/s0/g1.46 tenant=A units=1 state=CANCELLED committed=9
t=17.644689 node=gpu event=gpu_release_complete op_id=map/A:q14/a1/s0/g1.41 tenant=A units=1 state=SUCCEEDED committed=8
t=17.669885 node=gpu event=gpu_release_requested op_id=map/B:b2/a1/s1/g1.43 tenant=B units=1 state=SUCCEEDED committed=8
t=17.687103 node=gpu event=gpu_finished op_id=map/B:b2/a1/s3/g1.44 tenant=B units=1 state=FAILED committed=8
t=17.688701 node=gpu event=gpu_finished op_id=map/B:b2/a1/s4/g1.45 tenant=B units=1 state=SUCCEEDED committed=8
t=17.721017 node=gpu event=gpu_accepted op_id=map/A:q18/a1/s0/g1.48 tenant=A units=1 state=PENDING committed=9
t=17.738900 node=gpu event=gpu_release_requested op_id=map/B:b2/a1/s4/g1.45 tenant=B units=1 state=SUCCEEDED committed=9
t=17.765105 node=gpu event=gpu_finished op_id=reduce/A:q7/a1/r0 tenant=A units=1 state=SUCCEEDED committed=9
t=17.777856 node=gpu event=gpu_started op_id=reduce/A:q10/a1/r0 tenant=A units=1 state=RUNNING committed=9
t=17.784532 node=gpu event=gpu_release_complete op_id=map/B:b2/a1/s1/g1.43 tenant=B units=1 state=SUCCEEDED committed=8
t=17.880692 node=gpu event=gpu_release_requested op_id=reduce/A:q7/a1/r0 tenant=A units=1 state=SUCCEEDED committed=8
t=17.940993 node=gpu event=gpu_finished op_id=map/A:q16/a1/s0/g1.42 tenant=A units=1 state=SUCCEEDED committed=8
t=17.949765 node=gpu event=gpu_release_requested op_id=map/B:b2/a1/s3/g1.44 tenant=B units=1 state=FAILED committed=8
t=18.007898 node=gpu event=gpu_release_complete op_id=map/B:b2/a1/s4/g1.45 tenant=B units=1 state=SUCCEEDED committed=7
t=18.031171 node=gpu event=gpu_release_complete op_id=map/B:b2/a1/s3/g1.44 tenant=B units=1 state=FAILED committed=6
t=18.050602 node=gpu event=gpu_release_complete op_id=reduce/A:q7/a1/r0 tenant=A units=1 state=SUCCEEDED committed=5
t=18.126251 node=gpu event=gpu_release_requested op_id=map/A:q16/a1/s0/g1.42 tenant=A units=1 state=SUCCEEDED committed=5
t=18.133682 node=gpu event=gpu_accepted op_id=reduce/A:q16/a1/r0 tenant=A units=1 state=PENDING committed=6
t=18.177734 node=gpu event=gpu_started op_id=reduce/A:q14/a1/r0 tenant=A units=1 state=RUNNING committed=6
t=18.255225 node=gpu event=gpu_finished op_id=map/A:q17/a1/s0/g1.47 tenant=A units=1 state=SUCCEEDED committed=6
t=18.277856 node=gpu event=gpu_finished op_id=reduce/A:q10/a1/r0 tenant=A units=1 state=FAILED committed=6
t=18.305216 node=gpu event=gpu_started op_id=map/A:q18/a1/s0/g1.48 tenant=A units=1 state=RUNNING committed=6
t=18.331876 node=gpu event=gpu_accepted op_id=map/A:q19/a1/s0/g1.49 tenant=A units=1 state=PENDING committed=7
t=18.349187 node=gpu event=gpu_release_complete op_id=map/A:q16/a1/s0/g1.42 tenant=A units=1 state=SUCCEEDED committed=6
t=18.366314 node=gpu event=gpu_release_requested op_id=reduce/A:q10/a1/r0 tenant=A units=1 state=FAILED committed=6
t=18.409916 node=gpu event=gpu_accepted op_id=map/B:b3/a1/s4/g1.54 tenant=B units=1 state=PENDING committed=7
t=18.412070 node=gpu event=gpu_accepted op_id=map/B:b3/a1/s5/g1.55 tenant=B units=1 state=PENDING committed=8
t=18.415112 node=gpu event=gpu_accepted op_id=map/B:b3/a1/s0/g1.50 tenant=B units=1 state=PENDING committed=9
t=18.415564 node=gpu event=gpu_accepted op_id=map/B:b3/a1/s2/g1.52 tenant=B units=1 state=PENDING committed=10
t=18.415564 node=gpu event=gpu_accepted op_id=map/B:b3/a1/s3/g1.53 tenant=B units=1 state=PENDING committed=11
t=18.417313 node=gpu event=gpu_accepted op_id=map/B:b3/a1/s1/g1.51 tenant=B units=1 state=PENDING committed=12
t=18.452514 node=gpu event=gpu_release_complete op_id=reduce/A:q10/a1/r0 tenant=A units=1 state=FAILED committed=11
t=18.453279 node=gpu event=gpu_accepted op_id=reduce/A:q10/a1/r1 tenant=A units=1 state=PENDING committed=12
t=18.637325 node=gpu event=gpu_release_requested op_id=map/A:q17/a1/s0/g1.47 tenant=A units=1 state=SUCCEEDED committed=12
t=18.639743 node=gpu event=gpu_started op_id=map/B:b3/a1/s3/g1.53 tenant=B units=1 state=RUNNING committed=12
t=18.657119 node=gpu event=gpu_started op_id=reduce/A:q16/a1/r0 tenant=A units=1 state=RUNNING committed=12
t=18.677734 node=gpu event=gpu_finished op_id=reduce/A:q14/a1/r0 tenant=A units=1 state=SUCCEEDED committed=12
t=18.702579 node=gpu event=gpu_started op_id=map/B:b3/a1/s5/g1.55 tenant=B units=1 state=RUNNING committed=12
t=18.764467 node=gpu event=gpu_started op_id=map/B:b3/a1/s0/g1.50 tenant=B units=1 state=RUNNING committed=12
t=18.781085 node=gpu event=gpu_started op_id=reduce/A:q10/a1/r1 tenant=A units=1 state=RUNNING committed=12
t=18.816044 node=gpu event=gpu_release_complete op_id=map/A:q17/a1/s0/g1.47 tenant=A units=1 state=SUCCEEDED committed=11
t=18.841443 node=gpu event=gpu_started op_id=map/B:b3/a1/s2/g1.52 tenant=B units=1 state=RUNNING committed=11
t=18.902373 node=gpu event=gpu_release_requested op_id=reduce/A:q14/a1/r0 tenant=A units=1 state=SUCCEEDED committed=11
t=18.902373 node=gpu event=gpu_accepted op_id=reduce/A:q17/a1/r0 tenant=A units=1 state=PENDING committed=12
t=19.014741 node=gpu event=gpu_started op_id=map/A:q19/a1/s0/g1.49 tenant=A units=1 state=RUNNING committed=12
t=19.015005 node=gpu event=gpu_release_complete op_id=reduce/A:q14/a1/r0 tenant=A units=1 state=SUCCEEDED committed=11
t=19.149238 node=gpu event=gpu_started op_id=map/B:b3/a1/s1/g1.51 tenant=B units=1 state=RUNNING committed=11
t=19.157119 node=gpu event=gpu_finished op_id=reduce/A:q16/a1/r0 tenant=A units=1 state=FAILED committed=11
t=19.172899 node=gpu event=gpu_started op_id=map/B:b3/a1/s4/g1.54 tenant=B units=1 state=RUNNING committed=11
t=19.281085 node=gpu event=gpu_finished op_id=reduce/A:q10/a1/r1 tenant=A units=1 state=FAILED committed=11
t=19.305216 node=gpu event=gpu_finished op_id=map/A:q18/a1/s0/g1.48 tenant=A units=1 state=SUCCEEDED committed=11
t=19.454971 node=gpu event=gpu_release_requested op_id=reduce/A:q16/a1/r0 tenant=A units=1 state=FAILED committed=11
t=19.487636 node=gpu event=gpu_release_requested op_id=reduce/A:q10/a1/r1 tenant=A units=1 state=FAILED committed=11
t=19.511660 node=gpu event=gpu_started op_id=reduce/A:q17/a1/r0 tenant=A units=1 state=RUNNING committed=11
t=19.555357 node=gpu event=gpu_release_complete op_id=reduce/A:q16/a1/r0 tenant=A units=1 state=FAILED committed=10
t=19.639743 node=gpu event=gpu_finished op_id=map/B:b3/a1/s3/g1.53 tenant=B units=1 state=SUCCEEDED committed=10
t=19.652061 node=gpu event=gpu_accepted op_id=map/A:q20/a1/s0/g1.56 tenant=A units=1 state=PENDING committed=11
t=19.668452 node=gpu event=gpu_accepted op_id=reduce/A:q16/a1/r1 tenant=A units=1 state=PENDING committed=12
t=19.702579 node=gpu event=gpu_finished op_id=map/B:b3/a1/s5/g1.55 tenant=B units=1 state=SUCCEEDED committed=12
t=19.728697 node=gpu event=gpu_release_complete op_id=reduce/A:q10/a1/r1 tenant=A units=1 state=FAILED committed=11
t=19.742368 node=gpu event=gpu_accepted op_id=reduce/A:q10/a1/r2 tenant=A units=1 state=PENDING committed=12
t=19.764467 node=gpu event=gpu_finished op_id=map/B:b3/a1/s0/g1.50 tenant=B units=1 state=SUCCEEDED committed=12
t=19.836489 node=gpu event=gpu_release_requested op_id=map/B:b3/a1/s5/g1.55 tenant=B units=1 state=SUCCEEDED committed=12
t=19.841443 node=gpu event=gpu_finished op_id=map/B:b3/a1/s2/g1.52 tenant=B units=1 state=SUCCEEDED committed=12
t=20.010245 node=gpu event=gpu_release_complete op_id=map/B:b3/a1/s5/g1.55 tenant=B units=1 state=SUCCEEDED committed=11
t=20.011660 node=gpu event=gpu_finished op_id=reduce/A:q17/a1/r0 tenant=A units=1 state=SUCCEEDED committed=11
t=20.014741 node=gpu event=gpu_finished op_id=map/A:q19/a1/s0/g1.49 tenant=A units=1 state=FAILED committed=11
t=20.040270 node=gpu event=gpu_release_requested op_id=reduce/A:q17/a1/r0 tenant=A units=1 state=SUCCEEDED committed=11
t=20.081986 node=gpu event=gpu_release_requested op_id=map/B:b3/a1/s2/g1.52 tenant=B units=1 state=SUCCEEDED committed=11
t=20.083391 node=gpu event=gpu_release_requested op_id=map/B:b3/a1/s3/g1.53 tenant=B units=1 state=SUCCEEDED committed=11
t=20.149238 node=gpu event=gpu_finished op_id=map/B:b3/a1/s1/g1.51 tenant=B units=1 state=SUCCEEDED committed=11
t=20.172899 node=gpu event=gpu_finished op_id=map/B:b3/a1/s4/g1.54 tenant=B units=1 state=SUCCEEDED committed=11
t=20.200217 node=gpu event=gpu_release_complete op_id=reduce/A:q17/a1/r0 tenant=A units=1 state=SUCCEEDED committed=10
t=20.200336 node=gpu event=gpu_release_complete op_id=map/B:b3/a1/s2/g1.52 tenant=B units=1 state=SUCCEEDED committed=9
t=20.242124 node=gpu event=gpu_release_requested op_id=map/A:q19/a1/s0/g1.49 tenant=A units=1 state=FAILED committed=9
t=20.268616 node=gpu event=gpu_started op_id=reduce/A:q16/a1/r1 tenant=A units=1 state=RUNNING committed=9
t=20.275036 node=gpu event=gpu_started op_id=map/A:q20/a1/s0/g1.56 tenant=A units=1 state=RUNNING committed=9
t=20.279766 node=gpu event=gpu_release_requested op_id=map/B:b3/a1/s4/g1.54 tenant=B units=1 state=SUCCEEDED committed=9
t=20.290192 node=gpu event=gpu_started op_id=reduce/A:q10/a1/r2 tenant=A units=1 state=RUNNING committed=9
t=20.306830 node=gpu event=gpu_release_requested op_id=map/B:b3/a1/s0/g1.50 tenant=B units=1 state=SUCCEEDED committed=9
t=20.333808 node=gpu event=gpu_release_complete op_id=map/A:q19/a1/s0/g1.49 tenant=A units=1 state=FAILED committed=8
t=20.351621 node=gpu event=gpu_release_complete op_id=map/B:b3/a1/s3/g1.53 tenant=B units=1 state=SUCCEEDED committed=7
t=20.429067 node=gpu event=gpu_release_complete op_id=map/B:b3/a1/s4/g1.54 tenant=B units=1 state=SUCCEEDED committed=6
t=20.512107 node=gpu event=gpu_accepted op_id=map/A:q19/a1/s0/g1.57 tenant=A units=1 state=PENDING committed=7
t=20.531529 node=gpu event=gpu_release_complete op_id=map/B:b3/a1/s0/g1.50 tenant=B units=1 state=SUCCEEDED committed=6
t=20.768616 node=gpu event=gpu_finished op_id=reduce/A:q16/a1/r1 tenant=A units=1 state=FAILED committed=6
t=20.790192 node=gpu event=gpu_finished op_id=reduce/A:q10/a1/r2 tenant=A units=1 state=SUCCEEDED committed=6
t=20.974450 node=gpu event=gpu_release_requested op_id=reduce/A:q16/a1/r1 tenant=A units=1 state=FAILED committed=6
t=21.002466 node=gpu event=gpu_accepted op_id=map/A:q22/a1/s0/g1.58 tenant=A units=1 state=PENDING committed=7
t=21.025027 node=gpu event=gpu_release_requested op_id=reduce/A:q10/a1/r2 tenant=A units=1 state=SUCCEEDED committed=7
t=21.109605 node=gpu event=gpu_release_complete op_id=reduce/A:q16/a1/r1 tenant=A units=1 state=FAILED committed=6
t=21.116022 node=gpu event=gpu_accepted op_id=reduce/A:q16/a1/r2 tenant=A units=1 state=PENDING committed=7
t=21.203203 node=gpu event=gpu_started op_id=map/A:q22/a1/s0/g1.58 tenant=A units=1 state=RUNNING committed=7
t=21.235990 node=gpu event=gpu_started op_id=map/A:q19/a1/s0/g1.57 tenant=A units=1 state=RUNNING committed=7
t=21.275036 node=gpu event=gpu_finished op_id=map/A:q20/a1/s0/g1.56 tenant=A units=1 state=SUCCEEDED committed=7
t=21.292111 node=gpu event=gpu_release_complete op_id=reduce/A:q10/a1/r2 tenant=A units=1 state=SUCCEEDED committed=6
t=21.506164 node=gpu event=gpu_accepted op_id=reduce/A:q20/a1/r0 tenant=A units=1 state=PENDING committed=7
t=21.517495 node=gpu event=gpu_release_requested op_id=map/A:q20/a1/s0/g1.56 tenant=A units=1 state=SUCCEEDED committed=7
t=21.569898 node=gpu event=gpu_accepted op_id=map/B:b3/a1/s1/g1.59 tenant=B units=1 state=PENDING committed=8
t=21.642142 node=gpu event=gpu_accepted op_id=reduce/A:q18/a1/r0 tenant=A units=1 state=PENDING committed=9
t=21.643193 node=gpu event=gpu_release_requested op_id=map/A:q18/a1/s0/g1.48 tenant=A units=1 state=SUCCEEDED committed=9
t=21.709871 node=gpu event=gpu_release_complete op_id=map/A:q20/a1/s0/g1.56 tenant=A units=1 state=SUCCEEDED committed=8
t=21.773784 node=gpu event=gpu_release_complete op_id=map/A:q18/a1/s0/g1.48 tenant=A units=1 state=SUCCEEDED committed=7
t=21.794785 node=gpu event=gpu_started op_id=reduce/A:q16/a1/r2 tenant=A units=1 state=RUNNING committed=7
t=21.937874 node=gpu event=gpu_started op_id=reduce/A:q18/a1/r0 tenant=A units=1 state=RUNNING committed=7
t=22.002570 node=gpu event=gpu_accepted op_id=map/A:q23/a1/s0/g1.60 tenant=A units=1 state=PENDING committed=8
t=22.057138 node=gpu event=gpu_started op_id=map/B:b3/a1/s1/g1.59 tenant=B units=1 state=RUNNING committed=8
t=22.203203 node=gpu event=gpu_finished op_id=map/A:q22/a1/s0/g1.58 tenant=A units=1 state=FAILED committed=8
t=22.235990 node=gpu event=gpu_finished op_id=map/A:q19/a1/s0/g1.57 tenant=A units=1 state=SUCCEEDED committed=8
t=22.294312 node=gpu event=gpu_started op_id=reduce/A:q20/a1/r0 tenant=A units=1 state=RUNNING committed=8
t=22.294785 node=gpu event=gpu_finished op_id=reduce/A:q16/a1/r2 tenant=A units=1 state=FAILED committed=8
t=22.370841 node=gpu event=gpu_release_requested op_id=map/A:q22/a1/s0/g1.58 tenant=A units=1 state=FAILED committed=8
t=22.377911 node=gpu event=gpu_release_requested op_id=reduce/A:q16/a1/r2 tenant=A units=1 state=FAILED committed=8
t=22.437874 node=gpu event=gpu_finished op_id=reduce/A:q18/a1/r0 tenant=A units=1 state=SUCCEEDED committed=8
t=22.552085 node=gpu event=gpu_release_complete op_id=map/A:q22/a1/s0/g1.58 tenant=A units=1 state=FAILED committed=7
t=22.582417 node=gpu event=gpu_started op_id=map/A:q23/a1/s0/g1.60 tenant=A units=1 state=RUNNING committed=7
t=22.595304 node=gpu event=gpu_accepted op_id=reduce/B:b3/a1/r0 tenant=B units=1 state=PENDING committed=8
t=22.670171 node=gpu event=gpu_release_complete op_id=reduce/A:q16/a1/r2 tenant=A units=1 state=FAILED committed=7
t=22.703226 node=gpu event=gpu_accepted op_id=map/A:q22/a1/s0/g1.61 tenant=A units=1 state=PENDING committed=8
t=22.703226 node=gpu event=gpu_accepted op_id=map/A:q21/a1/s0/g1.62 tenant=A units=1 state=PENDING committed=9
t=22.753955 node=gpu event=gpu_release_requested op_id=reduce/A:q18/a1/r0 tenant=A units=1 state=SUCCEEDED committed=9
t=22.765272 node=gpu event=gpu_release_requested op_id=map/B:b3/a1/s1/g1.51 tenant=B units=1 state=SUCCEEDED committed=9
t=22.794312 node=gpu event=gpu_finished op_id=reduce/A:q20/a1/r0 tenant=A units=1 state=SUCCEEDED committed=9
t=22.867291 node=gpu event=gpu_release_complete op_id=reduce/A:q18/a1/r0 tenant=A units=1 state=SUCCEEDED committed=8
t=22.879035 node=gpu event=gpu_release_requested op_id=reduce/A:q20/a1/r0 tenant=A units=1 state=SUCCEEDED committed=8
t=22.911705 node=gpu event=gpu_accepted op_id=map/A:q24/a1/s0/g1.63 tenant=A units=1 state=PENDING committed=9
t=23.003397 node=gpu event=gpu_release_complete op_id=map/B:b3/a1/s1/g1.51 tenant=B units=1 state=SUCCEEDED committed=8
t=23.057138 node=gpu event=gpu_finished op_id=map/B:b3/a1/s1/g1.59 tenant=B units=1 state=SUCCEEDED committed=8
t=23.109957 node=gpu event=gpu_accepted op_id=reduce/A:q19/a1/r0 tenant=A units=1 state=PENDING committed=9
t=23.119572 node=gpu event=gpu_started op_id=reduce/B:b3/a1/r0 tenant=B units=1 state=RUNNING committed=9
t=23.122293 node=gpu event=gpu_release_requested op_id=map/A:q19/a1/s0/g1.57 tenant=A units=1 state=SUCCEEDED committed=9
t=23.129800 node=gpu event=gpu_release_complete op_id=reduce/A:q20/a1/r0 tenant=A units=1 state=SUCCEEDED committed=8
t=23.150539 node=gpu event=gpu_started op_id=map/A:q22/a1/s0/g1.61 tenant=A units=1 state=RUNNING committed=8
t=23.322796 node=gpu event=gpu_started op_id=map/A:q21/a1/s0/g1.62 tenant=A units=1 state=RUNNING committed=8
t=23.392425 node=gpu event=gpu_release_complete op_id=map/A:q19/a1/s0/g1.57 tenant=A units=1 state=SUCCEEDED committed=7
t=23.431215 node=gpu event=gpu_release_requested op_id=map/B:b3/a1/s1/g1.59 tenant=B units=1 state=SUCCEEDED committed=7
t=23.504972 node=gpu event=gpu_release_complete op_id=map/B:b3/a1/s1/g1.59 tenant=B units=1 state=SUCCEEDED committed=6
t=23.549486 node=gpu event=gpu_started op_id=map/A:q24/a1/s0/g1.63 tenant=A units=1 state=RUNNING committed=6
t=23.582417 node=gpu event=gpu_finished op_id=map/A:q23/a1/s0/g1.60 tenant=A units=1 state=SUCCEEDED committed=6
t=23.619572 node=gpu event=gpu_finished op_id=reduce/B:b3/a1/r0 tenant=B units=1 state=SUCCEEDED committed=6
t=23.837682 node=gpu event=gpu_started op_id=reduce/A:q19/a1/r0 tenant=A units=1 state=RUNNING committed=6
t=23.925716 node=gpu event=gpu_release_requested op_id=map/A:q23/a1/s0/g1.60 tenant=A units=1 state=SUCCEEDED committed=6
t=23.973311 node=gpu event=gpu_release_requested op_id=reduce/B:b3/a1/r0 tenant=B units=1 state=SUCCEEDED committed=6
t=23.992433 node=gpu event=gpu_release_complete op_id=map/A:q23/a1/s0/g1.60 tenant=A units=1 state=SUCCEEDED committed=5
t=24.009702 node=gpu event=gpu_accepted op_id=map/A:q25/a1/s0/g1.64 tenant=A units=1 state=PENDING committed=6
t=24.025786 node=gpu event=gpu_release_complete op_id=reduce/B:b3/a1/r0 tenant=B units=1 state=SUCCEEDED committed=5
t=24.105969 node=gpu event=gpu_accepted op_id=map/B:b4/a1/s4/g1.69 tenant=B units=1 state=PENDING committed=6
t=24.118417 node=gpu event=gpu_accepted op_id=map/B:b4/a1/s1/g1.66 tenant=B units=1 state=PENDING committed=7
t=24.118741 node=gpu event=gpu_accepted op_id=map/B:b4/a1/s5/g1.70 tenant=B units=1 state=PENDING committed=8
t=24.150539 node=gpu event=gpu_finished op_id=map/A:q22/a1/s0/g1.61 tenant=A units=1 state=SUCCEEDED committed=8
t=24.237269 node=gpu event=gpu_accepted op_id=map/B:b4/a1/s3/g1.68 tenant=B units=1 state=PENDING committed=9
t=24.245175 node=gpu event=gpu_accepted op_id=reduce/A:q22/a1/r0 tenant=A units=1 state=PENDING committed=10
t=24.260915 node=gpu event=gpu_release_requested op_id=map/A:q22/a1/s0/g1.61 tenant=A units=1 state=SUCCEEDED committed=10
t=24.268737 node=gpu event=gpu_accepted op_id=map/B:b4/a1/s2/g1.67 tenant=B units=1 state=PENDING committed=11
t=24.322796 node=gpu event=gpu_finished op_id=map/A:q21/a1/s0/g1.62 tenant=A units=1 state=SUCCEEDED committed=11
t=24.337682 node=gpu event=gpu_finished op_id=reduce/A:q19/a1/r0 tenant=A units=1 state=FAILED committed=11
t=24.425621 node=gpu event=gpu_release_requested op_id=reduce/A:q19/a1/r0 tenant=A units=1 state=FAILED committed=11
t=24.487787 node=gpu event=gpu_accepted op_id=reduce/A:q21/a1/r0 tenant=A units=1 state=PENDING committed=12
t=24.488428 node=gpu event=gpu_release_requested op_id=map/A:q21/a1/s0/g1.62 tenant=A units=1 state=SUCCEEDED committed=12
t=24.501652 node=gpu event=gpu_release_complete op_id=map/A:q22/a1/s0/g1.61 tenant=A units=1 state=SUCCEEDED committed=11
t=24.531028 node=gpu event=gpu_started op_id=map/B:b4/a1/s2/g1.67 tenant=B units=1 state=RUNNING committed=11
t=24.549486 node=gpu event=gpu_finished op_id=map/A:q24/a1/s0/g1.63 tenant=A units=1 state=FAILED committed=11
t=24.596690 node=gpu event=gpu_release_complete op_id=reduce/A:q19/a1/r0 tenant=A units=1 state=FAILED committed=10
t=24.600877 node=gpu event=gpu_accepted op_id=reduce/A:q19/a1/r1 tenant=A units=1 state=PENDING committed=11
t=24.605955 node=gpu event=gpu_accepted op_id=map/A:q26/a1/s0/g1.71 tenant=A units=1 state=PENDING committed=12
t=24.646762 node=gpu event=gpu_started op_id=map/B:b4/a1/s4/g1.69 tenant=B units=1 state=RUNNING committed=12
t=24.665382 node=gpu event=gpu_started op_id=map/B:b4/a1/s1/g1.66 tenant=B units=1 state=RUNNING committed=12
t=24.733853 node=gpu event=gpu_release_complete op_id=map/A:q21/a1/s0/g1.62 tenant=A units=1 state=SUCCEEDED committed=11
t=24.771203 node=gpu event=gpu_started op_id=reduce/A:q22/a1/r0 tenant=A units=1 state=RUNNING committed=11
t=24.780497 node=gpu event=gpu_release_requested op_id=map/A:q24/a1/s0/g1.63 tenant=A units=1 state=FAILED committed=11
t=24.786649 node=gpu event=gpu_started op_id=map/A:q25/a1/s0/g1.64 tenant=A units=1 state=RUNNING committed=11
t=24.859812 node=gpu event=gpu_started op_id=map/B:b4/a1/s5/g1.70 tenant=B units=1 state=RUNNING committed=11
t=24.925144 node=gpu event=gpu_started op_id=map/B:b4/a1/s3/g1.68 tenant=B units=1 state=RUNNING committed=11
t=24.975330 node=gpu event=gpu_started op_id=reduce/A:q19/a1/r1 tenant=A units=1 state=RUNNING committed=11
t=24.991863 node=gpu event=gpu_started op_id=reduce/A:q21/a1/r0 tenant=A units=1 state=RUNNING committed=11
t=25.000763 node=gpu event=gpu_release_complete op_id=map/A:q24/a1/s0/g1.63 tenant=A units=1 state=FAILED committed=10
t=25.029284 node=gpu event=gpu_started op_id=map/A:q26/a1/s0/g1.71 tenant=A units=1 state=RUNNING committed=10
t=25.271203 node=gpu event=gpu_finished op_id=reduce/A:q22/a1/r0 tenant=A units=1 state=SUCCEEDED committed=10
t=25.427608 node=gpu event=gpu_release_requested op_id=reduce/A:q22/a1/r0 tenant=A units=1 state=SUCCEEDED committed=10
t=25.475330 node=gpu event=gpu_finished op_id=reduce/A:q19/a1/r1 tenant=A units=1 state=SUCCEEDED committed=10
t=25.491863 node=gpu event=gpu_finished op_id=reduce/A:q21/a1/r0 tenant=A units=1 state=SUCCEEDED committed=10
t=25.531028 node=gpu event=gpu_finished op_id=map/B:b4/a1/s2/g1.67 tenant=B units=1 state=FAILED committed=10
t=25.624124 node=gpu event=gpu_accepted op_id=map/A:q27/a1/s0/g1.73 tenant=A units=1 state=PENDING committed=11
t=25.641450 node=gpu event=gpu_release_requested op_id=reduce/A:q21/a1/r0 tenant=A units=1 state=SUCCEEDED committed=11
t=25.646762 node=gpu event=gpu_finished op_id=map/B:b4/a1/s4/g1.69 tenant=B units=1 state=SUCCEEDED committed=11
t=25.649788 node=gpu event=gpu_release_complete op_id=reduce/A:q22/a1/r0 tenant=A units=1 state=SUCCEEDED committed=10
t=25.665382 node=gpu event=gpu_finished op_id=map/B:b4/a1/s1/g1.66 tenant=B units=1 state=SUCCEEDED committed=10
t=25.751048 node=gpu event=gpu_release_requested op_id=reduce/A:q19/a1/r1 tenant=A units=1 state=SUCCEEDED committed=10
t=25.764688 node=gpu event=gpu_release_complete op_id=reduce/A:q21/a1/r0 tenant=A units=1 state=SUCCEEDED committed=9
t=25.786649 node=gpu event=gpu_finished op_id=map/A:q25/a1/s0/g1.64 tenant=A units=1 state=SUCCEEDED committed=9
t=25.822023 node=gpu event=gpu_release_complete op_id=reduce/A:q19/a1/r1 tenant=A units=1 state=SUCCEEDED committed=8
t=25.823130 node=gpu event=gpu_accepted op_id=reduce/A:q25/a1/r0 tenant=A units=1 state=PENDING committed=9
t=25.859812 node=gpu event=gpu_finished op_id=map/B:b4/a1/s5/g1.70 tenant=B units=1 state=SUCCEEDED committed=9
t=25.862944 node=gpu event=gpu_release_requested op_id=map/B:b4/a1/s2/g1.67 tenant=B units=1 state=FAILED committed=9
t=25.891162 node=gpu event=gpu_release_requested op_id=map/B:b4/a1/s4/g1.69 tenant=B units=1 state=SUCCEEDED committed=9
t=25.925144 node=gpu event=gpu_finished op_id=map/B:b4/a1/s3/g1.68 tenant=B units=1 state=FAILED committed=9
t=25.986794 node=gpu event=gpu_release_requested op_id=map/A:q25/a1/s0/g1.64 tenant=A units=1 state=SUCCEEDED committed=9
t=26.029284 node=gpu event=gpu_finished op_id=map/A:q26/a1/s0/g1.71 tenant=A units=1 state=SUCCEEDED committed=9
t=26.067734 node=gpu event=gpu_accepted op_id=reduce/A:q26/a1/r0 tenant=A units=1 state=PENDING committed=10
t=26.083659 node=gpu event=gpu_release_requested op_id=map/B:b4/a1/s3/g1.68 tenant=B units=1 state=FAILED committed=10
t=26.099081 node=gpu event=gpu_started op_id=map/A:q27/a1/s0/g1.73 tenant=A units=1 state=RUNNING committed=10
t=26.120048 node=gpu event=gpu_release_requested op_id=map/A:q26/a1/s0/g1.71 tenant=A units=1 state=SUCCEEDED committed=10
t=26.128599 node=gpu event=gpu_release_complete op_id=map/A:q25/a1/s0/g1.64 tenant=A units=1 state=SUCCEEDED committed=9
t=26.134466 node=gpu event=gpu_release_complete op_id=map/B:b4/a1/s2/g1.67 tenant=B units=1 state=FAILED committed=8
t=26.161046 node=gpu event=gpu_release_complete op_id=map/B:b4/a1/s4/g1.69 tenant=B units=1 state=SUCCEEDED committed=7
t=26.239917 node=gpu event=gpu_release_complete op_id=map/B:b4/a1/s3/g1.68 tenant=B units=1 state=FAILED committed=6
t=26.288951 node=gpu event=gpu_release_requested op_id=map/B:b4/a1/s1/g1.66 tenant=B units=1 state=SUCCEEDED committed=6
t=26.342646 node=gpu event=gpu_started op_id=reduce/A:q25/a1/r0 tenant=A units=1 state=RUNNING committed=6
t=26.416365 node=gpu event=gpu_release_complete op_id=map/A:q26/a1/s0/g1.71 tenant=A units=1 state=SUCCEEDED committed=5
t=26.462552 node=gpu event=gpu_accepted op_id=map/B:b4/a1/s2/g1.74 tenant=B units=1 state=PENDING committed=6
t=26.463568 node=gpu event=gpu_accepted op_id=map/B:b4/a1/s3/g1.75 tenant=B units=1 state=PENDING committed=7
t=26.500367 node=gpu event=gpu_accepted op_id=map/A:q28/a1/s0/g1.76 tenant=A units=1 state=PENDING committed=8
t=26.580498 node=gpu event=gpu_release_complete op_id=map/B:b4/a1/s1/g1.66 tenant=B units=1 state=SUCCEEDED committed=7
t=26.716850 node=gpu event=gpu_started op_id=map/A:q28/a1/s0/g1.76 tenant=A units=1 state=RUNNING committed=7
t=26.749192 node=gpu event=gpu_started op_id=map/B:b4/a1/s3/g1.75 tenant=B units=1 state=RUNNING committed=7
t=26.792774 node=gpu event=gpu_started op_id=reduce/A:q26/a1/r0 tenant=A units=1 state=RUNNING committed=7
t=26.842646 node=gpu event=gpu_finished op_id=reduce/A:q25/a1/r0 tenant=A units=1 state=SUCCEEDED committed=7
t=26.994560 node=gpu event=gpu_release_requested op_id=reduce/A:q25/a1/r0 tenant=A units=1 state=SUCCEEDED committed=7
t=27.099081 node=gpu event=gpu_finished op_id=map/A:q27/a1/s0/g1.73 tenant=A units=1 state=SUCCEEDED committed=7
t=27.130819 node=gpu event=gpu_release_complete op_id=reduce/A:q25/a1/r0 tenant=A units=1 state=SUCCEEDED committed=6
t=27.143577 node=gpu event=gpu_accepted op_id=reduce/A:q27/a1/r0 tenant=A units=1 state=PENDING committed=7
t=27.168771 node=gpu event=gpu_release_requested op_id=map/A:q27/a1/s0/g1.73 tenant=A units=1 state=SUCCEEDED committed=7
t=27.209519 node=gpu event=gpu_started op_id=map/B:b4/a1/s2/g1.74 tenant=B units=1 state=RUNNING committed=7
t=27.292774 node=gpu event=gpu_finished op_id=reduce/A:q26/a1/r0 tenant=A units=1 state=SUCCEEDED committed=7
t=27.341342 node=gpu event=gpu_release_requested op_id=reduce/A:q26/a1/r0 tenant=A units=1 state=SUCCEEDED committed=7
t=27.366736 node=gpu event=gpu_release_complete op_id=map/A:q27/a1/s0/g1.73 tenant=A units=1 state=SUCCEEDED committed=6
t=27.440620 node=gpu event=gpu_started op_id=reduce/A:q27/a1/r0 tenant=A units=1 state=RUNNING committed=6
t=27.457621 node=gpu event=gpu_release_complete op_id=reduce/A:q26/a1/r0 tenant=A units=1 state=SUCCEEDED committed=5
t=27.604632 node=gpu event=gpu_accepted op_id=map/A:q29/a1/s0/g1.77 tenant=A units=1 state=PENDING committed=6
t=27.716850 node=gpu event=gpu_finished op_id=map/A:q28/a1/s0/g1.76 tenant=A units=1 state=SUCCEEDED committed=6
t=27.749192 node=gpu event=gpu_finished op_id=map/B:b4/a1/s3/g1.75 tenant=B units=1 state=SUCCEEDED committed=6
t=27.935844 node=gpu event=gpu_release_requested op_id=map/B:b4/a1/s3/g1.75 tenant=B units=1 state=SUCCEEDED committed=6
t=27.938466 node=gpu event=gpu_release_requested op_id=map/A:q28/a1/s0/g1.76 tenant=A units=1 state=SUCCEEDED committed=6
t=27.940620 node=gpu event=gpu_finished op_id=reduce/A:q27/a1/r0 tenant=A units=1 state=SUCCEEDED committed=6
t=28.013589 node=gpu event=gpu_accepted op_id=map/B:b4/a1/s0/g1.78 tenant=B units=1 state=PENDING committed=7
t=28.054921 node=gpu event=gpu_accepted op_id=map/B:b4/a1/s5/g1.79 tenant=B units=1 state=PENDING committed=8
t=28.078828 node=gpu event=gpu_release_requested op_id=reduce/A:q27/a1/r0 tenant=A units=1 state=SUCCEEDED committed=8
t=28.098542 node=gpu event=gpu_accepted op_id=reduce/A:q28/a1/r0 tenant=A units=1 state=PENDING committed=9
t=28.137748 node=gpu event=gpu_release_complete op_id=map/A:q28/a1/s0/g1.76 tenant=A units=1 state=SUCCEEDED committed=8
t=28.146089 node=gpu event=gpu_release_complete op_id=map/B:b4/a1/s3/g1.75 tenant=B units=1 state=SUCCEEDED committed=7
t=28.209519 node=gpu event=gpu_finished op_id=map/B:b4/a1/s2/g1.74 tenant=B units=1 state=SUCCEEDED committed=7
t=28.211534 node=gpu event=gpu_started op_id=map/A:q29/a1/s0/g1.77 tenant=A units=1 state=RUNNING committed=7
t=28.289438 node=gpu event=gpu_started op_id=map/B:b4/a1/s0/g1.78 tenant=B units=1 state=RUNNING committed=7
t=28.335134 node=gpu event=gpu_release_complete op_id=reduce/A:q27/a1/r0 tenant=A units=1 state=SUCCEEDED committed=6
t=28.382120 node=gpu event=gpu_started op_id=reduce/A:q28/a1/r0 tenant=A units=1 state=RUNNING committed=6
t=28.412993 node=gpu event=gpu_accepted op_id=map/B:b5/a1/s0/g1.80 tenant=B units=1 state=PENDING committed=7
t=28.589085 node=gpu event=gpu_release_requested op_id=map/B:b4/a1/s2/g1.74 tenant=B units=1 state=SUCCEEDED committed=7
t=28.642157 node=gpu event=gpu_started op_id=map/B:b4/a1/s5/g1.79 tenant=B units=1 state=RUNNING committed=7
t=28.820192 node=gpu event=gpu_release_complete op_id=map/B:b4/a1/s2/g1.74 tenant=B units=1 state=SUCCEEDED committed=6
t=28.882120 node=gpu event=gpu_finished op_id=reduce/A:q28/a1/r0 tenant=A units=1 state=FAILED committed=6
t=29.006387 node=gpu event=gpu_accepted op_id=map/B:b5/a1/s1/g1.81 tenant=B units=1 state=PENDING committed=7
t=29.006387 node=gpu event=gpu_accepted op_id=map/B:b5/a1/s2/g1.82 tenant=B units=1 state=PENDING committed=8
t=29.030963 node=gpu event=gpu_release_requested op_id=reduce/A:q28/a1/r0 tenant=A units=1 state=FAILED committed=8
t=29.127695 node=gpu event=gpu_started op_id=map/B:b5/a1/s0/g1.80 tenant=B units=1 state=RUNNING committed=8
t=29.166851 node=gpu event=gpu_release_complete op_id=reduce/A:q28/a1/r0 tenant=A units=1 state=FAILED committed=7
t=29.211534 node=gpu event=gpu_finished op_id=map/A:q29/a1/s0/g1.77 tenant=A units=1 state=SUCCEEDED committed=7
t=29.289438 node=gpu event=gpu_finished op_id=map/B:b4/a1/s0/g1.78 tenant=B units=1 state=SUCCEEDED committed=7
t=29.306108 node=gpu event=gpu_accepted op_id=reduce/A:q28/a1/r1 tenant=A units=1 state=PENDING committed=8
t=29.448475 node=gpu event=gpu_release_requested op_id=map/B:b4/a1/s0/g1.78 tenant=B units=1 state=SUCCEEDED committed=8
t=29.460252 node=gpu event=gpu_started op_id=map/B:b5/a1/s2/g1.82 tenant=B units=1 state=RUNNING committed=8
t=29.635184 node=gpu event=gpu_started op_id=map/B:b5/a1/s1/g1.81 tenant=B units=1 state=RUNNING committed=8
t=29.642157 node=gpu event=gpu_finished op_id=map/B:b4/a1/s5/g1.79 tenant=B units=1 state=SUCCEEDED committed=8
t=29.719016 node=gpu event=gpu_started op_id=reduce/A:q28/a1/r1 tenant=A units=1 state=RUNNING committed=8
t=29.733979 node=gpu event=gpu_release_complete op_id=map/B:b4/a1/s0/g1.78 tenant=B units=1 state=SUCCEEDED committed=7
t=29.787831 node=gpu event=gpu_accepted op_id=reduce/A:q29/a1/r0 tenant=A units=1 state=PENDING committed=8
t=29.806663 node=gpu event=gpu_accepted op_id=map/B:b5/a1/s4/g1.84 tenant=B units=1 state=PENDING committed=9
t=29.820581 node=gpu event=gpu_accepted op_id=map/B:b5/a1/s3/g1.83 tenant=B units=1 state=PENDING committed=10
t=29.889483 node=gpu event=gpu_accepted op_id=reduce/B:b4/a1/r0 tenant=B units=1 state=PENDING committed=11
t=29.893176 node=gpu event=gpu_release_requested op_id=map/B:b4/a1/s5/g1.79 tenant=B units=1 state=SUCCEEDED committed=11
t=29.947916 node=gpu event=gpu_release_requested op_id=map/A:q29/a1/s0/g1.77 tenant=A units=1 state=SUCCEEDED committed=11
t=29.972748 node=gpu event=gpu_accepted op_id=map/B:b5/a1/s5/g1.85 tenant=B units=1 state=PENDING committed=12
t=30.087729 node=gpu event=gpu_release_complete op_id=map/B:b4/a1/s5/g1.79 tenant=B units=1 state=SUCCEEDED committed=11
t=30.103159 node=gpu event=gpu_started op_id=reduce/A:q29/a1/r0 tenant=A units=1 state=RUNNING committed=11
t=30.111855 node=gpu event=gpu_started op_id=reduce/B:b4/a1/r0 tenant=B units=1 state=RUNNING committed=11
t=30.127695 node=gpu event=gpu_finished op_id=map/B:b5/a1/s0/g1.80 tenant=B units=1 state=SUCCEEDED committed=11
t=30.140983 node=gpu event=gpu_release_requested op_id=map/B:b4/a1/s5/g1.70 tenant=B units=1 state=SUCCEEDED committed=11
t=30.194252 node=gpu event=gpu_started op_id=map/B:b5/a1/s5/g1.85 tenant=B units=1 state=RUNNING committed=11
t=30.219016 node=gpu event=gpu_finished op_id=reduce/A:q28/a1/r1 tenant=A units=1 state=SUCCEEDED committed=11
t=30.222421 node=gpu event=gpu_release_complete op_id=map/B:b4/a1/s5/g1.70 tenant=B units=1 state=SUCCEEDED committed=10
t=30.232389 node=gpu event=gpu_release_complete op_id=map/A:q29/a1/s0/g1.77 tenant=A units=1 state=SUCCEEDED committed=9
t=30.239741 node=gpu event=gpu_accepted op_id=map/A:q31/a1/s0/g1.87 tenant=A units=1 state=PENDING committed=10
t=30.305277 node=gpu event=gpu_accepted op_id=map/A:q32/a1/s0/g1.88 tenant=A units=1 state=PENDING committed=11
t=30.358061 node=gpu event=gpu_accepted op_id=map/A:q30/a1/s0/g1.86 tenant=A units=1 state=PENDING committed=12
t=30.443658 node=gpu event=gpu_release_requested op_id=map/B:b5/a1/s0/g1.80 tenant=B units=1 state=SUCCEEDED committed=12
t=30.455614 node=gpu event=gpu_started op_id=map/B:b5/a1/s3/g1.83 tenant=B units=1 state=RUNNING committed=12
t=30.460252 node=gpu event=gpu_finished op_id=map/B:b5/a1/s2/g1.82 tenant=B units=1 state=SUCCEEDED committed=12
t=30.489163 node=gpu event=gpu_started op_id=map/B:b5/a1/s4/g1.84 tenant=B units=1 state=RUNNING committed=12
t=30.529234 node=gpu event=gpu_release_complete op_id=map/B:b5/a1/s0/g1.80 tenant=B units=1 state=SUCCEEDED committed=11
t=30.551185 node=gpu event=gpu_started op_id=map/A:q32/a1/s0/g1.88 tenant=A units=1 state=RUNNING committed=11
t=30.564348 node=gpu event=gpu_started op_id=map/A:q31/a1/s0/g1.87 tenant=A units=1 state=RUNNING committed=11
t=30.603159 node=gpu event=gpu_finished op_id=reduce/A:q29/a1/r0 tenant=A units=1 state=SUCCEEDED committed=11
t=30.611855 node=gpu event=gpu_finished op_id=reduce/B:b4/a1/r0 tenant=B units=1 state=SUCCEEDED committed=11
t=30.631384 node=gpu event=gpu_release_requested op_id=map/B:b5/a1/s2/g1.82 tenant=B units=1 state=SUCCEEDED committed=11
t=30.635184 node=gpu event=gpu_finished op_id=map/B:b5/a1/s1/g1.81 tenant=B units=1 state=SUCCEEDED committed=11
t=30.661340 node=gpu event=gpu_release_requested op_id=map/B:b5/a1/s1/g1.81 tenant=B units=1 state=SUCCEEDED committed=11
t=30.804315 node=gpu event=gpu_release_requested op_id=reduce/B:b4/a1/r0 tenant=B units=1 state=SUCCEEDED committed=11
t=30.860977 node=gpu event=gpu_release_complete op_id=map/B:b5/a1/s2/g1.82 tenant=B units=1 state=SUCCEEDED committed=10
t=30.888413 node=gpu event=gpu_release_complete op_id=reduce/B:b4/a1/r0 tenant=B units=1 state=SUCCEEDED committed=9
t=30.908313 node=gpu event=gpu_release_complete op_id=map/B:b5/a1/s1/g1.81 tenant=B units=1 state=SUCCEEDED committed=8
t=31.069974 node=gpu event=gpu_started op_id=map/A:q30/a1/s0/g1.86 tenant=A units=1 state=RUNNING committed=8
t=31.116711 node=gpu event=gpu_accepted op_id=map/A:q33/a1/s0/g1.89 tenant=A units=1 state=PENDING committed=9
t=31.194252 node=gpu event=gpu_finished op_id=map/B:b5/a1/s5/g1.85 tenant=B units=1 state=SUCCEEDED committed=9
t=31.455614 node=gpu event=gpu_finished op_id=map/B:b5/a1/s3/g1.83 tenant=B units=1 state=SUCCEEDED committed=9
t=31.489163 node=gpu event=gpu_finished op_id=map/B:b5/a1/s4/g1.84 tenant=B units=1 state=SUCCEEDED committed=9
t=31.524856 node=gpu event=gpu_started op_id=map/A:q33/a1/s0/g1.89 tenant=A units=1 state=RUNNING committed=9
t=31.551185 node=gpu event=gpu_finished op_id=map/A:q32/a1/s0/g1.88 tenant=A units=1 state=SUCCEEDED committed=9
t=31.564348 node=gpu event=gpu_finished op_id=map/A:q31/a1/s0/g1.87 tenant=A units=1 state=SUCCEEDED committed=9
t=31.664190 node=gpu event=gpu_release_requested op_id=map/B:b5/a1/s3/g1.83 tenant=B units=1 state=SUCCEEDED committed=9
t=31.685308 node=gpu event=gpu_release_requested op_id=map/A:q31/a1/s0/g1.87 tenant=A units=1 state=SUCCEEDED committed=9
t=31.695076 node=gpu event=gpu_accepted op_id=reduce/A:q31/a1/r0 tenant=A units=1 state=PENDING committed=10
t=31.854102 node=gpu event=gpu_release_requested op_id=map/A:q32/a1/s0/g1.88 tenant=A units=1 state=SUCCEEDED committed=10
t=31.874038 node=gpu event=gpu_accepted op_id=reduce/B:b5/a1/r0 tenant=B units=1 state=PENDING committed=11
t=31.908657 node=gpu event=gpu_release_complete op_id=map/B:b5/a1/s3/g1.83 tenant=B units=1 state=SUCCEEDED committed=10
t=31.938852 node=gpu event=gpu_started op_id=reduce/A:q31/a1/r0 tenant=A units=1 state=RUNNING committed=10
t=31.948897 node=gpu event=gpu_accepted op_id=reduce/A:q32/a1/r0 tenant=A units=1 state=PENDING committed=11
t=31.955175 node=gpu event=gpu_release_complete op_id=map/A:q31/a1/s0/g1.87 tenant=A units=1 state=SUCCEEDED committed=10
t=31.996915 node=gpu event=gpu_release_requested op_id=map/B:b5/a1/s4/g1.84 tenant=B units=1 state=SUCCEEDED committed=10
t=32.011947 node=gpu event=gpu_release_complete op_id=map/A:q32/a1/s0/g1.88 tenant=A units=1 state=SUCCEEDED committed=9
t=32.043667 node=gpu event=gpu_release_requested op_id=reduce/A:q28/a1/r1 tenant=A units=1 state=SUCCEEDED committed=9
t=32.058530 node=gpu event=gpu_accepted op_id=map/A:q34/a1/s0/g1.90 tenant=A units=1 state=PENDING committed=10
t=32.069974 node=gpu event=gpu_finished op_id=map/A:q30/a1/s0/g1.86 tenant=A units=1 state=SUCCEEDED committed=10
t=32.100459 node=gpu event=gpu_accepted op_id=reduce/A:q30/a1/r0 tenant=A units=1 state=PENDING committed=11
t=32.104648 node=gpu event=gpu_release_requested op_id=map/A:q30/a1/s0/g1.86 tenant=A units=1 state=SUCCEEDED committed=11
t=32.134264 node=gpu event=gpu_release_complete op_id=reduce/A:q28/a1/r1 tenant=A units=1 state=SUCCEEDED committed=10
t=32.203156 node=gpu event=gpu_release_requested op_id=reduce/A:q29/a1/r0 tenant=A units=1 state=SUCCEEDED committed=10
t=32.218399 node=gpu event=gpu_release_complete op_id=map/B:b5/a1/s4/g1.84 tenant=B units=1 state=SUCCEEDED committed=9
t=32.293267 node=gpu event=gpu_release_complete op_id=reduce/A:q29/a1/r0 tenant=A units=1 state=SUCCEEDED committed=8
t=32.396121 node=gpu event=gpu_release_complete op_id=map/A:q30/a1/s0/g1.86 tenant=A units=1 state=SUCCEEDED committed=7
t=32.438852 node=gpu event=gpu_finished op_id=reduce/A:q31/a1/r0 tenant=A units=1 state=SUCCEEDED committed=7
t=32.491916 node=gpu event=gpu_started op_id=reduce/B:b5/a1/r0 tenant=B units=1 state=RUNNING committed=7
t=32.524856 node=gpu event=gpu_finished op_id=map/A:q33/a1/s0/g1.89 tenant=A units=1 state=SUCCEEDED committed=7
t=32.623222 node=gpu event=gpu_started op_id=reduce/A:q32/a1/r0 tenant=A units=1 state=RUNNING committed=7
t=32.662789 node=gpu event=gpu_release_requested op_id=map/B:b5/a1/s5/g1.85 tenant=B units=1 state=SUCCEEDED committed=7
t=32.707418 node=gpu event=gpu_accepted op_id=map/A:q35/a1/s0/g1.91 tenant=A units=1 state=PENDING committed=8
t=32.724911 node=gpu event=gpu_release_requested op_id=reduce/A:q31/a1/r0 tenant=A units=1 state=SUCCEEDED committed=8
t=32.726799 node=gpu event=gpu_release_complete op_id=map/B:b5/a1/s5/g1.85 tenant=B units=1 state=SUCCEEDED committed=7
t=32.764202 node=gpu event=gpu_accepted op_id=reduce/A:q33/a1/r0 tenant=A units=1 state=PENDING committed=8
t=32.787842 node=gpu event=gpu_release_requested op_id=map/A:q33/a1/s0/g1.89 tenant=A units=1 state=SUCCEEDED committed=8
t=32.797912 node=gpu event=gpu_started op_id=map/A:q34/a1/s0/g1.90 tenant=A units=1 state=RUNNING committed=8
t=32.859521 node=gpu event=gpu_started op_id=reduce/A:q30/a1/r0 tenant=A units=1 state=RUNNING committed=8
t=32.884735 node=gpu event=gpu_release_complete op_id=map/A:q33/a1/s0/g1.89 tenant=A units=1 state=SUCCEEDED committed=7
t=32.953987 node=gpu event=gpu_release_complete op_id=reduce/A:q31/a1/r0 tenant=A units=1 state=SUCCEEDED committed=6
t=32.991916 node=gpu event=gpu_finished op_id=reduce/B:b5/a1/r0 tenant=B units=1 state=SUCCEEDED committed=6
t=33.081694 node=gpu event=gpu_release_requested op_id=reduce/B:b5/a1/r0 tenant=B units=1 state=SUCCEEDED committed=6
t=33.123222 node=gpu event=gpu_finished op_id=reduce/A:q32/a1/r0 tenant=A units=1 state=SUCCEEDED committed=6
t=33.221515 node=gpu event=gpu_release_requested op_id=reduce/A:q32/a1/r0 tenant=A units=1 state=SUCCEEDED committed=6
t=33.270560 node=gpu event=gpu_release_complete op_id=reduce/B:b5/a1/r0 tenant=B units=1 state=SUCCEEDED committed=5
t=33.334807 node=gpu event=gpu_started op_id=map/A:q35/a1/s0/g1.91 tenant=A units=1 state=RUNNING committed=5
t=33.359521 node=gpu event=gpu_finished op_id=reduce/A:q30/a1/r0 tenant=A units=1 state=SUCCEEDED committed=5
t=33.443719 node=gpu event=gpu_started op_id=reduce/A:q33/a1/r0 tenant=A units=1 state=RUNNING committed=5
t=33.489329 node=gpu event=gpu_release_complete op_id=reduce/A:q32/a1/r0 tenant=A units=1 state=SUCCEEDED committed=4
t=33.602263 node=gpu event=gpu_accepted op_id=map/B:b6/a1/s0/g1.92 tenant=B units=1 state=PENDING committed=5
t=33.607452 node=gpu event=gpu_accepted op_id=map/B:b6/a1/s4/g1.96 tenant=B units=1 state=PENDING committed=6
t=33.609366 node=gpu event=gpu_accepted op_id=map/B:b6/a1/s5/g1.97 tenant=B units=1 state=PENDING committed=7
t=33.611057 node=gpu event=gpu_accepted op_id=map/B:b6/a1/s2/g1.94 tenant=B units=1 state=PENDING committed=8
t=33.615895 node=gpu event=gpu_accepted op_id=map/B:b6/a1/s3/g1.95 tenant=B units=1 state=PENDING committed=9
t=33.795831 node=gpu event=gpu_accepted op_id=map/B:b6/a1/s1/g1.93 tenant=B units=1 state=PENDING committed=10
t=33.797912 node=gpu event=gpu_finished op_id=map/A:q34/a1/s0/g1.90 tenant=A units=1 state=SUCCEEDED committed=10
t=33.808137 node=gpu event=gpu_accepted op_id=map/A:q36/a1/s0/g1.98 tenant=A units=1 state=PENDING committed=11
t=33.818651 node=gpu event=gpu_accepted op_id=reduce/A:q34/a1/r0 tenant=A units=1 state=PENDING committed=12
t=33.831965 node=gpu event=gpu_release_requested op_id=map/A:q34/a1/s0/g1.90 tenant=A units=1 state=SUCCEEDED committed=12
t=33.900496 node=gpu event=gpu_release_complete op_id=map/A:q34/a1/s0/g1.90 tenant=A units=1 state=SUCCEEDED committed=11
t=33.937724 node=gpu event=gpu_started op_id=map/B:b6/a1/s0/g1.92 tenant=B units=1 state=RUNNING committed=11
t=33.943719 node=gpu event=gpu_finished op_id=reduce/A:q33/a1/r0 tenant=A units=1 state=SUCCEEDED committed=11
t=34.077388 node=gpu event=gpu_started op_id=map/B:b6/a1/s1/g1.93 tenant=B units=1 state=RUNNING committed=11
t=34.164234 node=gpu event=gpu_started op_id=map/B:b6/a1/s4/g1.96 tenant=B units=1 state=RUNNING committed=11
t=34.188359 node=gpu event=gpu_started op_id=map/B:b6/a1/s5/g1.97 tenant=B units=1 state=RUNNING committed=11
t=34.234250 node=gpu event=gpu_started op_id=map/B:b6/a1/s3/g1.95 tenant=B units=1 state=RUNNING committed=11
t=34.330515 node=gpu event=gpu_started op_id=map/B:b6/a1/s2/g1.94 tenant=B units=1 state=RUNNING committed=11
t=34.334807 node=gpu event=gpu_finished op_id=map/A:q35/a1/s0/g1.91 tenant=A units=1 state=FAILED committed=11
t=34.537956 node=gpu event=gpu_started op_id=map/A:q36/a1/s0/g1.98 tenant=A units=1 state=RUNNING committed=11
t=34.572443 node=gpu event=gpu_started op_id=reduce/A:q34/a1/r0 tenant=A units=1 state=RUNNING committed=11
t=34.600952 node=gpu event=gpu_accepted op_id=map/A:q37/a1/s0/g1.99 tenant=A units=1 state=PENDING committed=12
t=34.937724 node=gpu event=gpu_finished op_id=map/B:b6/a1/s0/g1.92 tenant=B units=1 state=SUCCEEDED committed=12
t=34.971066 node=gpu event=gpu_release_requested op_id=map/A:q35/a1/s0/g1.91 tenant=A units=1 state=FAILED committed=12
t=35.072443 node=gpu event=gpu_finished op_id=reduce/A:q34/a1/r0 tenant=A units=1 state=FAILED committed=12
t=35.077388 node=gpu event=gpu_finished op_id=map/B:b6/a1/s1/g1.93 tenant=B units=1 state=SUCCEEDED committed=12
t=35.102533 node=gpu event=gpu_started op_id=map/A:q37/a1/s0/g1.99 tenant=A units=1 state=RUNNING committed=12
t=35.114567 node=gpu event=gpu_release_requested op_id=reduce/A:q34/a1/r0 tenant=A units=1 state=FAILED committed=12
t=35.136507 node=gpu event=gpu_release_complete op_id=map/A:q35/a1/s0/g1.91 tenant=A units=1 state=FAILED committed=11
t=35.164234 node=gpu event=gpu_finished op_id=map/B:b6/a1/s4/g1.96 tenant=B units=1 state=SUCCEEDED committed=11
t=35.188359 node=gpu event=gpu_finished op_id=map/B:b6/a1/s5/g1.97 tenant=B units=1 state=SUCCEEDED committed=11
t=35.234250 node=gpu event=gpu_finished op_id=map/B:b6/a1/s3/g1.95 tenant=B units=1 state=SUCCEEDED committed=11
t=35.278925 node=gpu event=gpu_release_complete op_id=reduce/A:q34/a1/r0 tenant=A units=1 state=FAILED committed=10
t=35.281973 node=gpu event=gpu_accepted op_id=reduce/A:q34/a1/r1 tenant=A units=1 state=PENDING committed=11
t=35.292865 node=gpu event=gpu_release_requested op_id=map/B:b6/a1/s4/g1.96 tenant=B units=1 state=SUCCEEDED committed=11
t=35.318194 node=gpu event=gpu_accepted op_id=map/A:q35/a1/s0/g1.100 tenant=A units=1 state=PENDING committed=12
t=35.330515 node=gpu event=gpu_finished op_id=map/B:b6/a1/s2/g1.94 tenant=B units=1 state=SUCCEEDED committed=12
t=35.353082 node=gpu event=gpu_release_requested op_id=reduce/A:q33/a1/r0 tenant=A units=1 state=SUCCEEDED committed=12
t=35.369633 node=gpu event=gpu_release_complete op_id=map/B:b6/a1/s4/g1.96 tenant=B units=1 state=SUCCEEDED committed=11
t=35.384695 node=gpu event=gpu_release_requested op_id=map/B:b6/a1/s0/g1.92 tenant=B units=1 state=SUCCEEDED committed=11
t=35.408904 node=gpu event=gpu_release_complete op_id=reduce/A:q33/a1/r0 tenant=A units=1 state=SUCCEEDED committed=10
t=35.412131 node=gpu event=gpu_release_requested op_id=map/B:b6/a1/s1/g1.93 tenant=B units=1 state=SUCCEEDED committed=10
t=35.537956 node=gpu event=gpu_finished op_id=map/A:q36/a1/s0/g1.98 tenant=A units=1 state=SUCCEEDED committed=10
t=35.548002 node=gpu event=gpu_release_requested op_id=map/B:b6/a1/s3/g1.95 tenant=B units=1 state=SUCCEEDED committed=10
t=35.576398 node=gpu event=gpu_release_complete op_id=map/B:b6/a1/s1/g1.93 tenant=B units=1 state=SUCCEEDED committed=9
t=35.602800 node=gpu event=gpu_release_complete op_id=map/B:b6/a1/s0/g1.92 tenant=B units=1 state=SUCCEEDED committed=8
t=35.610087 node=gpu event=gpu_accepted op_id=reduce/B:b6/a1/r0 tenant=B units=1 state=PENDING committed=9
t=35.621699 node=gpu event=gpu_started op_id=reduce/A:q34/a1/r1 tenant=A units=1 state=RUNNING committed=9
t=35.623347 node=gpu event=gpu_release_requested op_id=map/B:b6/a1/s5/g1.97 tenant=B units=1 state=SUCCEEDED committed=9
t=35.634099 node=gpu event=gpu_accepted op_id=reduce/A:q36/a1/r0 tenant=A units=1 state=PENDING committed=10
t=35.670719 node=gpu event=gpu_release_requested op_id=map/A:q36/a1/s0/g1.98 tenant=A units=1 state=SUCCEEDED committed=10
t=35.690440 node=gpu event=gpu_release_requested op_id=map/B:b6/a1/s2/g1.94 tenant=B units=1 state=SUCCEEDED committed=10
t=35.707731 node=gpu event=gpu_release_complete op_id=map/B:b6/a1/s3/g1.95 tenant=B units=1 state=SUCCEEDED committed=9
t=35.723510 node=gpu event=gpu_release_complete op_id=map/A:q36/a1/s0/g1.98 tenant=A units=1 state=SUCCEEDED committed=8
t=35.853470 node=gpu event=gpu_release_complete op_id=map/B:b6/a1/s5/g1.97 tenant=B units=1 state=SUCCEEDED committed=7
t=35.960336 node=gpu event=gpu_release_complete op_id=map/B:b6/a1/s2/g1.94 tenant=B units=1 state=SUCCEEDED committed=6
t=35.973086 node=gpu event=gpu_release_requested op_id=reduce/A:q30/a1/r0 tenant=A units=1 state=SUCCEEDED committed=6
t=35.994262 node=gpu event=gpu_started op_id=map/A:q35/a1/s0/g1.100 tenant=A units=1 state=RUNNING committed=6
t=36.044508 node=gpu event=gpu_accepted op_id=map/A:q38/a1/s0/g1.101 tenant=A units=1 state=PENDING committed=7
t=36.102533 node=gpu event=gpu_finished op_id=map/A:q37/a1/s0/g1.99 tenant=A units=1 state=FAILED committed=7
t=36.116071 node=gpu event=gpu_started op_id=reduce/A:q36/a1/r0 tenant=A units=1 state=RUNNING committed=7
t=36.121699 node=gpu event=gpu_finished op_id=reduce/A:q34/a1/r1 tenant=A units=1 state=SUCCEEDED committed=7
t=36.177033 node=gpu event=gpu_release_complete op_id=reduce/A:q30/a1/r0 tenant=A units=1 state=SUCCEEDED committed=6
t=36.202447 node=gpu event=gpu_started op_id=reduce/B:b6/a1/r0 tenant=B units=1 state=RUNNING committed=6
t=36.324036 node=gpu event=gpu_accepted op_id=map/A:q39/a1/s0/g1.102 tenant=A units=1 state=PENDING committed=7
t=36.345539 node=gpu event=gpu_release_requested op_id=map/A:q37/a1/s0/g1.99 tenant=A units=1 state=FAILED committed=7
t=36.481702 node=gpu event=gpu_release_requested op_id=reduce/A:q34/a1/r1 tenant=A units=1 state=SUCCEEDED committed=7
t=36.591305 node=gpu event=gpu_release_complete op_id=map/A:q37/a1/s0/g1.99 tenant=A units=1 state=FAILED committed=6
t=36.616071 node=gpu event=gpu_finished op_id=reduce/A:q36/a1/r0 tenant=A units=1 state=FAILED committed=6
t=36.702447 node=gpu event=gpu_finished op_id=reduce/B:b6/a1/r0 tenant=B units=1 state=SUCCEEDED committed=6
t=36.705166 node=gpu event=gpu_started op_id=map/A:q39/a1/s0/g1.102 tenant=A units=1 state=RUNNING committed=6
t=36.715632 node=gpu event=gpu_release_complete op_id=reduce/A:q34/a1/r1 tenant=A units=1 state=SUCCEEDED committed=5
t=36.739389 node=gpu event=gpu_accepted op_id=map/A:q37/a1/s0/g1.103 tenant=A units=1 state=PENDING committed=6
t=36.789502 node=gpu event=gpu_started op_id=map/A:q38/a1/s0/g1.101 tenant=A units=1 state=RUNNING committed=6
t=36.819039 node=gpu event=gpu_release_requested op_id=reduce/A:q36/a1/r0 tenant=A units=1 state=FAILED committed=6
t=36.939236 node=gpu event=gpu_release_requested op_id=reduce/B:b6/a1/r0 tenant=B units=1 state=SUCCEEDED committed=6
t=36.994262 node=gpu event=gpu_finished op_id=map/A:q35/a1/s0/g1.100 tenant=A units=1 state=SUCCEEDED committed=6
t=37.016752 node=gpu event=gpu_release_complete op_id=reduce/A:q36/a1/r0 tenant=A units=1 state=FAILED committed=5
t=37.031342 node=gpu event=gpu_accepted op_id=reduce/A:q36/a1/r1 tenant=A units=1 state=PENDING committed=6
t=37.108372 node=gpu event=gpu_release_complete op_id=reduce/B:b6/a1/r0 tenant=B units=1 state=SUCCEEDED committed=5
t=37.333486 node=gpu event=gpu_started op_id=map/A:q37/a1/s0/g1.103 tenant=A units=1 state=RUNNING committed=5
t=37.405755 node=gpu event=gpu_accepted op_id=reduce/A:q35/a1/r0 tenant=A units=1 state=PENDING committed=6
t=37.424660 node=gpu event=gpu_accepted op_id=map/A:q40/a1/s0/g1.104 tenant=A units=1 state=PENDING committed=7
t=37.428198 node=gpu event=gpu_started op_id=reduce/A:q36/a1/r1 tenant=A units=1 state=RUNNING committed=7
t=37.578448 node=gpu event=gpu_release_requested op_id=map/A:q35/a1/s0/g1.100 tenant=A units=1 state=SUCCEEDED committed=7
t=37.685462 node=gpu event=gpu_release_complete op_id=map/A:q35/a1/s0/g1.100 tenant=A units=1 state=SUCCEEDED committed=6
t=37.705166 node=gpu event=gpu_finished op_id=map/A:q39/a1/s0/g1.102 tenant=A units=1 state=SUCCEEDED committed=6
t=37.789502 node=gpu event=gpu_finished op_id=map/A:q38/a1/s0/g1.101 tenant=A units=1 state=SUCCEEDED committed=6
t=37.928198 node=gpu event=gpu_finished op_id=reduce/A:q36/a1/r1 tenant=A units=1 state=SUCCEEDED committed=6
t=37.930972 node=gpu event=gpu_accepted op_id=reduce/A:q39/a1/r0 tenant=A units=1 state=PENDING committed=7
t=38.101122 node=gpu event=gpu_release_requested op_id=map/A:q39/a1/s0/g1.102 tenant=A units=1 state=SUCCEEDED committed=7
t=38.120459 node=gpu event=gpu_started op_id=map/A:q40/a1/s0/g1.104 tenant=A units=1 state=RUNNING committed=7
t=38.138126 node=gpu event=gpu_started op_id=reduce/A:q35/a1/r0 tenant=A units=1 state=RUNNING committed=7
t=38.243523 node=gpu event=gpu_release_requested op_id=reduce/A:q36/a1/r1 tenant=A units=1 state=SUCCEEDED committed=7
t=38.333486 node=gpu event=gpu_finished op_id=map/A:q37/a1/s0/g1.103 tenant=A units=1 state=FAILED committed=7
t=38.335956 node=gpu event=gpu_release_complete op_id=reduce/A:q36/a1/r1 tenant=A units=1 state=SUCCEEDED committed=6
t=38.369784 node=gpu event=gpu_release_complete op_id=map/A:q39/a1/s0/g1.102 tenant=A units=1 state=SUCCEEDED committed=5
t=38.411894 node=gpu event=gpu_release_requested op_id=map/A:q37/a1/s0/g1.103 tenant=A units=1 state=FAILED committed=5
t=38.413275 node=gpu event=gpu_accepted op_id=map/B:b7/a1/s4/g1.110 tenant=B units=1 state=PENDING committed=6
t=38.422523 node=gpu event=gpu_accepted op_id=map/B:b7/a1/s0/g1.106 tenant=B units=1 state=PENDING committed=7
t=38.422523 node=gpu event=gpu_accepted op_id=map/B:b7/a1/s1/g1.107 tenant=B units=1 state=PENDING committed=8
t=38.493258 node=gpu event=gpu_release_complete op_id=map/A:q37/a1/s0/g1.103 tenant=A units=1 state=FAILED committed=7
t=38.493956 node=gpu event=gpu_accepted op_id=map/A:q41/a1/s0/g1.105 tenant=A units=1 state=PENDING committed=8
t=38.494433 node=gpu event=gpu_started op_id=reduce/A:q39/a1/r0 tenant=A units=1 state=RUNNING committed=8
t=38.605209 node=gpu event=gpu_accepted op_id=map/B:b7/a1/s3/g1.109 tenant=B units=1 state=PENDING committed=9
t=38.638126 node=gpu event=gpu_finished op_id=reduce/A:q35/a1/r0 tenant=A units=1 state=SUCCEEDED committed=9
t=38.726081 node=gpu event=gpu_started op_id=map/B:b7/a1/s1/g1.107 tenant=B units=1 state=RUNNING committed=9
t=38.870057 node=gpu event=gpu_release_requested op_id=reduce/A:q35/a1/r0 tenant=A units=1 state=SUCCEEDED committed=9
t=38.994433 node=gpu event=gpu_finished op_id=reduce/A:q39/a1/r0 tenant=A units=1 state=SUCCEEDED committed=9
t=39.015222 node=gpu event=gpu_started op_id=map/B:b7/a1/s3/g1.109 tenant=B units=1 state=RUNNING committed=9
t=39.087782 node=gpu event=gpu_started op_id=map/B:b7/a1/s0/g1.106 tenant=B units=1 state=RUNNING committed=9
t=39.098161 node=gpu event=gpu_started op_id=map/B:b7/a1/s4/g1.110 tenant=B units=1 state=RUNNING committed=9
t=39.120459 node=gpu event=gpu_finished op_id=map/A:q40/a1/s0/g1.104 tenant=A units=1 state=SUCCEEDED committed=9
t=39.163069 node=gpu event=gpu_release_complete op_id=reduce/A:q35/a1/r0 tenant=A units=1 state=SUCCEEDED committed=8
t=39.241253 node=gpu event=gpu_started op_id=map/A:q41/a1/s0/g1.105 tenant=A units=1 state=RUNNING committed=8
t=39.310368 node=gpu event=gpu_release_requested op_id=reduce/A:q39/a1/r0 tenant=A units=1 state=SUCCEEDED committed=8
t=39.311722 node=gpu event=gpu_accepted op_id=map/B:b7/a1/s5/g1.111 tenant=B units=1 state=PENDING committed=9
t=39.515106 node=gpu event=gpu_release_complete op_id=reduce/A:q39/a1/r0 tenant=A units=1 state=SUCCEEDED committed=8
t=39.647105 node=gpu event=gpu_started op_id=map/B:b7/a1/s5/g1.111 tenant=B units=1 state=RUNNING committed=8
t=39.726081 node=gpu event=gpu_finished op_id=map/B:b7/a1/s1/g1.107 tenant=B units=1 state=FAILED committed=8
t=40.015222 node=gpu event=gpu_finished op_id=map/B:b7/a1/s3/g1.109 tenant=B units=1 state=SUCCEEDED committed=8
t=40.087782 node=gpu event=gpu_finished op_id=map/B:b7/a1/s0/g1.106 tenant=B units=1 state=SUCCEEDED committed=8
t=40.098161 node=gpu event=gpu_finished op_id=map/B:b7/a1/s4/g1.110 tenant=B units=1 state=FAILED committed=8
t=40.111092 node=gpu event=gpu_release_requested op_id=map/B:b7/a1/s3/g1.109 tenant=B units=1 state=SUCCEEDED committed=8
t=40.124599 node=gpu event=gpu_release_requested op_id=map/B:b7/a1/s1/g1.107 tenant=B units=1 state=FAILED committed=8
t=40.127984 node=gpu event=gpu_release_requested op_id=map/A:q40/a1/s0/g1.104 tenant=A units=1 state=SUCCEEDED committed=8
t=40.128225 node=gpu event=gpu_accepted op_id=reduce/A:q40/a1/r0 tenant=A units=1 state=PENDING committed=9
t=40.216011 node=gpu event=gpu_accepted op_id=map/A:q37/a2/s0/g1.113 tenant=A units=1 state=PENDING committed=10
t=40.241253 node=gpu event=gpu_finished op_id=map/A:q41/a1/s0/g1.105 tenant=A units=1 state=SUCCEEDED committed=10
t=40.246321 node=gpu event=gpu_release_complete op_id=map/A:q40/a1/s0/g1.104 tenant=A units=1 state=SUCCEEDED committed=9
t=40.266881 node=gpu event=gpu_release_complete op_id=map/B:b7/a1/s3/g1.109 tenant=B units=1 state=SUCCEEDED committed=8
t=40.270222 node=gpu event=gpu_release_requested op_id=map/B:b7/a1/s4/g1.110 tenant=B units=1 state=FAILED committed=8
t=40.281692 node=gpu event=gpu_release_complete op_id=map/B:b7/a1/s1/g1.107 tenant=B units=1 state=FAILED committed=7
t=40.405470 node=gpu event=gpu_accepted op_id=map/B:b7/a1/s2/g1.114 tenant=B units=1 state=PENDING committed=8
t=40.459152 node=gpu event=gpu_release_requested op_id=map/B:b7/a1/s0/g1.106 tenant=B units=1 state=SUCCEEDED committed=8
t=40.467703 node=gpu event=gpu_started op_id=reduce/A:q40/a1/r0 tenant=A units=1 state=RUNNING committed=8
t=40.557561 node=gpu event=gpu_accepted op_id=reduce/A:q41/a1/r0 tenant=A units=1 state=PENDING committed=9
t=40.560181 node=gpu event=gpu_release_complete op_id=map/B:b7/a1/s4/g1.110 tenant=B units=1 state=FAILED committed=8
t=40.601003 node=gpu event=gpu_started op_id=map/A:q37/a2/s0/g1.113 tenant=A units=1 state=RUNNING committed=8
t=40.626349 node=gpu event=gpu_release_requested op_id=map/A:q41/a1/s0/g1.105 tenant=A units=1 state=SUCCEEDED committed=8
t=40.630321 node=gpu event=gpu_accepted op_id=map/B:b7/a1/s4/g1.116 tenant=B units=1 state=PENDING committed=9
t=40.647105 node=gpu event=gpu_finished op_id=map/B:b7/a1/s5/g1.111 tenant=B units=1 state=SUCCEEDED committed=9
t=40.715438 node=gpu event=gpu_release_complete op_id=map/B:b7/a1/s0/g1.106 tenant=B units=1 state=SUCCEEDED committed=8
t=40.733758 node=gpu event=gpu_release_requested op_id=map/B:b7/a1/s5/g1.111 tenant=B units=1 state=SUCCEEDED committed=8
t=40.778084 node=gpu event=gpu_accepted op_id=map/A:q43/a1/s0/g1.115 tenant=A units=1 state=PENDING committed=9
t=40.791456 node=gpu event=gpu_release_complete op_id=map/A:q41/a1/s0/g1.105 tenant=A units=1 state=SUCCEEDED committed=8
t=40.807578 node=gpu event=gpu_accepted op_id=map/B:b7/a1/s1/g1.117 tenant=B units=1 state=PENDING committed=9
t=40.883117 node=gpu event=gpu_release_complete op_id=map/B:b7/a1/s5/g1.111 tenant=B units=1 state=SUCCEEDED committed=8
t=40.967703 node=gpu event=gpu_finished op_id=reduce/A:q40/a1/r0 tenant=A units=1 state=SUCCEEDED committed=8
t=41.009856 node=gpu event=gpu_accepted op_id=map/A:q44/a1/s0/g1.118 tenant=A units=1 state=PENDING committed=9
t=41.035455 node=gpu event=gpu_started op_id=map/A:q43/a1/s0/g1.115 tenant=A units=1 state=RUNNING committed=9
t=41.062864 node=gpu event=gpu_started op_id=map/B:b7/a1/s2/g1.114 tenant=B units=1 state=RUNNING committed=9
t=41.065582 node=gpu event=gpu_started op_id=reduce/A:q41/a1/r0 tenant=A units=1 state=RUNNING committed=9
t=41.070868 node=gpu event=gpu_release_requested op_id=reduce/A:q40/a1/r0 tenant=A units=1 state=SUCCEEDED committed=9
t=41.265598 node=gpu event=gpu_release_complete op_id=reduce/A:q40/a1/r0 tenant=A units=1 state=SUCCEEDED committed=8
t=41.324465 node=gpu event=gpu_started op_id=map/B:b7/a1/s4/g1.116 tenant=B units=1 state=RUNNING committed=8
t=41.452050 node=gpu event=gpu_started op_id=map/A:q44/a1/s0/g1.118 tenant=A units=1 state=RUNNING committed=8
t=41.537372 node=gpu event=gpu_started op_id=map/B:b7/a1/s1/g1.117 tenant=B units=1 state=RUNNING committed=8
t=41.565582 node=gpu event=gpu_finished op_id=reduce/A:q41/a1/r0 tenant=A units=1 state=SUCCEEDED committed=8
t=41.601003 node=gpu event=gpu_finished op_id=map/A:q37/a2/s0/g1.113 tenant=A units=1 state=SUCCEEDED committed=8
t=41.694031 node=gpu event=gpu_accepted op_id=reduce/A:q37/a2/r0 tenant=A units=1 state=PENDING committed=9
t=41.697612 node=gpu event=gpu_release_requested op_id=map/A:q37/a2/s0/g1.113 tenant=A units=1 state=SUCCEEDED committed=9
t=41.759449 node=gpu event=gpu_release_requested op_id=reduce/A:q41/a1/r0 tenant=A units=1 state=SUCCEEDED committed=9
t=41.812154 node=gpu event=gpu_accepted op_id=map/A:q45/a1/s0/g1.120 tenant=A units=1 state=PENDING committed=10
t=41.814505 node=gpu event=gpu_release_complete op_id=map/A:q37/a2/s0/g1.113 tenant=A units=1 state=SUCCEEDED committed=9
t=41.822096 node=gpu event=gpu_release_complete op_id=reduce/A:q41/a1/r0 tenant=A units=1 state=SUCCEEDED committed=8
t=42.035455 node=gpu event=gpu_finished op_id=map/A:q43/a1/s0/g1.115 tenant=A units=1 state=SUCCEEDED committed=8
t=42.062864 node=gpu event=gpu_finished op_id=map/B:b7/a1/s2/g1.114 tenant=B units=1 state=SUCCEEDED committed=8
t=42.133696 node=gpu event=gpu_started op_id=reduce/A:q37/a2/r0 tenant=A units=1 state=RUNNING committed=8
t=42.179749 node=gpu event=gpu_release_requested op_id=map/B:b7/a1/s2/g1.114 tenant=B units=1 state=SUCCEEDED committed=8
t=42.238637 node=gpu event=gpu_release_complete op_id=map/B:b7/a1/s2/g1.114 tenant=B units=1 state=SUCCEEDED committed=7
t=42.324465 node=gpu event=gpu_finished op_id=map/B:b7/a1/s4/g1.116 tenant=B units=1 state=SUCCEEDED committed=7
t=42.370953 node=gpu event=gpu_accepted op_id=reduce/A:q43/a1/r0 tenant=A units=1 state=PENDING committed=8
t=42.400800 node=gpu event=gpu_accepted op_id=map/A:q42/a1/s0/g1.119 tenant=A units=1 state=PENDING committed=9
t=42.401921 node=gpu event=gpu_release_requested op_id=map/A:q43/a1/s0/g1.115 tenant=A units=1 state=SUCCEEDED committed=9
t=42.435596 node=gpu event=gpu_started op_id=map/A:q45/a1/s0/g1.120 tenant=A units=1 state=RUNNING committed=9
t=42.452050 node=gpu event=gpu_finished op_id=map/A:q44/a1/s0/g1.118 tenant=A units=1 state=SUCCEEDED committed=9
t=42.469078 node=gpu event=gpu_release_complete op_id=map/A:q43/a1/s0/g1.115 tenant=A units=1 state=SUCCEEDED committed=8
t=42.521240 node=gpu event=gpu_release_requested op_id=map/A:q38/a1/s0/g1.101 tenant=A units=1 state=SUCCEEDED committed=8
t=42.537372 node=gpu event=gpu_finished op_id=map/B:b7/a1/s1/g1.117 tenant=B units=1 state=SUCCEEDED committed=8
t=42.633696 node=gpu event=gpu_finished op_id=reduce/A:q37/a2/r0 tenant=A units=1 state=FAILED committed=8
t=42.638570 node=gpu event=gpu_accepted op_id=reduce/A:q44/a1/r0 tenant=A units=1 state=PENDING committed=9
t=42.687501 node=gpu event=gpu_release_requested op_id=map/B:b7/a1/s4/g1.116 tenant=B units=1 state=SUCCEEDED committed=9
t=42.719400 node=gpu event=gpu_release_complete op_id=map/A:q38/a1/s0/g1.101 tenant=A units=1 state=SUCCEEDED committed=8
t=42.804341 node=gpu event=gpu_started op_id=map/A:q42/a1/s0/g1.119 tenant=A units=1 state=RUNNING committed=8
t=42.808211 node=gpu event=gpu_accepted op_id=map/A:q46/a1/s0/g1.122 tenant=A units=1 state=PENDING committed=9
t=42.864462 node=gpu event=gpu_release_complete op_id=map/B:b7/a1/s4/g1.116 tenant=B units=1 state=SUCCEEDED committed=8
t=42.931077 node=gpu event=gpu_release_requested op_id=reduce/A:q37/a2/r0 tenant=A units=1 state=FAILED committed=8
t=42.998044 node=gpu event=gpu_accepted op_id=map/A:q38/a1/s0/g1.121 tenant=A units=1 state=PENDING committed=9
t=43.064552 node=gpu event=gpu_started op_id=reduce/A:q43/a1/r0 tenant=A units=1 state=RUNNING committed=9
t=43.083985 node=gpu event=gpu_accepted op_id=reduce/B:b7/a1/r0 tenant=B units=1 state=PENDING committed=10
t=43.109275 node=gpu event=gpu_release_requested op_id=map/B:b7/a1/s1/g1.117 tenant=B units=1 state=SUCCEEDED committed=10
t=43.138577 node=gpu event=gpu_release_complete op_id=reduce/A:q37/a2/r0 tenant=A units=1 state=FAILED committed=9
t=43.142107 node=gpu event=gpu_accepted op_id=reduce/A:q37/a2/r1 tenant=A units=1 state=PENDING committed=10
t=43.215712 node=gpu event=gpu_started op_id=map/A:q46/a1/s0/g1.122 tenant=A units=1 state=RUNNING committed=10
t=43.230115 node=gpu event=gpu_release_complete op_id=map/B:b7/a1/s1/g1.117 tenant=B units=1 state=SUCCEEDED committed=9
t=43.356262 node=gpu event=gpu_release_requested op_id=map/A:q44/a1/s0/g1.118 tenant=A units=1 state=SUCCEEDED committed=9
t=43.368768 node=gpu event=gpu_started op_id=reduce/A:q44/a1/r0 tenant=A units=1 state=RUNNING committed=9
t=43.392397 node=gpu event=gpu_started op_id=map/A:q38/a1/s0/g1.121 tenant=A units=1 state=RUNNING committed=9
t=43.435596 node=gpu event=gpu_finished op_id=map/A:q45/a1/s0/g1.120 tenant=A units=1 state=SUCCEEDED committed=9
t=43.439488 node=gpu event=gpu_release_complete op_id=map/A:q44/a1/s0/g1.118 tenant=A units=1 state=SUCCEEDED committed=8
t=43.512112 node=gpu event=gpu_accepted op_id=map/A:q47/a1/s0/g1.123 tenant=A units=1 state=PENDING committed=9
t=43.564552 node=gpu event=gpu_finished op_id=reduce/A:q43/a1/r0 tenant=A units=1 state=SUCCEEDED committed=9
t=43.611000 node=gpu event=gpu_accepted op_id=reduce/A:q45/a1/r0 tenant=A units=1 state=PENDING committed=10
t=43.615420 node=gpu event=gpu_started op_id=reduce/B:b7/a1/r0 tenant=B units=1 state=RUNNING committed=10
t=43.755640 node=gpu event=gpu_release_requested op_id=map/A:q45/a1/s0/g1.120 tenant=A units=1 state=SUCCEEDED committed=10
t=43.788893 node=gpu event=gpu_started op_id=reduce/A:q37/a2/r1 tenant=A units=1 state=RUNNING committed=10
t=43.804341 node=gpu event=gpu_finished op_id=map/A:q42/a1/s0/g1.119 tenant=A units=1 state=SUCCEEDED committed=10
t=43.868768 node=gpu event=gpu_finished op_id=reduce/A:q44/a1/r0 tenant=A units=1 state=SUCCEEDED committed=10
t=43.900857 node=gpu event=gpu_release_requested op_id=reduce/A:q44/a1/r0 tenant=A units=1 state=SUCCEEDED committed=10
t=43.904997 node=gpu event=gpu_accepted op_id=map/B:b8/a1/s3/g1.127 tenant=B units=1 state=PENDING committed=11
t=43.908351 node=gpu event=gpu_accepted op_id=map/B:b8/a1/s0/g1.124 tenant=B units=1 state=PENDING committed=12
t=43.948042 node=gpu event=gpu_release_complete op_id=map/A:q45/a1/s0/g1.120 tenant=A units=1 state=SUCCEEDED committed=11
t=44.085158 node=gpu event=gpu_accepted op_id=map/B:b8/a1/s2/g1.126 tenant=B units=1 state=PENDING committed=12
t=44.095338 node=gpu event=gpu_release_requested op_id=map/A:q42/a1/s0/g1.119 tenant=A units=1 state=SUCCEEDED committed=12
t=44.115420 node=gpu event=gpu_finished op_id=reduce/B:b7/a1/r0 tenant=B units=1 state=FAILED committed=12
t=44.153062 node=gpu event=gpu_started op_id=reduce/A:q45/a1/r0 tenant=A units=1 state=RUNNING committed=12
t=44.156098 node=gpu event=gpu_started op_id=map/A:q47/a1/s0/g1.123 tenant=A units=1 state=RUNNING committed=12
t=44.163051 node=gpu event=gpu_release_complete op_id=reduce/A:q44/a1/r0 tenant=A units=1 state=SUCCEEDED committed=11
t=44.168538 node=gpu event=gpu_release_complete op_id=map/A:q42/a1/s0/g1.119 tenant=A units=1 state=SUCCEEDED committed=10
t=44.192674 node=gpu event=gpu_accepted op_id=map/B:b8/a1/s1/g1.125 tenant=B units=1 state=PENDING committed=11
t=44.198979 node=gpu event=gpu_started op_id=map/B:b8/a1/s3/g1.127 tenant=B units=1 state=RUNNING committed=11
t=44.215712 node=gpu event=gpu_finished op_id=map/A:q46/a1/s0/g1.122 tenant=A units=1 state=FAILED committed=11
t=44.288893 node=gpu event=gpu_finished op_id=reduce/A:q37/a2/r1 tenant=A units=1 state=SUCCEEDED committed=11
t=44.292934 node=gpu event=gpu_accepted op_id=map/B:b8/a1/s4/g1.128 tenant=B units=1 state=PENDING committed=12
t=44.391396 node=gpu event=gpu_started op_id=map/B:b8/a1/s0/g1.124 tenant=B units=1 state=RUNNING committed=12
t=44.392397 node=gpu event=gpu_finished op_id=map/A:q38/a1/s0/g1.121 tenant=A units=1 state=FAILED committed=12
t=44.392923 node=gpu event=gpu_release_requested op_id=reduce/A:q37/a2/r1 tenant=A units=1 state=SUCCEEDED committed=12
t=44.431621 node=gpu event=gpu_release_requested op_id=map/A:q38/a1/s0/g1.121 tenant=A units=1 state=FAILED committed=12
t=44.434967 node=gpu event=gpu_release_requested op_id=map/A:q46/a1/s0/g1.122 tenant=A units=1 state=FAILED committed=12
t=44.542736 node=gpu event=gpu_release_requested op_id=reduce/B:b7/a1/r0 tenant=B units=1 state=FAILED committed=12
t=44.636659 node=gpu event=gpu_release_complete op_id=reduce/A:q37/a2/r1 tenant=A units=1 state=SUCCEEDED committed=11
t=44.653062 node=gpu event=gpu_finished op_id=reduce/A:q45/a1/r0 tenant=A units=1 state=SUCCEEDED committed=11
t=44.657191 node=gpu event=gpu_release_complete op_id=map/A:q38/a1/s0/g1.121 tenant=A units=1 state=FAILED committed=10
t=44.663190 node=gpu event=gpu_release_complete op_id=reduce/B:b7/a1/r0 tenant=B units=1 state=FAILED committed=9
t=44.696065 node=gpu event=gpu_release_complete op_id=map/A:q46/a1/s0/g1.122 tenant=A units=1 state=FAILED committed=8
t=44.722386 node=gpu event=gpu_accepted op_id=reduce/B:b7/a1/r1 tenant=B units=1 state=PENDING committed=9
t=44.836630 node=gpu event=gpu_started op_id=map/B:b8/a1/s2/g1.126 tenant=B units=1 state=RUNNING committed=9
t=44.856757 node=gpu event=gpu_accepted op_id=reduce/A:q42/a1/r0 tenant=A units=1 state=PENDING committed=10
t=44.859235 node=gpu event=gpu_release_requested op_id=reduce/A:q43/a1/r0 tenant=A units=1 state=SUCCEEDED committed=10
t=44.885394 node=gpu event=gpu_release_requested op_id=reduce/A:q45/a1/r0 tenant=A units=1 state=SUCCEEDED committed=10
t=44.912020 node=gpu event=gpu_started op_id=map/B:b8/a1/s1/g1.125 tenant=B units=1 state=RUNNING committed=10
t=44.938103 node=gpu event=gpu_release_complete op_id=reduce/A:q43/a1/r0 tenant=A units=1 state=SUCCEEDED committed=9
t=44.963984 node=gpu event=gpu_accepted op_id=map/B:b8/a1/s5/g1.129 tenant=B units=1 state=PENDING committed=10
t=45.010852 node=gpu event=gpu_accepted op_id=map/A:q48/a1/s0/g1.130 tenant=A units=1 state=PENDING committed=11
t=45.018052 node=gpu event=gpu_accepted op_id=map/A:q38/a1/s0/g1.131 tenant=A units=1 state=PENDING committed=12
t=45.050224 node=gpu event=gpu_started op_id=map/B:b8/a1/s4/g1.128 tenant=B units=1 state=RUNNING committed=12
t=45.084598 node=gpu event=gpu_started op_id=reduce/B:b7/a1/r1 tenant=B units=1 state=RUNNING committed=12
t=45.117833 node=gpu event=gpu_release_complete op_id=reduce/A:q45/a1/r0 tenant=A units=1 state=SUCCEEDED committed=11
t=45.156098 node=gpu event=gpu_finished op_id=map/A:q47/a1/s0/g1.123 tenant=A units=1 state=SUCCEEDED committed=11
t=45.169518 node=gpu event=gpu_started op_id=map/B:b8/a1/s5/g1.129 tenant=B units=1 state=RUNNING committed=11
t=45.198979 node=gpu event=gpu_finished op_id=map/B:b8/a1/s3/g1.127 tenant=B units=1 state=SUCCEEDED committed=11
t=45.300199 node=gpu event=gpu_accepted op_id=reduce/A:q47/a1/r0 tenant=A units=1 state=PENDING committed=12
t=45.336816 node=gpu event=gpu_release_requested op_id=map/A:q47/a1/s0/g1.123 tenant=A units=1 state=SUCCEEDED committed=12
t=45.354740 node=gpu event=gpu_release_requested op_id=map/B:b8/a1/s3/g1.127 tenant=B units=1 state=SUCCEEDED committed=12
t=45.391396 node=gpu event=gpu_finished op_id=map/B:b8/a1/s0/g1.124 tenant=B units=1 state=SUCCEEDED committed=12
t=45.498018 node=gpu event=gpu_release_complete op_id=map/B:b8/a1/s3/g1.127 tenant=B units=1 state=SUCCEEDED committed=11
t=45.529024 node=gpu event=gpu_release_complete op_id=map/A:q47/a1/s0/g1.123 tenant=A units=1 state=SUCCEEDED committed=10
t=45.549068 node=gpu event=gpu_started op_id=reduce/A:q47/a1/r0 tenant=A units=1 state=RUNNING committed=10
t=45.557597 node=gpu event=gpu_started op_id=map/A:q48/a1/s0/g1.130 tenant=A units=1 state=RUNNING committed=10
t=45.574533 node=gpu event=gpu_accepted op_id=map/A:q46/a1/s0/g1.132 tenant=A units=1 state=PENDING committed=11
t=45.584598 node=gpu event=gpu_finished op_id=reduce/B:b7/a1/r1 tenant=B units=1 state=SUCCEEDED committed=11
t=45.625887 node=gpu event=gpu_started op_id=reduce/A:q42/a1/r0 tenant=A units=1 state=RUNNING committed=11
t=45.691649 node=gpu event=gpu_started op_id=map/A:q38/a1/s0/g1.131 tenant=A units=1 state=RUNNING committed=11
t=45.836630 node=gpu event=gpu_finished op_id=map/B:b8/a1/s2/g1.126 tenant=B units=1 state=SUCCEEDED committed=11
t=45.906249 node=gpu event=gpu_started op_id=map/A:q46/a1/s0/g1.132 tenant=A units=1 state=RUNNING committed=11
t=45.912020 node=gpu event=gpu_finished op_id=map/B:b8/a1/s1/g1.125 tenant=B units=1 state=SUCCEEDED committed=11
t=45.944170 node=gpu event=gpu_release_requested op_id=map/B:b8/a1/s0/g1.124 tenant=B units=1 state=SUCCEEDED committed=11
t=46.049068 node=gpu event=gpu_finished op_id=reduce/A:q47/a1/r0 tenant=A units=1 state=FAILED committed=11
t=46.050224 node=gpu event=gpu_finished op_id=map/B:b8/a1/s4/g1.128 tenant=B units=1 state=FAILED committed=11
t=46.080671 node=gpu event=gpu_release_requested op_id=reduce/A:q47/a1/r0 tenant=A units=1 state=FAILED committed=11
t=46.121716 node=gpu event=gpu_release_requested op_id=map/B:b8/a1/s1/g1.125 tenant=B units=1 state=SUCCEEDED committed=11
t=46.125887 node=gpu event=gpu_finished op_id=reduce/A:q42/a1/r0 tenant=A units=1 state=SUCCEEDED committed=11
t=46.169518 node=gpu event=gpu_finished op_id=map/B:b8/a1/s5/g1.129 tenant=B units=1 state=SUCCEEDED committed=11
t=46.195077 node=gpu event=gpu_release_complete op_id=map/B:b8/a1/s0/g1.124 tenant=B units=1 state=SUCCEEDED committed=10
t=46.264634 node=gpu event=gpu_release_complete op_id=map/B:b8/a1/s1/g1.125 tenant=B units=1 state=SUCCEEDED committed=9
t=46.281165 node=gpu event=gpu_release_complete op_id=reduce/A:q47/a1/r0 tenant=A units=1 state=FAILED committed=8
t=46.302921 node=gpu event=gpu_accepted op_id=reduce/A:q47/a1/r1 tenant=A units=1 state=PENDING committed=9
t=46.318699 node=gpu event=gpu_release_requested op_id=map/B:b8/a1/s2/g1.126 tenant=B units=1 state=SUCCEEDED committed=9
t=46.363021 node=gpu event=gpu_release_requested op_id=map/B:b8/a1/s5/g1.129 tenant=B units=1 state=SUCCEEDED committed=9
t=46.383834 node=gpu event=gpu_release_complete op_id=map/B:b8/a1/s2/g1.126 tenant=B units=1 state=SUCCEEDED committed=8
t=46.402489 node=gpu event=gpu_accepted op_id=map/A:q50/a1/s0/g1.134 tenant=A units=1 state=PENDING committed=9
t=46.492039 node=gpu event=gpu_accepted op_id=map/A:q49/a1/s0/g1.133 tenant=A units=1 state=PENDING committed=10
t=46.516436 node=gpu event=gpu_release_requested op_id=map/B:b8/a1/s4/g1.128 tenant=B units=1 state=FAILED committed=10
t=46.557597 node=gpu event=gpu_finished op_id=map/A:q48/a1/s0/g1.130 tenant=A units=1 state=SUCCEEDED committed=10
t=46.626866 node=gpu event=gpu_started op_id=map/A:q50/a1/s0/g1.134 tenant=A units=1 state=RUNNING committed=10
t=46.642575 node=gpu event=gpu_release_complete op_id=map/B:b8/a1/s5/g1.129 tenant=B units=1 state=SUCCEEDED committed=9
t=46.691649 node=gpu event=gpu_finished op_id=map/A:q38/a1/s0/g1.131 tenant=A units=1 state=SUCCEEDED committed=9
t=46.703400 node=gpu event=gpu_release_complete op_id=map/B:b8/a1/s4/g1.128 tenant=B units=1 state=FAILED committed=8
t=46.839088 node=gpu event=gpu_release_requested op_id=map/A:q48/a1/s0/g1.130 tenant=A units=1 state=SUCCEEDED committed=8
t=46.906249 node=gpu event=gpu_finished op_id=map/A:q46/a1/s0/g1.132 tenant=A units=1 state=SUCCEEDED committed=8
t=46.970689 node=gpu event=gpu_started op_id=reduce/A:q47/a1/r1 tenant=A units=1 state=RUNNING committed=8
t=46.985008 node=gpu event=gpu_accepted op_id=map/B:b8/a1/s4/g1.135 tenant=B units=1 state=PENDING committed=9
t=47.002379 node=gpu event=gpu_accepted op_id=map/A:q51/a1/s0/g1.136 tenant=A units=1 state=PENDING committed=10
t=47.080473 node=gpu event=gpu_started op_id=map/A:q49/a1/s0/g1.133 tenant=A units=1 state=RUNNING committed=10
t=47.083370 node=gpu event=gpu_release_complete op_id=map/A:q48/a1/s0/g1.130 tenant=A units=1 state=SUCCEEDED committed=9
t=47.125839 node=gpu event=gpu_accepted op_id=reduce/A:q46/a1/r0 tenant=A units=1 state=PENDING committed=10
t=47.126026 node=gpu event=gpu_release_requested op_id=map/A:q46/a1/s0/g1.132 tenant=A units=1 state=SUCCEEDED committed=10
t=47.157948 node=gpu event=gpu_release_requested op_id=reduce/B:b7/a1/r1 tenant=B units=1 state=SUCCEEDED committed=10
t=47.292081 node=gpu event=gpu_release_complete op_id=map/A:q46/a1/s0/g1.132 tenant=A units=1 state=SUCCEEDED committed=9
t=47.369336 node=gpu event=gpu_release_complete op_id=reduce/B:b7/a1/r1 tenant=B units=1 state=SUCCEEDED committed=8
t=47.470689 node=gpu event=gpu_finished op_id=reduce/A:q47/a1/r1 tenant=A units=1 state=SUCCEEDED committed=8
t=47.621705 node=gpu event=gpu_release_requested op_id=reduce/A:q42/a1/r0 tenant=A units=1 state=SUCCEEDED committed=8
t=47.626866 node=gpu event=gpu_finished op_id=map/A:q50/a1/s0/g1.134 tenant=A units=1 state=SUCCEEDED committed=8
t=47.629105 node=gpu event=gpu_started op_id=map/A:q51/a1/s0/g1.136 tenant=A units=1 state=RUNNING committed=8
t=47.714922 node=gpu event=gpu_release_complete op_id=reduce/A:q42/a1/r0 tenant=A units=1 state=SUCCEEDED committed=7
t=47.735953 node=gpu event=gpu_started op_id=reduce/A:q46/a1/r0 tenant=A units=1 state=RUNNING committed=7
t=47.749554 node=gpu event=gpu_release_requested op_id=map/A:q50/a1/s0/g1.134 tenant=A units=1 state=SUCCEEDED committed=7
t=47.765568 node=gpu event=gpu_accepted op_id=reduce/A:q50/a1/r0 tenant=A units=1 state=PENDING committed=8
t=47.779307 node=gpu event=gpu_started op_id=map/B:b8/a1/s4/g1.135 tenant=B units=1 state=RUNNING committed=8
t=47.940157 node=gpu event=gpu_release_requested op_id=reduce/A:q47/a1/r1 tenant=A units=1 state=SUCCEEDED committed=8
t=47.981126 node=gpu event=gpu_release_complete op_id=map/A:q50/a1/s0/g1.134 tenant=A units=1 state=SUCCEEDED committed=7
t=48.067955 node=gpu event=gpu_release_complete op_id=reduce/A:q47/a1/r1 tenant=A units=1 state=SUCCEEDED committed=6
t=48.080473 node=gpu event=gpu_finished op_id=map/A:q49/a1/s0/g1.133 tenant=A units=1 state=FAILED committed=6
t=48.203581 node=gpu event=gpu_accepted op_id=map/B:b9/a1/s2/g1.139 tenant=B units=1 state=PENDING committed=7
t=48.203596 node=gpu event=gpu_accepted op_id=map/B:b9/a1/s4/g1.141 tenant=B units=1 state=PENDING committed=8
t=48.204510 node=gpu event=gpu_accepted op_id=map/B:b9/a1/s3/g1.140 tenant=B units=1 state=PENDING committed=9
t=48.207285 node=gpu event=gpu_accepted op_id=map/B:b9/a1/s0/g1.137 tenant=B units=1 state=PENDING committed=10
t=48.207285 node=gpu event=gpu_accepted op_id=map/B:b9/a1/s1/g1.138 tenant=B units=1 state=PENDING committed=11
t=48.235953 node=gpu event=gpu_finished op_id=reduce/A:q46/a1/r0 tenant=A units=1 state=SUCCEEDED committed=11
t=48.314064 node=gpu event=gpu_started op_id=reduce/A:q50/a1/r0 tenant=A units=1 state=RUNNING committed=11
t=48.380519 node=gpu event=gpu_release_requested op_id=map/A:q38/a1/s0/g1.131 tenant=A units=1 state=SUCCEEDED committed=11
t=48.393786 node=gpu event=gpu_release_requested op_id=map/A:q49/a1/s0/g1.133 tenant=A units=1 state=FAILED committed=11
t=48.461572 node=gpu event=gpu_started op_id=map/B:b9/a1/s1/g1.138 tenant=B units=1 state=RUNNING committed=11
t=48.474845 node=gpu event=gpu_release_requested op_id=reduce/A:q46/a1/r0 tenant=A units=1 state=SUCCEEDED committed=11
t=48.552948 node=gpu event=gpu_release_complete op_id=map/A:q49/a1/s0/g1.133 tenant=A units=1 state=FAILED committed=10
t=48.573267 node=gpu event=gpu_started op_id=map/B:b9/a1/s3/g1.140 tenant=B units=1 state=RUNNING committed=10
t=48.624157 node=gpu event=gpu_release_complete op_id=map/A:q38/a1/s0/g1.131 tenant=A units=1 state=SUCCEEDED committed=9
t=48.629105 node=gpu event=gpu_finished op_id=map/A:q51/a1/s0/g1.136 tenant=A units=1 state=SUCCEEDED committed=9
t=48.682365 node=gpu event=gpu_release_complete op_id=reduce/A:q46/a1/r0 tenant=A units=1 state=SUCCEEDED committed=8
t=48.721023 node=gpu event=gpu_accepted op_id=map/B:b9/a1/s5/g1.142 tenant=B units=1 state=PENDING committed=9
t=48.775039 node=gpu event=gpu_started op_id=map/B:b9/a1/s2/g1.139 tenant=B units=1 state=RUNNING committed=9
t=48.779307 node=gpu event=gpu_finished op_id=map/B:b8/a1/s4/g1.135 tenant=B units=1 state=SUCCEEDED committed=9
t=48.804462 node=gpu event=gpu_accepted op_id=map/A:q52/a1/s0/g1.143 tenant=A units=1 state=PENDING committed=10
t=48.814064 node=gpu event=gpu_finished op_id=reduce/A:q50/a1/r0 tenant=A units=1 state=SUCCEEDED committed=10
t=48.839285 node=gpu event=gpu_accepted op_id=reduce/A:q51/a1/r0 tenant=A units=1 state=PENDING committed=11
t=48.869646 node=gpu event=gpu_release_requested op_id=map/A:q51/a1/s0/g1.136 tenant=A units=1 state=SUCCEEDED committed=11
t=48.923695 node=gpu event=gpu_started op_id=map/B:b9/a1/s4/g1.141 tenant=B units=1 state=RUNNING committed=11
t=48.932677 node=gpu event=gpu_release_requested op_id=reduce/A:q50/a1/r0 tenant=A units=1 state=SUCCEEDED committed=11
t=48.938716 node=gpu event=gpu_accepted op_id=map/B:b9/a1/s5/g1.144 tenant=B units=1 state=PENDING committed=12
t=48.968731 node=gpu event=gpu_started op_id=map/B:b9/a1/s0/g1.137 tenant=B units=1 state=RUNNING committed=12
t=49.036525 node=gpu event=gpu_release_complete op_id=map/A:q51/a1/s0/g1.136 tenant=A units=1 state=SUCCEEDED committed=11
t=49.041002 node=gpu event=gpu_accepted op_id=map/A:q49/a1/s0/g1.145 tenant=A units=1 state=PENDING committed=12
t=49.147953 node=gpu event=gpu_release_complete op_id=reduce/A:q50/a1/r0 tenant=A units=1 state=SUCCEEDED committed=11
t=49.158265 node=gpu event=gpu_accepted op_id=reduce/B:b8/a1/r0 tenant=B units=1 state=PENDING committed=12
t=49.198619 node=gpu event=gpu_release_requested op_id=map/B:b8/a1/s4/g1.135 tenant=B units=1 state=SUCCEEDED committed=12
t=49.250901 node=gpu event=gpu_release_complete op_id=map/B:b8/a1/s4/g1.135 tenant=B units=1 state=SUCCEEDED committed=11
t=49.250920 node=gpu event=gpu_started op_id=reduce/A:q51/a1/r0 tenant=A units=1 state=RUNNING committed=11
t=49.294354 node=gpu event=gpu_accepted op_id=map/A:q53/a1/s0/g1.146 tenant=A units=1 state=PENDING committed=12
t=49.383534 node=gpu event=gpu_started op_id=reduce/B:b8/a1/r0 tenant=B units=1 state=RUNNING committed=12
t=49.385183 node=gpu event=gpu_cancelled op_id=map/B:b9/a1/s5/g1.142 tenant=B units=1 state=CANCELLED committed=12
t=49.404755 node=gpu event=gpu_release_requested op_id=map/B:b9/a1/s5/g1.142 tenant=B units=1 state=CANCELLED committed=12
t=49.429125 node=gpu event=gpu_started op_id=map/B:b9/a1/s5/g1.144 tenant=B units=1 state=RUNNING committed=12
t=49.461572 node=gpu event=gpu_finished op_id=map/B:b9/a1/s1/g1.138 tenant=B units=1 state=SUCCEEDED committed=12
t=49.568824 node=gpu event=gpu_started op_id=map/A:q52/a1/s0/g1.143 tenant=A units=1 state=RUNNING committed=12
t=49.573267 node=gpu event=gpu_finished op_id=map/B:b9/a1/s3/g1.140 tenant=B units=1 state=SUCCEEDED committed=12
t=49.656812 node=gpu event=gpu_release_requested op_id=map/B:b9/a1/s1/g1.138 tenant=B units=1 state=SUCCEEDED committed=12
t=49.663188 node=gpu event=gpu_release_complete op_id=map/B:b9/a1/s5/g1.142 tenant=B units=1 state=CANCELLED committed=11
t=49.685731 node=gpu event=gpu_started op_id=map/A:q53/a1/s0/g1.146 tenant=A units=1 state=RUNNING committed=11
t=49.686354 node=gpu event=gpu_started op_id=map/A:q49/a1/s0/g1.145 tenant=A units=1 state=RUNNING committed=11
t=49.750920 node=gpu event=gpu_finished op_id=reduce/A:q51/a1/r0 tenant=A units=1 state=FAILED committed=11
t=49.775039 node=gpu event=gpu_finished op_id=map/B:b9/a1/s2/g1.139 tenant=B units=1 state=SUCCEEDED committed=11
t=49.806553 node=gpu event=gpu_release_requested op_id=reduce/A:q51/a1/r0 tenant=A units=1 state=FAILED committed=11
t=49.881054 node=gpu event=gpu_release_complete op_id=map/B:b9/a1/s1/g1.138 tenant=B units=1 state=SUCCEEDED committed=10
t=49.883534 node=gpu event=gpu_finished op_id=reduce/B:b8/a1/r0 tenant=B units=1 state=SUCCEEDED committed=10
t=49.923695 node=gpu event=gpu_finished op_id=map/B:b9/a1/s4/g1.141 tenant=B units=1 state=SUCCEEDED committed=10
t=49.930521 node=gpu event=gpu_release_requested op_id=map/B:b9/a1/s3/g1.140 tenant=B units=1 state=SUCCEEDED committed=10
t=49.968731 node=gpu event=gpu_finished op_id=map/B:b9/a1/s0/g1.137 tenant=B units=1 state=SUCCEEDED committed=10
t=49.991642 node=gpu event=gpu_release_requested op_id=map/B:b9/a1/s0/g1.137 tenant=B units=1 state=SUCCEEDED committed=10
t=50.033648 node=gpu event=gpu_release_complete op_id=reduce/A:q51/a1/r0 tenant=A units=1 state=FAILED committed=9
t=50.072614 node=gpu event=gpu_release_complete op_id=map/B:b9/a1/s0/g1.137 tenant=B units=1 state=SUCCEEDED committed=8
t=50.090290 node=gpu event=gpu_release_complete op_id=map/B:b9/a1/s3/g1.140 tenant=B units=1 state=SUCCEEDED committed=7
t=50.098968 node=gpu event=gpu_release_requested op_id=map/B:b9/a1/s4/g1.141 tenant=B units=1 state=SUCCEEDED committed=7
t=50.230568 node=gpu event=gpu_release_requested op_id=map/B:b9/a1/s2/g1.139 tenant=B units=1 state=SUCCEEDED committed=7
t=50.351137 node=gpu event=gpu_release_complete op_id=map/B:b9/a1/s4/g1.141 tenant=B units=1 state=SUCCEEDED committed=6
t=50.377033 node=gpu event=gpu_release_requested op_id=reduce/B:b8/a1/r0 tenant=B units=1 state=SUCCEEDED committed=6
t=50.429125 node=gpu event=gpu_finished op_id=map/B:b9/a1/s5/g1.144 tenant=B units=1 state=SUCCEEDED committed=6
t=50.466816 node=gpu event=gpu_release_requested op_id=map/B:b9/a1/s5/g1.144 tenant=B units=1 state=SUCCEEDED committed=6
t=50.468182 node=gpu event=gpu_accepted op_id=reduce/A:q51/a1/r1 tenant=A units=1 state=PENDING committed=7
t=50.468182 node=gpu event=gpu_accepted op_id=reduce/B:b9/a1/r0 tenant=B units=1 state=PENDING committed=8
t=50.470893 node=gpu event=gpu_release_complete op_id=map/B:b9/a1/s2/g1.139 tenant=B units=1 state=SUCCEEDED committed=7
t=50.482476 node=gpu event=gpu_release_complete op_id=reduce/B:b8/a1/r0 tenant=B units=1 state=SUCCEEDED committed=6
t=50.514961 node=gpu event=gpu_accepted op_id=map/A:q54/a1/s0/g1.147 tenant=A units=1 state=PENDING committed=7
t=50.568824 node=gpu event=gpu_finished op_id=map/A:q52/a1/s0/g1.143 tenant=A units=1 state=SUCCEEDED committed=7
t=50.589163 node=gpu event=gpu_release_complete op_id=map/B:b9/a1/s5/g1.144 tenant=B units=1 state=SUCCEEDED committed=6
t=50.685731 node=gpu event=gpu_finished op_id=map/A:q53/a1/s0/g1.146 tenant=A units=1 state=SUCCEEDED committed=6
t=50.686354 node=gpu event=gpu_finished op_id=map/A:q49/a1/s0/g1.145 tenant=A units=1 state=SUCCEEDED committed=6
t=50.730433 node=gpu event=gpu_accepted op_id=reduce/A:q53/a1/r0 tenant=A units=1 state=PENDING committed=7
t=50.806966 node=gpu event=gpu_release_requested op_id=map/A:q53/a1/s0/g1.146 tenant=A units=1 state=SUCCEEDED committed=7
t=50.819340 node=gpu event=gpu_started op_id=reduce/B:b9/a1/r0 tenant=B units=1 state=RUNNING committed=7
t=50.826733 node=gpu event=gpu_accepted op_id=map/A:q55/a1/s0/g1.148 tenant=A units=1 state=PENDING committed=8
t=50.893597 node=gpu event=gpu_accepted op_id=reduce/A:q49/a1/r0 tenant=A units=1 state=PENDING committed=9
t=50.906767 node=gpu event=gpu_accepted op_id=reduce/A:q52/a1/r0 tenant=A units=1 state=PENDING committed=10
t=50.928893 node=gpu event=gpu_started op_id=map/A:q54/a1/s0/g1.147 tenant=A units=1 state=RUNNING committed=10
t=50.931812 node=gpu event=gpu_release_requested op_id=map/A:q52/a1/s0/g1.143 tenant=A units=1 state=SUCCEEDED committed=10
t=51.065024 node=gpu event=gpu_release_complete op_id=map/A:q53/a1/s0/g1.146 tenant=A units=1 state=SUCCEEDED committed=9
t=51.069896 node=gpu event=gpu_started op_id=reduce/A:q53/a1/r0 tenant=A units=1 state=RUNNING committed=9
t=51.104900 node=gpu event=gpu_release_requested op_id=map/A:q49/a1/s0/g1.145 tenant=A units=1 state=SUCCEEDED committed=9
t=51.148053 node=gpu event=gpu_started op_id=reduce/A:q49/a1/r0 tenant=A units=1 state=RUNNING committed=9
t=51.188303 node=gpu event=gpu_started op_id=reduce/A:q52/a1/r0 tenant=A units=1 state=RUNNING committed=9
t=51.229730 node=gpu event=gpu_release_complete op_id=map/A:q52/a1/s0/g1.143 tenant=A units=1 state=SUCCEEDED committed=8
t=51.244289 node=gpu event=gpu_started op_id=reduce/A:q51/a1/r1 tenant=A units=1 state=RUNNING committed=8
t=51.319340 node=gpu event=gpu_finished op_id=reduce/B:b9/a1/r0 tenant=B units=1 state=SUCCEEDED committed=8
t=51.394895 node=gpu event=gpu_release_complete op_id=map/A:q49/a1/s0/g1.145 tenant=A units=1 state=SUCCEEDED committed=7
t=51.456925 node=gpu event=gpu_started op_id=map/A:q55/a1/s0/g1.148 tenant=A units=1 state=RUNNING committed=7
t=51.556922 node=gpu event=gpu_release_requested op_id=reduce/B:b9/a1/r0 tenant=B units=1 state=SUCCEEDED committed=7
t=51.569896 node=gpu event=gpu_finished op_id=reduce/A:q53/a1/r0 tenant=A units=1 state=SUCCEEDED committed=7
t=51.602980 node=gpu event=gpu_release_requested op_id=reduce/A:q53/a1/r0 tenant=A units=1 state=SUCCEEDED committed=7
t=51.648053 node=gpu event=gpu_finished op_id=reduce/A:q49/a1/r0 tenant=A units=1 state=SUCCEEDED committed=7
t=51.688303 node=gpu event=gpu_finished op_id=reduce/A:q52/a1/r0 tenant=A units=1 state=SUCCEEDED committed=7
t=51.742505 node=gpu event=gpu_release_requested op_id=reduce/A:q49/a1/r0 tenant=A units=1 state=SUCCEEDED committed=7
t=51.744289 node=gpu event=gpu_finished op_id=reduce/A:q51/a1/r1 tenant=A units=1 state=SUCCEEDED committed=7
t=51.803428 node=gpu event=gpu_release_complete op_id=reduce/A:q49/a1/r0 tenant=A units=1 state=SUCCEEDED committed=6
t=51.821522 node=gpu event=gpu_release_complete op_id=reduce/A:q53/a1/r0 tenant=A units=1 state=SUCCEEDED committed=5
t=51.833261 node=gpu event=gpu_release_complete op_id=reduce/B:b9/a1/r0 tenant=B units=1 state=SUCCEEDED committed=4
t=51.928893 node=gpu event=gpu_finished op_id=map/A:q54/a1/s0/g1.147 tenant=A units=1 state=SUCCEEDED committed=4
t=52.068626 node=gpu event=gpu_release_requested op_id=reduce/A:q51/a1/r1 tenant=A units=1 state=SUCCEEDED committed=4
t=52.166899 node=gpu event=gpu_release_complete op_id=reduce/A:q51/a1/r1 tenant=A units=1 state=SUCCEEDED committed=3
t=52.411943 node=gpu event=gpu_accepted op_id=map/A:q57/a1/s0/g1.150 tenant=A units=1 state=PENDING committed=4
t=52.456925 node=gpu event=gpu_finished op_id=map/A:q55/a1/s0/g1.148 tenant=A units=1 state=SUCCEEDED committed=4
t=52.658835 node=gpu event=gpu_accepted op_id=reduce/A:q55/a1/r0 tenant=A units=1 state=PENDING committed=5
t=52.772506 node=gpu event=gpu_started op_id=map/A:q57/a1/s0/g1.150 tenant=A units=1 state=RUNNING committed=5
t=52.969809 node=gpu event=gpu_release_requested op_id=reduce/A:q52/a1/r0 tenant=A units=1 state=SUCCEEDED committed=5
t=52.969809 node=gpu event=gpu_accepted op_id=reduce/A:q54/a1/r0 tenant=A units=1 state=PENDING committed=6
t=52.979572 node=gpu event=gpu_release_requested op_id=map/A:q54/a1/s0/g1.147 tenant=A units=1 state=SUCCEEDED committed=6
t=53.015280 node=gpu event=gpu_release_requested op_id=map/A:q55/a1/s0/g1.148 tenant=A units=1 state=SUCCEEDED committed=6
t=53.073848 node=gpu event=gpu_release_complete op_id=map/A:q54/a1/s0/g1.147 tenant=A units=1 state=SUCCEEDED committed=5
t=53.078414 node=gpu event=gpu_release_complete op_id=reduce/A:q52/a1/r0 tenant=A units=1 state=SUCCEEDED committed=4
t=53.172072 node=gpu event=gpu_started op_id=reduce/A:q55/a1/r0 tenant=A units=1 state=RUNNING committed=4
t=53.228634 node=gpu event=gpu_started op_id=reduce/A:q54/a1/r0 tenant=A units=1 state=RUNNING committed=4
t=53.264466 node=gpu event=gpu_release_complete op_id=map/A:q55/a1/s0/g1.148 tenant=A units=1 state=SUCCEEDED committed=3
t=53.672072 node=gpu event=gpu_finished op_id=reduce/A:q55/a1/r0 tenant=A units=1 state=SUCCEEDED committed=3
t=53.728634 node=gpu event=gpu_finished op_id=reduce/A:q54/a1/r0 tenant=A units=1 state=SUCCEEDED committed=3
t=53.772506 node=gpu event=gpu_finished op_id=map/A:q57/a1/s0/g1.150 tenant=A units=1 state=SUCCEEDED committed=3
t=53.862780 node=gpu event=gpu_release_requested op_id=reduce/A:q55/a1/r0 tenant=A units=1 state=SUCCEEDED committed=3
t=53.923172 node=gpu event=gpu_accepted op_id=reduce/A:q57/a1/r0 tenant=A units=1 state=PENDING committed=4
t=54.029131 node=gpu event=gpu_release_requested op_id=map/A:q57/a1/s0/g1.150 tenant=A units=1 state=SUCCEEDED committed=4
t=54.082840 node=gpu event=gpu_release_requested op_id=reduce/A:q54/a1/r0 tenant=A units=1 state=SUCCEEDED committed=4
t=54.103214 node=gpu event=gpu_release_complete op_id=reduce/A:q55/a1/r0 tenant=A units=1 state=SUCCEEDED committed=3
t=54.192504 node=gpu event=gpu_release_complete op_id=map/A:q57/a1/s0/g1.150 tenant=A units=1 state=SUCCEEDED committed=2
t=54.203497 node=gpu event=gpu_started op_id=reduce/A:q57/a1/r0 tenant=A units=1 state=RUNNING committed=2
t=54.290192 node=gpu event=gpu_release_complete op_id=reduce/A:q54/a1/r0 tenant=A units=1 state=SUCCEEDED committed=1
t=54.506583 node=gpu event=gpu_accepted op_id=map/A:q59/a1/s0/g1.153 tenant=A units=1 state=PENDING committed=2
t=54.703497 node=gpu event=gpu_finished op_id=reduce/A:q57/a1/r0 tenant=A units=1 state=SUCCEEDED committed=2
t=54.898444 node=gpu event=gpu_release_requested op_id=reduce/A:q57/a1/r0 tenant=A units=1 state=SUCCEEDED committed=2
t=54.955968 node=gpu event=gpu_release_complete op_id=reduce/A:q57/a1/r0 tenant=A units=1 state=SUCCEEDED committed=1
t=55.193128 node=gpu event=gpu_started op_id=map/A:q59/a1/s0/g1.153 tenant=A units=1 state=RUNNING committed=1
t=55.916104 node=gpu event=gpu_accepted op_id=map/A:q56/a1/s0/g1.155 tenant=A units=1 state=PENDING committed=2
t=55.985181 node=gpu event=gpu_accepted op_id=map/A:q58/a1/s0/g1.154 tenant=A units=1 state=PENDING committed=3
t=56.193128 node=gpu event=gpu_finished op_id=map/A:q59/a1/s0/g1.153 tenant=A units=1 state=SUCCEEDED committed=3
t=56.243505 node=gpu event=gpu_started op_id=map/A:q58/a1/s0/g1.154 tenant=A units=1 state=RUNNING committed=3
t=56.293301 node=gpu event=gpu_accepted op_id=reduce/A:q59/a1/r0 tenant=A units=1 state=PENDING committed=4
t=56.316012 node=gpu event=gpu_release_requested op_id=map/A:q59/a1/s0/g1.153 tenant=A units=1 state=SUCCEEDED committed=4
t=56.380778 node=gpu event=gpu_release_complete op_id=map/A:q59/a1/s0/g1.153 tenant=A units=1 state=SUCCEEDED committed=3
t=56.560460 node=gpu event=gpu_started op_id=reduce/A:q59/a1/r0 tenant=A units=1 state=RUNNING committed=3
t=56.687363 node=gpu event=gpu_started op_id=map/A:q56/a1/s0/g1.155 tenant=A units=1 state=RUNNING committed=3
t=57.060460 node=gpu event=gpu_finished op_id=reduce/A:q59/a1/r0 tenant=A units=1 state=SUCCEEDED committed=3
t=57.243505 node=gpu event=gpu_finished op_id=map/A:q58/a1/s0/g1.154 tenant=A units=1 state=SUCCEEDED committed=3
t=57.264426 node=gpu event=gpu_release_requested op_id=reduce/A:q59/a1/r0 tenant=A units=1 state=SUCCEEDED committed=3
t=57.434516 node=gpu event=gpu_release_complete op_id=reduce/A:q59/a1/r0 tenant=A units=1 state=SUCCEEDED committed=2
t=57.626030 node=gpu event=gpu_accepted op_id=reduce/A:q58/a1/r0 tenant=A units=1 state=PENDING committed=3
t=57.687363 node=gpu event=gpu_finished op_id=map/A:q56/a1/s0/g1.155 tenant=A units=1 state=SUCCEEDED committed=3
t=57.690859 node=gpu event=gpu_release_requested op_id=map/A:q58/a1/s0/g1.154 tenant=A units=1 state=SUCCEEDED committed=3
t=57.762277 node=gpu event=gpu_accepted op_id=reduce/A:q56/a1/r0 tenant=A units=1 state=PENDING committed=4
t=57.781773 node=gpu event=gpu_release_requested op_id=map/A:q56/a1/s0/g1.155 tenant=A units=1 state=SUCCEEDED committed=4
t=57.839713 node=gpu event=gpu_release_complete op_id=map/A:q58/a1/s0/g1.154 tenant=A units=1 state=SUCCEEDED committed=3
t=57.975815 node=gpu event=gpu_release_complete op_id=map/A:q56/a1/s0/g1.155 tenant=A units=1 state=SUCCEEDED committed=2
t=57.978515 node=gpu event=gpu_started op_id=reduce/A:q56/a1/r0 tenant=A units=1 state=RUNNING committed=2
t=58.336087 node=gpu event=gpu_started op_id=reduce/A:q58/a1/r0 tenant=A units=1 state=RUNNING committed=2
t=58.478515 node=gpu event=gpu_finished op_id=reduce/A:q56/a1/r0 tenant=A units=1 state=SUCCEEDED committed=2
t=58.836087 node=gpu event=gpu_finished op_id=reduce/A:q58/a1/r0 tenant=A units=1 state=SUCCEEDED committed=2
t=59.052153 node=gpu event=gpu_release_requested op_id=reduce/A:q58/a1/r0 tenant=A units=1 state=SUCCEEDED committed=2
t=59.325026 node=gpu event=gpu_release_complete op_id=reduce/A:q58/a1/r0 tenant=A units=1 state=SUCCEEDED committed=1
t=61.073052 node=gpu event=gpu_release_requested op_id=reduce/A:q56/a1/r0 tenant=A units=1 state=SUCCEEDED committed=1
t=61.279967 node=gpu event=gpu_release_complete op_id=reduce/A:q56/a1/r0 tenant=A units=1 state=SUCCEEDED committed=0
